id,author,author_name,authors_all,year,title,title_original,type,venue,publisher,vol_issue,pages,lang,doi,url,reissue,file,license,confidence
lee-yonghee-8c3e7eb5,lee-yonghee,이용희,洪日陞; 李用熙(延禧專門); 申龜鉉; 金容泰; 崔載瑞; 張克洙; 申辰淳; 劉錦珠,1940,特輯 : 專門大學 學生座談會,,좌담,人文評論(人文社),人文評論(人文社),2권 5호,100면부터 10면,ko,,https://www.nl.go.kr/NL/contents/search.do#viewKey=CNTS-00133123582&viewType=C&category=%EA%B8%B0%EC%82%AC,전집 미수록,,,확인
lee-yonghee-ca602dce,lee-yonghee,이용희,이동주(이용희),1947,단일민족주의국가와 다민족주의국가,,기고,新天地(서울신문사),新天地(서울신문사),2권 5호,,ko,,https://www.kci.go.kr/kciportal/ci/sereArticleSearch/ciSereArtiView.kci?sereArticleSearchBean.artiId=ART002228998,『동주 이용희 전집』 2권 「단일민족주의국가와 다민족주의국가」 재수록,,,확인
lee-yonghee-4291e4eb,lee-yonghee,이용희,李東洲(이용희),1947,두 個의 中國과 朝鮮의 將來,,기고,新天地(서울신문사),新天地(서울신문사),2권 2호(1947년 2월호),10면부터 19면,ko,,https://www.nl.go.kr/NL/contents/search.do#viewKey=CNTS-00133027687&viewType=C&category=%EA%B8%B0%EC%82%AC,『동주 이용희 전집』 4권 「두 개의 중국과 한국의 장래」 재수록,,,확인
lee-yonghee-6a3b5bc9,lee-yonghee,이용희,이동주(이용희); 정현웅(사회); 박기준; 설국환; 이갑섭 외,1948,(좌담회) 세계는 어디로 가나,,좌담,新天地(서울신문사),新天地(서울신문사),제3권 제8호,5-15,ko,,https://www.kci.go.kr/kciportal/ci/sereArticleSearch/ciSereArtiView.kci?sereArticleSearchBean.artiId=ART002305866,전집 미수록,,,확인
lee-yonghee-7ac527ac,lee-yonghee,이용희,이동주(이용희),1948,미국의 결의와 평화의 상실,,기고,新天地(서울신문사),新天地(서울신문사),3권 4호,,ko,,https://www.kci.go.kr/kciportal/ci/sereArticleSearch/ciSereArtiView.kci?sereArticleSearchBean.artiId=ART002228998,『동주 이용희 전집』 4권 「미국의 결의와 평화의 상실」 재수록,,,확인
lee-yonghee-04c780f2,lee-yonghee,이용희,이용희,1948,전쟁으로 가는 길,,기고,新天地(서울신문사),新天地(서울신문사),1948년 9월호(권호 미확인),,ko,,https://www.kci.go.kr/kciportal/ci/sereArticleSearch/ciSereArtiView.kci?sereArticleSearchBean.artiId=ART002305866,『동주 이용희 전집』 4권 「전쟁으로 가는 길」 재수록,,,확인
lee-yonghee-e0b3a185,lee-yonghee,이용희,李東洲(이용희),1949,美國極東政策의 變貌,,기고,民聲(高麗文化社),民聲(高麗文化社),제5권 4호(1949년 3월),14-19,ko,,https://www.nl.go.kr/NL/contents/search.do#viewKey=CNTS-00048049188&viewType=C&category=%EA%B8%B0%EC%82%AC,『동주 이용희 전집』 4권 「미국 극동정책의 변모」 재수록,,,확인
lee-yonghee-6b8131df,lee-yonghee,이용희,이용희,1950,세력균형과 국제연합,,논문,學風,學風,2권 9호,,ko,,https://www.kci.go.kr/kciportal/ci/sereArticleSearch/ciSereArtiView.kci?sereArticleSearchBean.artiId=ART002228998,『동주 이용희 전집』 6권 「세력균형과 국제연합」 재수록,,,확인
lee-yonghee-bad49dd9,lee-yonghee,이용희,이용희,1954,시와 정치적 환경,,기고,文理大學報(서울대학교 문리과대학),文理大學報(서울대학교 문리과대학),1954년 9월호,,ko,,https://www.kci.go.kr/kciportal/ci/sereArticleSearch/ciSereArtiView.kci?sereArticleSearchBean.artiId=ART002228998,『동주 이용희 전집』 6권 「시와 정치적 환경: 시신(詩神)의 허망한 파트롱」 재수록,,,확인
lee-yonghee-ac3d9f2b,lee-yonghee,이용희,이용희,1955,38선 획정의 시비,,기고,朝鮮日報,朝鮮日報,1955년 1월 26일자,,ko,,https://www.kci.go.kr/kciportal/ci/sereArticleSearch/ciSereArtiView.kci?sereArticleSearchBean.artiId=ART002305866,『동주 이용희 전집』 4권 「38선 획정의 시비」 재수록,,,확인
lee-yonghee-e5887116,lee-yonghee,이용희,李東洲(=李用熙),1955,國際政治原論,,저서,章旺社,章旺社,,"4, 392, 10 p. ; 21 cm",ko,,https://www.riss.kr/search/detail/DetailView.do?p_mat_type=d7345961987b50bf&control_no=e079276bc6466238,『동주 이용희 전집』 1권 재수록,,,확인
lee-yonghee-4962e83c,lee-yonghee,이용희,李用熙,1957,勢力均衡과 國際聯合 ; 縱橫家雜攷 ; 政治思想史 硏究,,기타,서울大學校 文理科大學,서울大學校 文理科大學,,1책(면수복잡) ; 21 cm,ko,,https://www.riss.kr/search/detail/DetailView.do?p_mat_type=d7345961987b50bf&control_no=cd2705c662bb506a,『동주 이용희 전집』 6권 「종횡가잡고」 재수록,,,확인
lee-yonghee-4c86549b,lee-yonghee,이용희,이용희,1957,대립과 통합 — 영구평화의 문제,,기고,思想界,思想界,5권 4호,,ko,,https://www.kci.go.kr/kciportal/ci/sereArticleSearch/ciSereArtiView.kci?sereArticleSearchBean.artiId=ART002228998,『동주 이용희 전집』 6권 「영구평화론: 대립과 통합」 재수록,,,확인
lee-yonghee-ed1751b5,lee-yonghee,이용희,李用熙,1958,政治學이라는 學問 : 그 現狀에 관한 짧은 엣세이,,논문,政治學報(서울대학교 문리과대학 정치학과),政治學報(서울대학교 문리과대학 정치학과),제3호(1958년 3월),12면부터 7면,ko,,https://www.nl.go.kr/NL/contents/search.do#viewKey=CNTS-00133537287&viewType=C&category=%EA%B8%B0%EC%82%AC,『동주 이용희 전집』 6권 「정치학이라는 학문: 그 현상에 관한 짧은 에세이」 재수록,,,확인
lee-yonghee-1ac71880,lee-yonghee,이용희,李用熙,1958,政治와 政治思想,,저서,一潮閣,一潮閣,,,ko,,https://www.nl.go.kr/NL/contents/search.do?pageNum=1&pageSize=50&srchTarget=total&kwd=%EC%9D%B4%EC%9A%A9%ED%9D%AC%20%EC%A0%95%EC%B9%98%EC%99%80%20%EC%A0%95%EC%B9%98%EC%82%AC%EC%83%81#viewKey=26075&viewType=AH1&category=%EB%8F%84%EC%84%9C,,,,확인
lee-yonghee-2082ec16,lee-yonghee,이용희,李用熙; 孫製錫,1958,論說 : 共同硏究 : 유·엔 拒否權 問題와 그 將來,,기고,思潮(思潮社),思潮(思潮社),제1권 제3호(1958년 8월),148면부터 9면,ko,,https://www.nl.go.kr/NL/contents/search.do#viewKey=CNTS-00131027773&viewType=C&category=%EA%B8%B0%EC%82%AC,『동주 이용희 전집』 4권 「유엔거부권 문제와 그 장래」 재수록,,,확인
lee-yonghee-a988c3eb,lee-yonghee,이용희,이용희(李用熙),1961,意志型이 돼야한다,,기고,동아일보,동아일보,1961-01-31 (4면),4면,ko,,https://newslibrary.naver.com/viewer/index.naver?articleId=1961013100209204003&editNo=2&printCount=1&publishDate=1961-01-31&officeId=00020&pageNo=4&printNo=11988&publishType=00020,『동주 이용희 전집』 6권 「의지형이 되어야 한다」 재수록,,,확인
lee-yonghee-09dada1a,lee-yonghee,이용희,李用熙,1962,一般國際政治學 (上),,저서,博英社,博英社,,2冊 ; 21cm,ko,,https://www.riss.kr/search/detail/DetailView.do?p_mat_type=d7345961987b50bf&control_no=af9fc35c493747f9ffe0bdc3ef48d419,『동주 이용희 전집』 3권 재수록,,,확인
lee-yonghee-37c314f5,lee-yonghee,이용희,이용희(李用熙),1962,國民은다同情 李用熙씨談(서울大文理大敎授),,기고,동아일보,동아일보,1962-06-07 (1면),1면,ko,,https://newslibrary.naver.com/viewer/index.naver?articleId=1962060700209201030&editNo=2&printCount=1&publishDate=1962-06-07&officeId=00020&pageNo=1&printNo=12480&publishType=00020,전집 미수록,,,확인
lee-yonghee-f779fb54,lee-yonghee,이용희,이용희,1963,類型的 意味에 있어서의 國際政治 및 그 學問의 歷史的 性格과 近代유럽 秩序와의 關聯에 關한 理論的 및 歷史的 硏究,,학위논문,서울大學校 大學院 정치학교실,서울大學校 大學院 정치학교실,,1책(면수복잡),ko,,https://www.riss.kr/search/detail/DetailView.do?p_mat_type=be54d9b8bc7cdb09&control_no=5a8e05f6387a09a1,전집 미수록,,,확인
kim-yongkoo-2e2f3e50,kim-yongkoo,김용구,김용구,1964,J. J. Rousseau의 平和思想 : 國家聯合思想을 中心하여,,학위논문,김용구,서울大學校大學院,,,ko,,https://www.riss.kr/search/detail/DetailView.do?p_mat_type=be54d9b8bc7cdb09&control_no=614b5c8b633fc013,,,,확인
lee-yonghee-33f9bbbb,lee-yonghee,이용희,이용희(李用熙),1964,韓国에의 外交的挑战 暴風前夜의 고요속에 있는 韓国의 座標,,기고,경향신문,경향신문,1964-10-31 (4면),4면,ko,,https://newslibrary.naver.com/viewer/index.naver?articleId=1964103100329204001&editNo=2&printCount=1&publishDate=1964-10-31&officeId=00032&pageNo=4&printNo=5857&publishType=00020,『동주 이용희 전집』 4권 「한국에의 외교적 도전」 재수록,,,확인
lee-yonghee-82fe8d6d,lee-yonghee,이용희,이용희,1964,거문도점령외교종고(巨文島占領外交綜攷),,장(章),『李相佰博士回甲紀念論叢』,,,,ko,,https://encykorea.aks.ac.kr/Article/E0001825,,,,확인
kim-yongkoo-8ae73701,kim-yongkoo,김용구,金容九,1965,傳統과 現代性,,저서,,春秋社,,,ja,,https://cir.nii.ac.jp/crid/1971430859762087581,,,,미정
lee-yonghee-b7676812,lee-yonghee,이용희,이용희,1965,38선 획정 신고(新考),,논문,亞細亞學報,亞細亞學報,제1집,,ko,,https://www.kci.go.kr/kciportal/ci/sereArticleSearch/ciSereArtiView.kci?sereArticleSearchBean.artiId=ART002305866,『동주 이용희 전집』 4권 「38선 획정 신고」 재수록,,,확인
lee-yonghee-da35cf71,lee-yonghee,이용희,이용희(李用熙),1965,「소피아 로렌」의 눈,,기고,조선일보,조선일보,1965-02-25 (5면),5면,ko,,https://newslibrary.naver.com/viewer/index.naver?articleId=1965022500239105002&editNo=1&printCount=1&publishDate=1965-02-25&officeId=00023&pageNo=5&printNo=13486&publishType=00010,전집 미수록,,,확인
lee-yonghee-222396a5,lee-yonghee,이용희,이용희(李用熙),1965,今次総會와 韓國問題,,기고,경향신문,경향신문,1965-09-18 (4면),4면,ko,,https://newslibrary.naver.com/viewer/index.naver?articleId=1965091800329204005&editNo=2&printCount=1&publishDate=1965-09-18&officeId=00032&pageNo=4&printNo=6130&publishType=00020,『동주 이용희 전집』 4권 「금차총회와 한국문제」 재수록,,,확인
lee-yonghee-e2632126,lee-yonghee,이용희,이용희,1965,座談會 韓國의近代化와 「내셔널리즘」,,좌담,경향신문,경향신문,1965-01-01 (7면),7면,ko,,https://newslibrary.naver.com/viewer/index.naver?articleId=1965010100329207001&editNo=2&printCount=1&publishDate=1965-01-01&officeId=00032&pageNo=7&printNo=5909&publishType=00020,,,,확인
lee-yonghee-22583458,lee-yonghee,이용희,이용희(李用熙),1965,惡童文學,,기고,조선일보,조선일보,1965-03-30 (5면),5면,ko,,https://newslibrary.naver.com/viewer/index.naver?articleId=1965033000239105002&editNo=1&printCount=1&publishDate=1965-03-30&officeId=00023&pageNo=5&printNo=13514&publishType=00010,전집 미수록,,,확인
lee-yonghee-d67cc3c8,lee-yonghee,이용희,이용희; 조효원; 조순승,1965,남북분단의 전말서 : 38선 획정의 시비문제,,기고,靑脈(靑脈社),靑脈(靑脈社),제2권 제7호(1965년 8월호),66-77,ko,,https://www.kci.go.kr/kciportal/ci/sereArticleSearch/ciSereArtiView.kci?sereArticleSearchBean.artiId=ART002305866,『동주 이용희 전집』 4권 「38선 획정의 시비」 재수록,,,확인
lee-yonghee-081d8b2e,lee-yonghee,이용희,이용희,1965,내가 아끼는 책『抽象과 感情移入』李用熙 교수,,좌담,경향신문,경향신문,1965-02-17 (5면),5면,ko,,https://newslibrary.naver.com/viewer/index.naver?articleId=1965021700329205001&editNo=2&printCount=1&publishDate=1965-02-17&officeId=00032&pageNo=5&printNo=5948&publishType=00020,전집 미수록,,,확인
lee-yonghee-dcd03f25,lee-yonghee,이용희,이용희(李用熙),1965,이런것을 바란다,,기고,조선일보,조선일보,1965-03-05 (11면),11면,ko,,https://newslibrary.naver.com/viewer/index.naver?articleId=1965030500239111001&editNo=1&printCount=1&publishDate=1965-03-05&officeId=00023&pageNo=11&printNo=13493&publishType=00010,전집 미수록,,,확인
lee-yonghee-91a24a0a,lee-yonghee,이용희,이용희,1966,対談 朴鍾鴻 敎授 李用熙 敎授 亜細亜속의 韓国의 將來,,좌담,경향신문,경향신문,1966-01-01 (8면),8면,ko,,https://newslibrary.naver.com/viewer/index.naver?articleId=1966010100329208006&editNo=2&printCount=1&publishDate=1966-01-01&officeId=00032&pageNo=8&printNo=6219&publishType=00020,전집 미수록,,,확인
lee-yonghee-b7a11eec,lee-yonghee,이용희,이용희(李用熙),1966,政治의 앞날을 위하여,,기고,경향신문,경향신문,1966-10-06 (9면),9면,ko,,https://newslibrary.naver.com/viewer/index.naver?articleId=1966100600329209001&editNo=2&printCount=1&publishDate=1966-10-06&officeId=00032&pageNo=9&printNo=6455&publishType=00020,『동주 이용희 전집』 4권 「정치의 앞날을 위하여: 70년대 초를 향한 거센 시대조류」 재수록,,,확인
lee-yonghee-9e0f34ad,lee-yonghee,이용희,李用煕; 大韓民國國會圖書館立法調査局,1966,近世韓國外交文書總目 : 外國篇,,저서,大韓民國 國會圖書館(서울),大韓民國 國會圖書館(서울),,,ko,,https://cir.nii.ac.jp/crid/1970586434814282242,,,,확인
lee-yonghee-619e9b8c,lee-yonghee,이용희,이용희,1966,送年対談 (3) 外交,,좌담,경향신문,경향신문,1966-12-21 (1면),1면,ko,,https://newslibrary.naver.com/viewer/index.naver?articleId=1966122100329201009&editNo=2&printCount=1&publishDate=1966-12-21&officeId=00032&pageNo=1&printNo=6520&publishType=00020,,,,확인
lee-yonghee-c7e4faff,lee-yonghee,이용희,이용희(李用熙),1966,韓國民族主義의 諸問題,,기고,조선일보,조선일보,1966-10-27 (6면),6면,ko,,https://newslibrary.naver.com/viewer/index.naver?articleId=1966102700239106002&editNo=1&printCount=1&publishDate=1966-10-27&officeId=00023&pageNo=6&printNo=14004&publishType=00010,『동주 이용희 전집』 2권 「한국민족주의의 제문제」 재수록,,,확인
lee-yonghee-f6dc030d,lee-yonghee,이용희,이용희,1966,한국민족주의 (한국국제정치학회 기조논문),,논문,한국국제정치학회,한국국제정치학회,,,ko,,https://www.kci.go.kr/kciportal/ci/sereArticleSearch/ciSereArtiView.kci?sereArticleSearchBean.artiId=ART002261408,『동주 이용희 전집』 2권 「한국민족주의의 의의」 재수록,,,정정필요
kim-yongkoo-7113056c,kim-yongkoo,김용구,洪承勉(사회자); 高永復(토론자); 李效再(토론자); 黃性模(토론자); 姜元龍(토론자); 具範謨(토론자); 金容九(토론자); 崔錫采(토론자); 李用熙(토론자); 鄭一享(토론자); 朴鍾鴻(토론자); 姜秉奎(토론자),1967,第三部 韓國 民族主義의 主導層과 리더슆,,논문,한국국제정치학회,國際政治論叢,Vol.6 No.-,,ko,,https://www.riss.kr/search/detail/DetailView.do?p_mat_type=1a0202e37d52c72d&control_no=04a8693577d5b12fffe0bdc3ef48d419,,,,정정필요
lee-yonghee-3ed3ae1a,lee-yonghee,이용희,이용희,1967,38선 획정 신고 : 소련 대일참전사에 沿하여,,기고,空軍,空軍,제99호,19-90,ko,,https://www.kci.go.kr/kciportal/ci/sereArticleSearch/ciSereArtiView.kci?sereArticleSearchBean.artiId=ART002305866,『동주 이용희 전집』 4권 「38선 획정 신고」 재수록,,,확인
lee-yonghee-c6da5ae6,lee-yonghee,이용희,李用熙,1967,『論叢』 第六輯을 내면서,「論業」第六輯을 내면서 (RISS 표제는 論叢의 OCR 오독),기타,國際政治論叢(한국국제정치학회),한국국제정치학회,제6집,1-2,ko,,https://www.riss.kr/search/detail/DetailView.do?p_mat_type=1a0202e37d52c72d&control_no=1da4113dc030c755ffe0bdc3ef48d419,,,,확인
lee-yonghee-1b1cc619,lee-yonghee,이용희,禹炳奎(司會); 李用熙,1967,基調演說,,기타,國際政治論叢(한국국제정치학회),한국국제정치학회,제6집,76-82,ko,,https://www.riss.kr/search/detail/DetailView.do?p_mat_type=1a0202e37d52c72d&control_no=41dd7cd772479230ffe0bdc3ef48d419,,,,확인
lee-yonghee-1c024d85,lee-yonghee,이용희,申一澈(司會); 洪以燮; 李瑄根; 咸錫憲; 朴鍾鴻; 閔錫泓; 姜尙雲; 李用熙; 申基碩; 孫寶基; 金龍德,1967,第一部 韓國民族主義의 歷史的 性格,,좌담,國際政治論叢(한국국제정치학회),한국국제정치학회,제6집,83-114,ko,,https://www.riss.kr/search/detail/DetailView.do?p_mat_type=1a0202e37d52c72d&control_no=354bcdb7999142f5ffe0bdc3ef48d419,,,,확인
lee-yonghee-7113056c,lee-yonghee,이용희,,1967,第三部 韓國 民族主義의 主導層과 리더슆,,좌담,國際政治論叢(한국국제정치학회),한국국제정치학회,제6집,140-182,ko,,https://www.riss.kr/search/detail/DetailView.do?p_mat_type=1a0202e37d52c72d&control_no=04a8693577d5b12fffe0bdc3ef48d419,,,,정정
lee-yonghee-a49e76d1,lee-yonghee,이용희,李甲燮(司會); 朴喜範; 鄭海水; 申永澈; 朴辰煥; 劉彰順; 金洪喆; 呂井東; 朴壽範; 李用熙; 李永憲; 鄭海永; 李承憲,1967,第二部 經濟開發計劃과 韓國의 民族主義,,좌담,國際政治論叢(한국국제정치학회),한국국제정치학회,제6집,115-139,ko,,https://www.riss.kr/search/detail/DetailView.do?p_mat_type=1a0202e37d52c72d&control_no=a970b2da9012b564ffe0bdc3ef48d419,,,,확인
lee-yonghee-3389c15b,lee-yonghee,이용희,禹炳奎(司會); 閔丙岐(司會); 朴奉植; 李範俊; 李基遠; 吳炳憲; 李用熙; 金點坤; 金正均; 金明會; 李瑄根; 孫寶基,1967,第五部 美國의 外交政策과 韓國의 民族主義,,좌담,國際政治論叢(한국국제정치학회),한국국제정치학회,제6집,216-258,ko,,https://www.riss.kr/search/detail/DetailView.do?p_mat_type=1a0202e37d52c72d&control_no=565ca2cccfcc0b3effe0bdc3ef48d419,,,,확인
lee-yonghee-f9142335,lee-yonghee,이용희,金點坤(司會); 金永俊; 崔昌洛; 金景熙; 柳正烈; 李命植; 禹炳圭; 李用熙; 申一澈; 박영기; 孫寶基; 朴喜範; 車基璧,1967,討論經過報告,,좌담,國際政治論叢(한국국제정치학회),한국국제정치학회,제6집,259-297,ko,,https://www.riss.kr/search/detail/DetailView.do?p_mat_type=1a0202e37d52c72d&control_no=715928c0eed8c73cffe0bdc3ef48d419,,,,확인
lee-yonghee-c7e4faff-2,lee-yonghee,이용희,李用熙,1967,韓國民族主義의 諸問題,,논문,國際政治論叢(한국국제정치학회),한국국제정치학회,제6집,12-26,ko,,https://www.riss.kr/search/detail/DetailView.do?p_mat_type=1a0202e37d52c72d&control_no=8741404617353e24ffe0bdc3ef48d419,,,,확인
lee-yonghee-244b2b38,lee-yonghee,이용희,李用熙,1968,『論叢』 第七輯을 내면서,,논문,國際政治論叢(한국국제정치학회),國際政治論叢(한국국제정치학회),제7집,[1],ko,,https://www.nl.go.kr/NL/contents/search.do#viewKey=CNTS-00056910063&viewType=C&category=%EA%B8%B0%EC%82%AC,『동주 이용희 전집』 6권 「《국제정치논총》 제7집을 내면서」 재수록,,,확인
lee-yonghee-7d738031,lee-yonghee,이용희,朴奉植(司會); 李用熙; 金相浹; 權五琦; 梁好民; 具範謨; 李基遠; 金雲泰; 柳正烈; 金圭南,1968,第一部 日本의 治政,,좌담,國際政治論叢(한국국제정치학회),한국국제정치학회,제7집,64-97,ko,,https://www.riss.kr/search/detail/DetailView.do?p_mat_type=1a0202e37d52c72d&control_no=2a05b664fe3c8a94ffe0bdc3ef48d419,,,,확인
lee-yonghee-03f02512,lee-yonghee,이용희,朴奉植(司會); 李昌烈(司會); 金宗炫; 吳智澤; 林鍾哲; 鄭道泳; 崔昌洛; 朱宗桓; 李用熙,1968,第二部 日本의 經濟,,좌담,國際政治論叢(한국국제정치학회),한국국제정치학회,제7집,98-129,ko,,https://www.riss.kr/search/detail/DetailView.do?p_mat_type=1a0202e37d52c72d&control_no=86f35e1455515696ffe0bdc3ef48d419,,,,확인
lee-yonghee-00a45461,lee-yonghee,이용희,朴奉植(司會); 李用熙(司會); 文定昌; 朴俊圭; 金宗炫; 외 16인(RISS 표기 확인분까지만 기재),1968,第四部 綜合質疑,,좌담,國際政治論叢(한국국제정치학회),한국국제정치학회,제7집,154-179,ko,,https://www.riss.kr/search/detail/DetailView.do?p_mat_type=1a0202e37d52c72d&control_no=75f580f2d721d8c4ffe0bdc3ef48d419,,,,확인
lee-yonghee-796553c2,lee-yonghee,이용희,이용희,1968,變轉하는 아시아政局 越南協商과 美國과 韓國 李用熙,,좌담,경향신문,경향신문,1968-04-15 (3면),3면,ko,,https://newslibrary.naver.com/viewer/index.naver?articleId=1968041500329203005&editNo=2&printCount=1&publishDate=1968-04-15&officeId=00032&pageNo=3&printNo=6927&publishType=00020,『동주 이용희 전집』 6권 「월남협상과 미국과 한국: 변전하는 아시아 정국」 재수록,,,확인
kim-yongkoo-208a3e21,kim-yongkoo,김용구,Yong-Koo Kim,1969,"Stanley Hoffman, ""Gulliver's Trouble, or The Setting of American Foreign Policy""",,논문,Korean Journal of International Relations,Korean Association of International Studies,9,207-212,en,10.14731/kjir.1969.12.9.207,https://doi.org/10.14731/kjir.1969.12.9.207,,,,확인
kim-yongkoo-cfe21317,kim-yongkoo,김용구,李用熙; 金容九,1969,「淸光緖朝中日交涉史料」,,논문,한국국제정치학회,國際政治論叢,Vol.8 No.-,101-107,ko,,https://www.riss.kr/search/detail/DetailView.do?p_mat_type=1a0202e37d52c72d&control_no=05449d86b7d292c6ffe0bdc3ef48d419,,,,확인
kim-yongkoo-039e0e5e,kim-yongkoo,김용구,金容九(Kim Yong-Koo),1969,"스탠리 호프만著, 「“걸리버”의 고민一美國外交政策의 Setting」: Stanley Hoffmann; 「Gulliver's Troubles, or The Setting of American Foreign Policy」, New York, McGraw-Hill, 1968, 540 pp",,논문,한국국제정치학회,國際政治論叢,Vol.9 No.-,,ko,,https://www.riss.kr/search/detail/DetailView.do?p_mat_type=1a0202e37d52c72d&control_no=987dcb6ff27d1810ffe0bdc3ef48d419,,,,확인
lee-yonghee-7f022575,lee-yonghee,이용희,李用熙; 金容九,1969,(附錄) 韓國關係補遺 : 淸光緖朝中日交涉史料,,기타,國際政治論叢(한국국제정치학회),國際政治論叢(한국국제정치학회),제8집,101-107,ko,,https://www.nl.go.kr/NL/contents/search.do#viewKey=CNTS-00056908139&viewType=C&category=%EA%B8%B0%EC%82%AC,전집 미수록,,,확인
lee-yonghee-541c31e0,lee-yonghee,이용희,朴奉植(司會); 申一澈(司會); 李用熙; 盧在鳳; 高泳復; 車基璧; 張源宗; 林鐘哲,1969,第一部 韓國近代化에 있어서의 葛藤,,좌담,國際政治論叢(한국국제정치학회),한국국제정치학회,제8집,44-71,ko,,https://www.riss.kr/search/detail/DetailView.do?p_mat_type=1a0202e37d52c72d&control_no=7703438db2a0ca04ffe0bdc3ef48d419,,,,확인
lee-yonghee-6d350e1d,lee-yonghee,이용희,朴奉植(司會); 禹炳奎; 河璟根; 車基璧; 李用熙; 林鐘哲; 張源宗; 高永復; 金永俊; 文昌周; 孫製錫,1969,第二部 韓國近代化에 있어서의 調和,,좌담,國際政治論叢(한국국제정치학회),한국국제정치학회,제8집,72-99,ko,,https://www.riss.kr/search/detail/DetailView.do?p_mat_type=1a0202e37d52c72d&control_no=4293c6d542a3d7cfffe0bdc3ef48d419,,,,확인
lee-yonghee-9d1d7a42,lee-yonghee,이용희,李用熙,1969,韓國近代化의 基本問題,,논문,國際政治論叢(한국국제정치학회),國際政治論叢(한국국제정치학회),제8집,12-24,ko,,https://www.nl.go.kr/NL/contents/search.do#viewKey=CNTS-00052878234&viewType=C&category=%EA%B8%B0%EC%82%AC,『동주 이용희 전집』 2권 「한국근대화의 기본문제」 재수록,,,확인
lee-yonghee-747dfecd,lee-yonghee,이용희,이용희,1969,머릿말,,논문,국제정치논총,국제정치논총,8(1),3-4,ko,,https://kjir.or.kr/journal/list.html?pn=vol&TG=vol&s_v=8&s_n=1,전집 미수록,,,확인
lee-yonghee-8e6a624c,lee-yonghee,이용희,"이동주(李東洲, 필명); 박노수(朴魯壽)",1969,우리나라의 옛그림 (이동주·박노수 대담 연재),,좌담,월간 아세아(亞細亞),월간 아세아(亞細亞),1969년 1월 창간호부터 연재,,ko,,https://newslibrary.naver.com/viewer/index.naver?articleId=1969011600239105003&editNo=1&printCount=1&publishDate=1969-01-16&officeId=00023&pageNo=5&printNo=14692&publishType=00010,『동주 이용희 전집』 8권 재수록,,,확인
noh-jaebong-36d336ce,noh-jaebong,노재봉,"노재봉(盧在鳳, Ro Jae-Bong)",1969,Prudence에 관한 소고,Prudence에 關한 小考,논문,국제정치논총,한국국제정치학회,9집,166-177,ko,10.14731/kjir.1969.12.9.166,https://www.kjir.or.kr/journal/view.html?doi=10.14731/kjir.1969.12.9.166,,,,확인
noh-jaebong-6cd836bf,noh-jaebong,노재봉,노재봉(盧在鳳),1969,한국근대화에 있어서의 갈등(보고),韓國近代化에 있어서의 葛藤(報告),논문,국제정치논총,한국국제정치학회,8집,25-30,ko,,https://www.riss.kr/search/detail/DetailView.do?p_mat_type=1a0202e37d52c72d&control_no=9dfc08cc153f0a21ffe0bdc3ef48d419,,,,확인
lee-yonghee-a869df99,lee-yonghee,이용희,이용희,1970,李用熙씨 對談 千寬宇씨 現代韓國과 東亜日報,,좌담,동아일보,동아일보,1970-04-01 (17면),17면,ko,,https://newslibrary.naver.com/viewer/index.naver?articleId=1970040100209217001&editNo=2&printCount=1&publishDate=1970-04-01&officeId=00020&pageNo=17&printNo=14915&publishType=00020,『동주 이용희 전집』 6권 「현대 한국과 《동아일보》」 재수록,,,확인
lee-yonghee-a85c23c5,lee-yonghee,이용희,이용희(李用熙),1970,革命時代의 国際政治,,기고,조선일보,조선일보,1970-12-30 (5면),5면,ko,,https://newslibrary.naver.com/viewer/index.naver?articleId=1970123000239105001&editNo=1&printCount=1&publishDate=1970-12-30&officeId=00023&pageNo=5&printNo=15298&publishType=00010,"『동주 이용희 전집』 6권 「혁명시대의 국제정치: 김경원, 《혁명과 국제시스템: 국제안정의 붕괴에 대한 연구》 서평」 재수록",,,확인
lee-yonghee-7a530978,lee-yonghee,이용희,이용희(李用熙),1970,韓国과美国試鍊의転換期 「新孤立主義경향」을 따진다 <1> 韓·美·日 새關係의 展開,,기고,동아일보,동아일보,1970-07-09 (1면),1면,ko,,https://newslibrary.naver.com/viewer/index.naver?articleId=1970070900209201007&editNo=2&printCount=1&publishDate=1970-07-09&officeId=00020&pageNo=1&printNo=14999&publishType=00020,"『동주 이용희 전집』 4권 「한국과 미국, 시련의 전환기: 신고립주의 경향을 따진다」 재수록",,,확인
lee-yonghee-d1c2a6a1,lee-yonghee,이용희,李東洲(이용희),1970,韓國繪畵史,,논문,民族文化硏究(고려대학교 민족문화연구소·현 민족문화연구원),民族文化硏究(고려대학교 민족문화연구소·현 민족문화연구원),제4집,167-329,ko,,https://www.nl.go.kr/NL/contents/search.do#viewKey=CNTS-00052948682&viewType=C&category=%EA%B8%B0%EC%82%AC,전집 미수록,,,확인
kim-yongkoo-d6b6d43b,kim-yongkoo,김용구,金容九,1971,日本所在 韓國外交史關係 主要未刋文書目錄,,논문,한국국제정치학회,國際政治論叢,Vol.11 No.-,,ko,,https://www.riss.kr/search/detail/DetailView.do?p_mat_type=1a0202e37d52c72d&control_no=e86e5065b75a8db4ffe0bdc3ef48d419,,,,확인
noh-jaebong-1ab01c54,noh-jaebong,노재봉,노재봉,1971,"(칼라版)大世界史 . V.14 , 기로에 선 인류 - 현대세계",,저서,노재봉,玄岩社,,,ko,,https://www.riss.kr/search/detail/DetailView.do?p_mat_type=d7345961987b50bf&control_no=03c5ad5b6c20cfcb,,,,미정
noh-jaebong-c3c0aa42,noh-jaebong,노재봉,"Ro, Jai Bong",1971,Tocqueville: An Analysis of Interpretations,,논문,미국학논집(Journal of American Studies),한국아메리카학회,Vol.4,3-14,en,,https://www.riss.kr/search/detail/DetailView.do?p_mat_type=1a0202e37d52c72d&control_no=84c9d916f9d14271ffe0bdc3ef48d419,,,,정정
noh-jaebong-e66af319,noh-jaebong,노재봉,노재봉,1971,지로에 선 인류 . 14,,저서,노재봉,현암사,,,ko,,https://www.riss.kr/search/detail/DetailView.do?p_mat_type=d7345961987b50bf&control_no=b1b86faa969b2878,,,,미정
kim-yongkoo-9f01f1d8,kim-yongkoo,김용구,RousseauJean-Jacques; 金容九,1972,戰爭과平和,,저서,,乙酉文化社,,,ja,,https://cir.nii.ac.jp/crid/1970304959877955778,,,,확인
lee-yonghee-f992ff92,lee-yonghee,이용희,이용희,1972,轉換期의 國際情勢 듀셰느씨와 李用熙教授 對談 (1) 유럽·아시아狀況의 對比,,좌담,동아일보,동아일보,1972-03-18 (1면),1면,ko,,https://newslibrary.naver.com/viewer/index.naver?articleId=1972031800209201007&editNo=2&printCount=1&publishDate=1972-03-18&officeId=00020&pageNo=1&printNo=15524&publishType=00020,전집 미수록,,,확인
lee-yonghee-75be48bf,lee-yonghee,이용희,이용희,1972,轉換期의 國際情勢 듀셰느씨와 李用熙教授 對談 (2) 强國政治와 局地的紛爭,,좌담,동아일보,동아일보,1972-03-20 (1면),1면,ko,,https://newslibrary.naver.com/viewer/index.naver?articleId=1972032000209201006&editNo=2&printCount=1&publishDate=1972-03-20&officeId=00020&pageNo=1&printNo=15525&publishType=00020,전집 미수록,,,확인
lee-yonghee-3266f298,lee-yonghee,이용희,이용희,1972,轉換期의 國際情勢 듀셰느씨와 李用熙教授 對談 (3) 「힘」의 諸要素와 데땅뜨의 限界,,좌담,동아일보,동아일보,1972-03-21 (3면),3면,ko,,https://newslibrary.naver.com/viewer/index.naver?articleId=1972032100209203005&editNo=2&printCount=1&publishDate=1972-03-21&officeId=00020&pageNo=3&printNo=15526&publishType=00020,전집 미수록,,,확인
lee-yonghee-f2b121fe,lee-yonghee,이용희,이용희,1972,轉換期의 國際情勢 듀셰느씨와 李用熙教授 對談 (4) 分斷國 問題와 그 解決方式,,좌담,동아일보,동아일보,1972-03-22 (3면),3면,ko,,https://newslibrary.naver.com/viewer/index.naver?articleId=1972032200209203006&editNo=2&printCount=1&publishDate=1972-03-22&officeId=00020&pageNo=3&printNo=15527&publishType=00020,전집 미수록,,,확인
lee-yonghee-4b34ebee,lee-yonghee,이용희,이용희,1972,轉換期의 國際情勢 듀셰느씨와 李用熙教授 對談 (5) 先後進國間의 격차,,좌담,동아일보,동아일보,1972-03-23 (3면),3면,ko,,https://newslibrary.naver.com/viewer/index.naver?articleId=1972032300209203005&editNo=2&printCount=1&publishDate=1972-03-23&officeId=00020&pageNo=3&printNo=15528&publishType=00020,전집 미수록,,,확인
lee-yonghee-a60c21ea,lee-yonghee,이용희,이용희,1972,轉換期의 國際情勢 듀셰느씨와 李用熙教授 對談 (6) 弱小國 民族主義,,좌담,동아일보,동아일보,1972-03-24 (2면),2면,ko,,https://newslibrary.naver.com/viewer/index.naver?articleId=1972032400209202003&editNo=2&printCount=1&publishDate=1972-03-24&officeId=00020&pageNo=2&printNo=15529&publishType=00020,전집 미수록,,,확인
lee-yonghee-d69e4705,lee-yonghee,이용희,李東洲(=李用熙),1972,韓國繪畵小史,,저서,瑞文堂,瑞文堂,,,ko,,https://www.nl.go.kr/NL/contents/search.do?pageNum=1&pageSize=50&srchTarget=total&kwd=%EC%9D%B4%EB%8F%99%EC%A3%BC%20%ED%95%9C%EA%B5%AD%ED%9A%8C%ED%99%94#viewKey=817&viewType=AH1&category=%EB%8F%84%EC%84%9C,『동주 이용희 전집』 7권 재수록,,,확인
lee-yonghee-fcac8956,lee-yonghee,이용희,이용희,1972,한국인식의 방법론,,기고,知性,知性,2권 3호,,ko,,https://www.kci.go.kr/kciportal/ci/sereArticleSearch/ciSereArtiView.kci?sereArticleSearchBean.artiId=ART002228998,『동주 이용희 전집』 2권 「한국 인식의 방법론: 이용희 박사에게 듣는다」 재수록,,,확인
lee-yonghee-e710da86,lee-yonghee,이용희,Lee Tong-joo (李東洲),1972,A short history of Korean painting,,저서,"Korean Studies Institute, Yonsei University (Seoul)","Korean Studies Institute, Yonsei University (Seoul)",,,en,,https://cir.nii.ac.jp/crid/1971712334785221258,,,,확인
noh-jaebong-6c213c39,noh-jaebong,노재봉,노재봉,1972,岐路에 선 人類 : 現代世界,,저서,노재봉,玄岩社,,,ko,,https://www.riss.kr/search/detail/DetailView.do?p_mat_type=d7345961987b50bf&control_no=da3c573b8cc5a7ce,,,,미정
noh-jaebong-ea8b7f21,noh-jaebong,노재봉,노재봉,1972,대세계사 : 전화속의 세계(제이차 세계대전) . 13,,저서,노재봉,현암사,,,ko,,https://www.riss.kr/search/detail/DetailView.do?p_mat_type=d7345961987b50bf&control_no=a32162f8e2b0f497,,,,미정
kim-yongkoo-6abfdd15,kim-yongkoo,김용구,金容九,1973,平和共存原則과 쏘련國際法理論,,논문,서울大學校 附設 國際問題硏究所,論文集,,,ko,,https://www.riss.kr/search/detail/DetailView.do?p_mat_type=1a0202e37d52c72d&control_no=f968243e906d9111,,,,확인
kim-yongkoo-fbfea152,kim-yongkoo,김용구,김용구,1973,논문 : 평화공존원칙과 쏘련국제법 이론,,논문,김용구,서울대학교 국제문제연구소,,,ko,,https://www.riss.kr/search/detail/DetailView.do?p_mat_type=1a0202e37d52c72d&control_no=45799274d6aa717effe0bdc3ef48d419,,,,확인
kim-yongkoo-47a53fd6,kim-yongkoo,김용구,김용구,1973,일·중공관계에서 본 새로운 국제 정치적 좌표,,논문,김용구,한국외국어대학 학도호국단,,,ko,,https://www.riss.kr/search/detail/DetailView.do?p_mat_type=1a0202e37d52c72d&control_no=5ca2acd0a6d34a77ffe0bdc3ef48d419,,,,미정
lee-yonghee-8ebedcf2,lee-yonghee,이용희,李用熙,1973,東仁僧의 行蹟(상) : 金玉均派開化黨의 形成에 沿하여,,논문,論文集(서울大學校 附設 國際問題硏究所) — 뒤에 『세계정치』로 계승,論文集(서울大學校 附設 國際問題硏究所) — 뒤에 『세계정치』로 계승,제1호(1973),7-47,ko,,https://www.nl.go.kr/NL/contents/search.do#viewKey=14142994&viewType=AH4&category=%EA%B8%B0%EC%82%AC,『동주 이용희 전집』 4권 「동인승(東仁僧)의 행적(상): 김옥균과 개화당의 형성에 연(沿)하여」 재수록,,,확인
lee-yonghee-7161eea7,lee-yonghee,이용희,李東洲(이용희),1973,檀園 金弘道 : 그의 生涯와 作品,,논문,澗松文華(韓國民族美術硏究所),澗松文華(韓國民族美術硏究所),제4호(1973.4.15),27면부터 13면,ko,,https://www.nl.go.kr/NL/contents/search.do#viewKey=CNTS-00132558820&viewType=C&category=%EA%B8%B0%EC%82%AC,전집 미수록,,,확인
noh-jaebong-c85885c7,noh-jaebong,노재봉,노재봉,1973,논문 : Alexis de Tocqueville의 정치사회 사상연구,,논문,노재봉,서울대학교 국제문제연구소,Vol.1 No.1,,ko,,https://www.riss.kr/search/detail/DetailView.do?p_mat_type=1a0202e37d52c72d&control_no=64cebd63d5fc5b02ffe0bdc3ef48d419,,,,확인
ha-youngsun-f9710af1,ha-youngsun,하영선,하영선,1974,Rousseau 硏究序說 : amour de soi와 amour propre를 中心으로,,학위논문,하영선,서울大學校 大學院,,,ko,,https://www.riss.kr/search/detail/DetailView.do?p_mat_type=be54d9b8bc7cdb09&control_no=cd268a4ddd920be0,,,,확인
lee-yonghee-7be020ab,lee-yonghee,이용희,鮮于輝; 池學淳; 車河淳; 李用熙(司會),1974,〈座談會〉 知識人과 現實參與 (160장) : 오늘의 知識人은 왜 문제인가. 또한 知識人은 무엇을 할 수 있는가. 그 機能과 責任을 歷史와 오늘의 狀況속에 묻는 討論,,좌담,新東亞(東亞日報社),新東亞(東亞日報社),통권 113호,54면부터,ko,,https://www.nl.go.kr/NL/contents/search.do#viewKey=862329177&viewType=AH7&category=%EA%B8%B0%EC%82%AC,전집 미수록,,,확인
lee-yonghee-159a492f,lee-yonghee,이용희,李東洲(=李用熙),1974,日本 속의 韓畵: 民族繪畵의 發掘,,저서,瑞文堂,瑞文堂,,,ko,,https://www.nl.go.kr/NL/contents/search.do?pageNum=1&pageSize=50&srchTarget=total&kwd=%EC%9D%BC%EB%B3%B8%EC%86%8D%EC%9D%98%20%ED%95%9C%ED%99%94#viewKey=35784&viewType=AH1&category=%EB%8F%84%EC%84%9C,『동주 이용희 전집』 9권 재수록,,,확인
lee-yonghee-fcd28fab,lee-yonghee,이용희,이용희,1974,한국 사회과학의 전통 : 대화 없는 사회과학의 비학문성,,기고,다리,다리,제5권 제1호,58-60,ko,,https://www.kci.go.kr/kciportal/ci/sereArticleSearch/ciSereArtiView.kci?sereArticleSearchBean.artiId=ART002305866,『동주 이용희 전집』 6권 「한국사회과학의 전통: 대화 없는 사회과학의 비학문성」 재수록,,,확인
kim-yongkoo-8bd7154c,kim-yongkoo,김용구,김용구 ( Yong Koo Kim ),1975,논문 : 사회주의국제법과 소련 국제법이론,,논문,김용구,서울대학교 국제문제연구소,,,ko,,https://www.riss.kr/search/detail/DetailView.do?p_mat_type=1a0202e37d52c72d&control_no=a0dab341f7bafeddffe0bdc3ef48d419,,,,확인
lee-yonghee-92904604,lee-yonghee,이용희,李東洲,1975,紀行・日本にある韓国絵画-10-,,기고,日本美術工芸 / 日本美術工芸社 [編],日本美術工芸 / 日本美術工芸社 [編],No.445,100-103,ja,,https://cir.nii.ac.jp/crid/1522543655586897152,전집 미수록,,,확인
lee-yonghee-5a6c7ae5,lee-yonghee,이용희,李東洲,1975,紀行・日本にある韓国絵画-11-,,기고,日本美術工芸 / 日本美術工芸社 [編],日本美術工芸 / 日本美術工芸社 [編],No.446,92-96,ja,,https://cir.nii.ac.jp/crid/1522543654936888448,전집 미수록,,,확인
lee-yonghee-e475fb84,lee-yonghee,이용희,李東洲,1975,紀行・日本にある韓国絵画-12-,,기고,日本美術工芸 / 日本美術工芸社 [編],日本美術工芸 / 日本美術工芸社 [編],No.447,78-84,ja,,https://cir.nii.ac.jp/crid/1520573329935753728,전집 미수록,,,확인
lee-yonghee-1a95f935,lee-yonghee,이용희,李東洲,1975,紀行・日本にある韓国絵画-2-,,기고,日本美術工芸 / 日本美術工芸社 [編],日本美術工芸 / 日本美術工芸社 [編],No.437,80-84,ja,,https://cir.nii.ac.jp/crid/1522825130475771520,전집 미수록,,,확인
lee-yonghee-da21d14e,lee-yonghee,이용희,李東洲,1975,紀行・日本にある韓国絵画-3-,,기고,日本美術工芸 / 日本美術工芸社 [編],日本美術工芸 / 日本美術工芸社 [編],No.438,72-77,ja,,https://cir.nii.ac.jp/crid/1521136278491668096,전집 미수록,,,확인
lee-yonghee-3ccb3d29,lee-yonghee,이용희,李東洲,1975,紀行・日本にある韓国絵画-4-,,기고,日本美術工芸 / 日本美術工芸社 [編],日本美術工芸 / 日本美術工芸社 [編],No.439,68-73,ja,,https://cir.nii.ac.jp/crid/1523951030227199744,전집 미수록,,,확인
lee-yonghee-8dedbae7,lee-yonghee,이용희,李東洲,1975,紀行・日本にある韓国絵画-5-,,기고,日本美術工芸 / 日本美術工芸社 [編],日本美術工芸 / 日本美術工芸社 [編],No.440,82-87,ja,,https://cir.nii.ac.jp/crid/1520010380592134016,전집 미수록,,,확인
lee-yonghee-c944c9b3,lee-yonghee,이용희,李東洲,1975,紀行・日本にある韓国絵画-6-,,기고,日本美術工芸 / 日本美術工芸社 [編],日本美術工芸 / 日本美術工芸社 [編],No.441,80-86,ja,,https://cir.nii.ac.jp/crid/1523106603328541440,전집 미수록,,,확인
lee-yonghee-76046fb6,lee-yonghee,이용희,李東洲,1975,紀行・日本にある韓国絵画-7-,,기고,日本美術工芸 / 日本美術工芸社 [編],日本美術工芸 / 日本美術工芸社 [編],No.442,80-83,ja,,https://cir.nii.ac.jp/crid/1522262180493299200,전집 미수록,,,확인
lee-yonghee-e5e5d3cc,lee-yonghee,이용희,李東洲,1975,紀行・日本にある韓国絵画-8-,,기고,日本美術工芸 / 日本美術工芸社 [編],日本美術工芸 / 日本美術工芸社 [編],No.443,80-86,ja,,https://cir.nii.ac.jp/crid/1523388080031436800,전집 미수록,,,확인
lee-yonghee-541f0aab,lee-yonghee,이용희,李東洲,1975,紀行・日本にある韓国絵画-9-,,기고,日本美術工芸 / 日本美術工芸社 [編],日本美術工芸 / 日本美術工芸社 [編],No.444,92-98,ja,,https://cir.nii.ac.jp/crid/1524232504748916608,전집 미수록,,,확인
lee-yonghee-19912c7e,lee-yonghee,이용희,李用熙; 洪以燮; 朴奉植,1975,韓國의 民族主義,,저서,한국일보사,한국일보사,,,ko,,https://www.nl.go.kr/NL/contents/search.do?pageNum=1&pageSize=50&srchTarget=total&kwd=%EC%9D%B4%EC%9A%A9%ED%9D%AC%20%ED%95%9C%EA%B5%AD%EB%AF%BC%EC%A1%B1%EC%A3%BC%EC%9D%98#viewKey=2971&viewType=AH1&category=%EB%8F%84%EC%84%9C,,,,확인
lee-yonghee-f60dd296,lee-yonghee,이용희,이용희,1975,둑이 터지면 모두가물속에… 30年 學界를 떠나는 李用熙博士를 찾아,,좌담,경향신문,경향신문,1975-05-31 (3면),3면,ko,,https://newslibrary.naver.com/viewer/index.naver?articleId=1975053100329203020&editNo=2&printCount=1&publishDate=1975-05-31&officeId=00032&pageNo=3&printNo=9132&publishType=00020,전집 미수록,,,확인
lee-yonghee-8e6a624c-2,lee-yonghee,이용희,李東洲(=李用熙),1975,우리나라의 옛그림,,저서,博英社,博英社,,,ko,,https://www.nl.go.kr/NL/contents/search.do?pageNum=1&pageSize=50&srchTarget=total&kwd=%EC%9D%B4%EB%8F%99%EC%A3%BC%20%EC%9A%B0%EB%A6%AC%EB%82%98%EB%9D%BC%EC%9D%98%20%EC%98%9B%EA%B7%B8%EB%A6%BC#viewKey=35783&viewType=AH1&category=%EB%8F%84%EC%84%9C,『동주 이용희 전집』 8권 재수록,,,확인
noh-jaebong-14db3145,noh-jaebong,노재봉,노재봉,1975,市民民主主義 : 또끄빌의 硏究,,저서,노재봉,博英社,,,ko,,https://www.riss.kr/search/detail/DetailView.do?p_mat_type=d7345961987b50bf&control_no=cce2f9a4b1fbd3e8ffe0bdc3ef48d419,,,,확인
noh-jaebong-d9b8f99e,noh-jaebong,노재봉,노재봉,1975,시민민주주의 -끄빌연구,,저서,노재봉,박영사,,,ko,,https://www.riss.kr/search/detail/DetailView.do?p_mat_type=d7345961987b50bf&control_no=348c4875b82aac01,,,,확인
noh-jaebong-f3683657,noh-jaebong,노재봉,박준규; 김덕; 노재봉,1975,정담: 한국외교의 명암과 당면과제,,좌담,북한,북한연구소,제46호,34-44,ko,,https://www.riss.kr/search/detail/DetailView.do?p_mat_type=1a0202e37d52c72d&control_no=7b737345ea280947ffe0bdc3ef48d419,,,,확인
kim-yongkoo-ffa53576,kim-yongkoo,김용구,金容九,1976,「카터」의 政治哲學,,논문,세계평화교수협의회,廣場,,,ko,,https://www.riss.kr/search/detail/DetailView.do?p_mat_type=1a0202e37d52c72d&control_no=4acd97f993fa8897b7998d826d417196,,,,미정
kim-yongkoo-189b7fc6,kim-yongkoo,김용구,金容九,1976,新鮮한 아침 風情 : 金容九 에세이,,저서,,一志社,,,ja,,https://cir.nii.ac.jp/crid/1970586434807514399,,,,미정
kim-yongkoo-ae6dc6be,kim-yongkoo,김용구,김용구,1976,新鮮한아침風情,,저서,김용구,一志社,,,ko,,https://www.riss.kr/search/detail/DetailView.do?p_mat_type=d7345961987b50bf&control_no=b1643a9800fe7e62,,,,미정
kim-yongkoo-19216076,kim-yongkoo,김용구,金容九,1976,東洋의 政治文化,,논문,세계평화교수협의회,廣場,,,ko,,https://www.riss.kr/search/detail/DetailView.do?p_mat_type=1a0202e37d52c72d&control_no=b606140f3752843b4884a65323211ff0,,,,미정
kim-yongkoo-3b7f56f6,kim-yongkoo,김용구,金容九,1976,毛澤東의 遺産,,논문,세계평화교수협의회,廣場,,,ko,,https://www.riss.kr/search/detail/DetailView.do?p_mat_type=1a0202e37d52c72d&control_no=336d654c48545b727ecd42904f0c5d65,,,,미정
kim-yongkoo-55f8670f,kim-yongkoo,김용구,金容九,1976,소련 國際法理論과 中共 國際法理論의 比較硏究,,논문,서울대학교 사회과학대학 발행 (수록지명 미확인),,,,ko,,https://www.nl.go.kr/NL/contents/search.do?srchTarget=total&kwd=%EC%86%8C%EB%A0%A8%20%EA%B5%AD%EC%A0%9C%EB%B2%95%EC%9D%B4%EB%A1%A0%EA%B3%BC%20%EC%A4%91%EA%B3%B5%20%EA%B5%AD%EC%A0%9C%EB%B2%95%EC%9D%B4%EB%A1%A0%EC%9D%98%20%EB%B9%84%EA%B5%90%EC%97%B0%EA%B5%AC,,,,미검증
lee-yonghee-988029ae,lee-yonghee,이용희,이용희,1976,美術서적-畵集출판 붐,,좌담,조선일보,조선일보,1976-01-10 (5면),5면,ko,,https://newslibrary.naver.com/viewer/index.naver?articleId=1976011000239105001&editNo=1&printCount=1&publishDate=1976-01-10&officeId=00023&pageNo=5&printNo=16849&publishType=00010,전집 미수록,,,확인
lee-yonghee-71f3cf2e,lee-yonghee,이용희,李用煕,1976,韓国民族主義の諸問題,,기고,コリア評論 / 民族問題研究所 [編],コリア評論 / 民族問題研究所 [編],Vol.19 No.175,"26-37,64",ja,,https://cir.nii.ac.jp/crid/1521417755835347840,『동주 이용희 전집』 2권 「한국민족주의의 제문제」 재수록,,,확인
lee-yonghee-d4546737,lee-yonghee,이용희,李用煕,1976,韓国近代化の基本問題〔韓国政治学会主催シンポジウム「韓国近代化の葛藤と調和」の開会の辞より〕,,기고,コリア評論 / 民族問題研究所 [編],コリア評論 / 民族問題研究所 [編],Vol.19 No.177,"14-23,33",ja,,https://cir.nii.ac.jp/crid/1523669555513269120,전집 미수록,,,정정필요
noh-jaebong-4bea7106,noh-jaebong,노재봉,盧在鳳(Ro Jai-Bong),1976,啓蒙主義批判,,논문,한국정치학회,한국정치학회보,,,ko,,https://www.riss.kr/search/detail/DetailView.do?p_mat_type=1a0202e37d52c72d&control_no=f1f85bdfe7190b76ffe0bdc3ef48d419,,,,확인
noh-jaebong-6c213c39-2,noh-jaebong,노재봉,노재봉,1976,岐路에선 人類 : 現代世界,,저서,노재봉,정한출판사,,,ko,,https://www.riss.kr/search/detail/DetailView.do?p_mat_type=d7345961987b50bf&control_no=96a8e63d9bf3ad53,,,,미정
noh-jaebong-6c36f092,noh-jaebong,노재봉,노재봉,1976,現代世界,,저서,노재봉,정한출판사,,,ko,,https://www.riss.kr/search/detail/DetailView.do?p_mat_type=d7345961987b50bf&control_no=347279203dcf78dc,,,,미정
noh-jaebong-fc78e10a,noh-jaebong,노재봉,노재봉,1976,第二次世界大戰,,저서,노재봉,정한출판사,,,ko,,https://www.riss.kr/search/detail/DetailView.do?p_mat_type=d7345961987b50bf&control_no=579fbd8a44285077,,,,미정
noh-jaebong-2a979ba8,noh-jaebong,노재봉,노재봉 ( Jai Bong Ro ),1976,논문 : 인지전(印支戰)을 전후한 미국의 여론동향과 대(對)아시아정책 전망,,논문,노재봉,서울대학교 국제문제연구소,Vol.3 No.1,,ko,,https://www.riss.kr/search/detail/DetailView.do?p_mat_type=1a0202e37d52c72d&control_no=a514f0546b2dec6bffe0bdc3ef48d419,,,,확인
lee-yonghee-a9097136,lee-yonghee,이용희,鄭良謨(責任監修); 李東洲 외(論考·解說),1977,謙齋 鄭敾 (韓國의 美 1) 論考·解說,謙齋鄭敾 / 韓國의美 1,장(章),韓國의 美 1 『謙齋 鄭敾』,中央日報社,,,ko,,https://cir.nii.ac.jp/crid/1970023484975418660,,,,확인
lee-yonghee-7492d982,lee-yonghee,이용희,李用熙,1977,韓國民族主義,,저서,瑞文堂,瑞文堂,,,ko,,https://www.nl.go.kr/NL/contents/search.do?pageNum=1&pageSize=50&srchTarget=total&kwd=%EC%9D%B4%EC%9A%A9%ED%9D%AC%20%ED%95%9C%EA%B5%AD%EB%AF%BC%EC%A1%B1%EC%A3%BC%EC%9D%98#viewKey=54386&viewType=AH1&category=%EB%8F%84%EC%84%9C,,,,확인
noh-jaebong-7492d982,noh-jaebong,노재봉,이용희; 노재봉,1977,韓國民族主義,,논문,瑞文堂,瑞文堂,,,ko,,https://www.riss.kr/search/detail/DetailView.do?p_mat_type=d7345961987b50bf&control_no=e4f326a2daf96374,,,,확인
noh-jaebong-3c2ecbcb,noh-jaebong,노재봉,梁好民; 韓培浩; 盧在鳳; 文丞益; 崔相龍,1977,韓國民族主義의 理念,,저서,,亞細亞政策研究院,,,ja,,https://cir.nii.ac.jp/crid/1971712334805056445,,,,확인
noh-jaebong-0ee5f720,noh-jaebong,노재봉,토머스 모어(Thomas More) 저; 노재봉(盧在鳳) 역,1977,유토피아,유토피아 / 太陽의 나라 / 그리스도人의 自由 (모어 ; 盧在鳳 譯),역서,세계사상전집(삼성판),삼성출판사(三省出版社),,373 p.(합본),ko,,https://www.riss.kr/search/detail/DetailView.do?p_mat_type=d7345961987b50bf&control_no=777278039266a1f6,,,,확인
ha-youngsun-7f68d098,ha-youngsun,하영선,Young-Sun Ha,1978,Nuclearization of Small States and World Order: The Case of Korea,,논문,Asian Survey,University of California Press,18(11),1134-1151,en,10.2307/2643297,https://doi.org/10.2307/2643297,,,,확인
kim-yongkoo-fcddbe94,kim-yongkoo,김용구,김용구,1978,蘇聯國際法理論硏究 : 平和共存原則과 社會主義的 國際主義 原則을 中心으로,,학위논문,김용구,서울대학교,,,ko,,https://www.riss.kr/search/detail/DetailView.do?p_mat_type=be54d9b8bc7cdb09&control_no=3a1e28b0e89558d6,,,,확인
kim-yongkoo-20b4567b,kim-yongkoo,김용구,김용구,1978,蘇聯國際法理論에 있어서의 平和共存 原則과 社會主義的 國際主義 原則에 관한 歷史的 硏究,,학위논문,김용구,서울大學校 大學院,,,ko,,https://www.riss.kr/search/detail/DetailView.do?p_mat_type=be54d9b8bc7cdb09&control_no=eb703f587746080c,,,,확인
kim-yongkoo-87982b1a,kim-yongkoo,김용구,金容九,1978,소련 國際法理論 文獻 目錄 : Bibligraphy 文獻 目錄,,논문,서울大學校 附設 國際問題硏究所,論文集,Vol.- No.5,,ko,,https://www.riss.kr/search/detail/DetailView.do?p_mat_type=1a0202e37d52c72d&control_no=051543eccb085dbc,,,,확인
kim-yongkoo-1dcc30f7,kim-yongkoo,김용구,김용구 ( Yong Koo Kim ),1978,자료 : 소련 국제법이론 - 문헌 목록 -,,논문,김용구,서울대학교 국제문제연구소,,,ko,,https://www.riss.kr/search/detail/DetailView.do?p_mat_type=1a0202e37d52c72d&control_no=9e9ebbea3023f20cffe0bdc3ef48d419,,,,확인
noh-jaebong-f4f6e987,noh-jaebong,노재봉,노재봉 ( Jai Bong Ro ),1978,"1980년의 한,미,일관계전망과 그 대책 : 중,소의 한반도정책전망과 그 대책 - 한국의 대(對)중,소관계설정 방안모색을 중심으로 -",,논문,노재봉,서울대학교 국제문제연구소,Vol.5 No.1,,ko,,https://www.riss.kr/search/detail/DetailView.do?p_mat_type=1a0202e37d52c72d&control_no=f68790f1a127b35affe0bdc3ef48d419,,,,확인
noh-jaebong-7a671498,noh-jaebong,노재봉,"노재봉(盧在鳳, 서울대학교 국제문제연구소)",1978,남북한간의 평화정착에 관한 논리: 사상적 시각에서,南北韓間의 平和定着에 關한 論理 : 思想的 視角에서,논문,평화연구,경북대학교 평화문제연구소,Vol.4,65-73,ko,,https://www.riss.kr/search/detail/DetailView.do?p_mat_type=1a0202e37d52c72d&control_no=477035392367efe6,,,,확인
ha-youngsun-4c31a17d,ha-youngsun,하영선,하영선,1979,Global Nuclear Concentration and Proliferation,,논문,서울대학교 사회과학연구소 논문집,서울대학교 사회과학연구소,4호,,en,,http://www.hayoungsun.net/bio.asp,,,,확인
kim-yongkoo-e803e815,kim-yongkoo,김용구,김용구(金容九) 편,1979,中蘇 國際法理論 및 러시아·蘇聯의 韓末外交史 硏究: 文獻目錄,中蘇 國際法理論 및 러시아·蘇聯의 韓末外交史 硏究 : 文獻目錄,편저,,서울대학교출판부,,"vi, 347",ko,,https://store.kyobobook.co.kr/person/detail/1000092501,,,,확인
kim-yongkoo-a717db53,kim-yongkoo,김용구,김용구,1979,蘇聯國際法理論硏究,,저서,김용구,일지사,,,ko,,https://www.riss.kr/search/detail/DetailView.do?p_mat_type=d7345961987b50bf&control_no=409f76208e92c6a1,,,,확인
lee-yonghee-0ae2caa5,lee-yonghee,이용희,이동주(이용희); 최순우; 안휘준,1979,학술정담 : 恭齋 尹斗緖의 회화,,좌담,韓國學報(일지사),韓國學報(일지사),제5권 4호,4162-4181(20쪽),ko,,https://www.riss.kr/search/detail/DetailView.do?p_mat_type=1a0202e37d52c72d&control_no=b369ed8e18f12ecfffe0bdc3ef48d419,전집 미수록,,,확인
lee-yonghee-71eb4578,lee-yonghee,이용희,이동주(이용희); 최순우; 황수영; 안휘준,1979,학술정담 : 고려시대의 불교회화,,좌담,韓國學報(일지사),韓國學報(일지사),제5권 1호,1178-1203(26쪽),ko,,https://www.riss.kr/search/detail/DetailView.do?p_mat_type=1a0202e37d52c72d&control_no=af6d9fd6d8ffbabfffe0bdc3ef48d419,전집 미수록,,,확인
noh-jaebong-cfa1d96f,noh-jaebong,노재봉,Chong-Shik Chung (편); Jae-Bong Ro (편),1979,Nationalism in Korea,,편저,,Research Center for Peace and Unification (Seoul),,338 pp.,en,,https://www.abebooks.com/first-edition/Nationalism-Korea-edited-Chong-Shik-Chung-Jae-Bong/7989813238/bd,,,,확인
noh-jaebong-23c2b07d,noh-jaebong,노재봉,노재봉,1979,列强의 東北亞 資源開發 政策과 韓國의 國際政治的 政策課題,,저서,노재봉,서울大學校,,,ko,,https://www.riss.kr/search/detail/DetailView.do?p_mat_type=d7345961987b50bf&control_no=a71e9021aa834940ffe0bdc3ef48d419,,,,확인
noh-jaebong-2deced52,noh-jaebong,노재봉,노재봉 (Jai Bong No),1979,인류학과 정치학,,논문,노재봉,한국문화인류학회,,,ko,,https://www.riss.kr/search/detail/DetailView.do?p_mat_type=1a0202e37d52c72d&control_no=672ad221715926a4,,,,확인
ha-youngsun-7f68d098-2,ha-youngsun,하영선,하영선,1980,Nuclearization of small states and world order : the case of Korea,,학위논문,하영선,University Microfilms International,,,ko,,https://www.riss.kr/search/detail/DetailView.do?p_mat_type=be54d9b8bc7cdb09&control_no=e2967aa98721b478,,,,확인
ha-youngsun-ff841afd,ha-youngsun,하영선,하영선,1980,새로운 국제정치이론을 찾아서,,논문,하영선,한국국제정치학회,Vol.20 No.-,3-13,ko,,https://www.riss.kr/search/detail/DetailView.do?p_mat_type=1a0202e37d52c72d&control_no=c17dff22649ba210ffe0bdc3ef48d419,,,,확인
kim-yongkoo-7bc34a3d,kim-yongkoo,김용구,김용구,1980,敎科課程硏究,,저서,김용구,서울대학교외교학과,,,ko,,https://www.riss.kr/search/detail/DetailView.do?p_mat_type=d7345961987b50bf&control_no=2a5623cfcdb223a3,,,,확인
kim-yongkoo-c04a7b6b,kim-yongkoo,김용구,金容九,1980,新生諸國의 國際法觀 : 中共의 國際法體系論爭을 中心으로,,논문,서울大學校 附設 國際問題硏究所,論文集,,,ko,,https://www.riss.kr/search/detail/DetailView.do?p_mat_type=1a0202e37d52c72d&control_no=ab3edc29caa37b92,,,,확인
kim-yongkoo-78270945,kim-yongkoo,김용구,김용구 ( Yong Koo Kim ),1980,동북아 자원문제의 성격 - 시베리아의 에네르기자원을 중심으로 -,,논문,김용구,서울대학교 국제문제연구소,,,ko,,https://www.riss.kr/search/detail/DetailView.do?p_mat_type=1a0202e37d52c72d&control_no=3ddcb59d0c4a96c5ffe0bdc3ef48d419,,,,확인
kim-yongkoo-9a14da5e,kim-yongkoo,김용구,김용구 ( Yong Koo Kim ),1980,신생제국의 국제법관 - 중공의 국제법체계논쟁을 중심으로 -,,논문,김용구,서울대학교 국제문제연구소,,,ko,,https://www.riss.kr/search/detail/DetailView.do?p_mat_type=1a0202e37d52c72d&control_no=adc3fc7fb135f388ffe0bdc3ef48d419,,,,확인
lee-yonghee-a46ffd17,lee-yonghee,이용희,이용희,1980,恩師를 찾아서 <1> 現實보다 當爲 존중될때 바른 政治가…,,좌담,경향신문,경향신문,1980-01-05 (3면),3면,ko,,https://newslibrary.naver.com/viewer/index.naver?articleId=1980010500329203001&editNo=2&printCount=1&publishDate=1980-01-05&officeId=00032&pageNo=3&printNo=10542&publishType=00020,전집 미수록,,,확인
lee-yonghee-913d18b2,lee-yonghee,이용희,이용희(李用熙),1980,意志 自律의時代,,기고,동아일보,동아일보,1980-01-01 (3면),3면,ko,,https://newslibrary.naver.com/viewer/index.naver?articleId=1980010100209203002&editNo=2&printCount=1&publishDate=1980-01-01&officeId=00020&pageNo=3&printNo=17920&publishType=00020,『동주 이용희 전집』 6권 「80년대는 의지·자율의 시대」 재수록,,,확인
noh-jaebong-ac31b06a,noh-jaebong,노재봉,"Ro, Jai Bong",1980,Imagination in American Foreign Policy: A Tocquevillean Perspective,,논문,미국학논집(Journal of American Studies),한국아메리카학회,Vol.12,41-57,en,,https://www.riss.kr/search/detail/DetailView.do?p_mat_type=1a0202e37d52c72d&control_no=ab5a89337ad69ddcffe0bdc3ef48d419,,,,정정
noh-jaebong-ca1dcedd,noh-jaebong,노재봉,노재봉,1980,市民民主主義 : 또끄빌 硏究,,저서,노재봉,博英社,,,ko,,https://www.riss.kr/search/detail/DetailView.do?p_mat_type=d7345961987b50bf&control_no=ed050a8a40df8d27,,,,확인
noh-jaebong-08302955,noh-jaebong,노재봉,노재봉 ( Jai Bong Ro ),1980,자원문제 - 그 정책적 고려 -,,논문,노재봉,서울대학교 국제문제연구소,Vol.6 No.1,,ko,,https://www.riss.kr/search/detail/DetailView.do?p_mat_type=1a0202e37d52c72d&control_no=e27a320a2c277853ffe0bdc3ef48d419,,,,확인
noh-jaebong-f842c3d5,noh-jaebong,노재봉,노재봉 ( Jai Bong Ro ),1980,제3세계의 국제정치적 위상,,논문,노재봉,서울대학교 국제문제연구소,Vol.6 No.1,,ko,,https://www.riss.kr/search/detail/DetailView.do?p_mat_type=1a0202e37d52c72d&control_no=1c19a5b7192c868cffe0bdc3ef48d419,,,,확인
noh-jaebong-a88b11c6,noh-jaebong,노재봉,노재봉 ( Jai Bong Ro ),1980,한국경제개발에 따르는 정치적 Cost,,논문,노재봉,서울대학교 국제문제연구소,Vol.6 No.1,,ko,,https://www.riss.kr/search/detail/DetailView.do?p_mat_type=1a0202e37d52c72d&control_no=3a0b94430ffa8c91ffe0bdc3ef48d419,,,,확인
noh-jaebong-23c2b07d-2,noh-jaebong,노재봉,노재봉,1980,列强의 東北亞 資源開發政策과 韓國의 國際政治的 政策課題,,저서,노재봉,[文敎部],,,ko,,https://www.riss.kr/search/detail/DetailView.do?p_mat_type=d7345961987b50bf&control_no=5d79ee22f1710103,,,,확인
ha-youngsun-ff841afd-2,ha-youngsun,하영선,하영선,1981,새로운 국제정치이론을 찾아서,,논문,하영선,한국국제정치학회,Vol.21 No.-,3-11,ko,,https://www.riss.kr/search/detail/DetailView.do?p_mat_type=1a0202e37d52c72d&control_no=0888b27e727b2ab1ffe0bdc3ef48d419,,,,확인
ha-youngsun-130253bf,ha-youngsun,하영선,하영선,1981,중공의 핵무기와 세계질서,,논문,하영선,서울대학교 사회과학연구소,3(2),103-120,ko,,https://www.riss.kr/search/detail/DetailView.do?p_mat_type=1a0202e37d52c72d&control_no=4868c760ddd994e3,,,,확인
ha-youngsun-40b44dd5,ha-youngsun,하영선,河英善(서평자),1981,"李昊宰著, 「核의 世界와 韓國核政策」(서울 : 法文社, 1981)",,논문,한국국제정치학회,國際政治論叢,Vol.21 No.-,,ko,,https://www.riss.kr/search/detail/DetailView.do?p_mat_type=1a0202e37d52c72d&control_no=845c4b7b508b9e6effe0bdc3ef48d419,,,,확인
kim-yongkoo-3b143549,kim-yongkoo,김용구,金容九,1981,소련의 東北亞政策,,논문,서울대학교 사회과학연구소,社會科學과政策硏究,,,ko,,https://www.riss.kr/search/detail/DetailView.do?p_mat_type=1a0202e37d52c72d&control_no=cbde917907180a05,,,,확인
lee-yonghee-1a1fc78c,lee-yonghee,이용희,李東洲(責任監修·解說),1981,高麗佛畫 (韓國의 美 7),高麗佛畫 / 韓國의美 7,편저,韓國의 美 7,中央日報社,,,ko,,https://cir.nii.ac.jp/crid/1970867909802363922,,,,확인
noh-jaebong-9cbdd89d,noh-jaebong,노재봉,Jai Bong Ro,1981,Whither the State,,논문,국제정치논총,Korean Association of International Studies,21,203-209,ko,10.14731/kjir.1981.12.21.203,https://openalex.org/W2219596196,,,,확인
ha-youngsun-0feca04a,ha-youngsun,하영선,Young-Sun Ha,1982,"Korean Nuclear Energy Program: Past, Present and Prospects",,장(章),"James E. Katz and Onkar S. Marwah, eds., Nuclear Power in Developing Countries: An Analysis of Decision Making","Lexington Books (Lexington, Mass.)",,,en,,http://www.hayoungsun.net/bio.asp,,,,확인
ha-youngsun-1f603979,ha-youngsun,하영선,하영선 ( Young Sun Ha ),1982,동북아 주변 제국의 군사비 추세 및 전망과 한국 : 한국의 군사비 지출의 추세와 전망,,논문,하영선,서울대학교 국제문제연구소,Vol.7 No.1,,ko,,https://www.riss.kr/search/detail/DetailView.do?p_mat_type=1a0202e37d52c72d&control_no=97294c7655dcc9d0ffe0bdc3ef48d419,,,,확인
ha-youngsun-c63edd55,ha-youngsun,하영선,하영선,1982,신국제 군사질서와 무기이전(Arms Transfers),,논문,하영선,서울大學校 附設 國際問題硏究所,,,ko,,https://www.riss.kr/search/detail/DetailView.do?p_mat_type=1a0202e37d52c72d&control_no=9e6f1632dfc032df,,,,확인
ha-youngsun-82e78f24,ha-youngsun,하영선,하영선 ( Young Sun Ha ),1982,신국제군사질서와 동북아 : 논문 ; 신국제 군사질서와 무기이전(Arms Transfers),,논문,하영선,서울대학교 국제문제연구소,Vol.7 No.1,,ko,,https://www.riss.kr/search/detail/DetailView.do?p_mat_type=1a0202e37d52c72d&control_no=c7b7a1fbf92af061ffe0bdc3ef48d419,,,,확인
ha-youngsun-972ec475,ha-youngsun,하영선,이기원; 노재봉; 안청시; 하영선; 김용구; 김인준; 홍두승; 김경동; 이홍구; 정종욱,1982,신국제군사질서와 동북아 : 세미나 ; 제2주제: 신국제군사질서와 무기이전(Arms Transfers),,논문,하영선,서울대학교 국제문제연구소,Vol.7 No.1,,ko,,https://www.riss.kr/search/detail/DetailView.do?p_mat_type=1a0202e37d52c72d&control_no=5dee879d1170e8b5ffe0bdc3ef48d419,,,,확인
ha-youngsun-070ee737,ha-youngsun,하영선,이홍구; 구영록; 길승흠; 김용구; 노재봉; 정종욱; 차영구; 하영선,1982,신국제군사질서와 동북아 : 세미나 ; 종합토론,,논문,하영선,서울대학교 국제문제연구소,Vol.7 No.1,,ko,,https://www.riss.kr/search/detail/DetailView.do?p_mat_type=1a0202e37d52c72d&control_no=e573db31079e222effe0bdc3ef48d419,,,,확인
ha-youngsun-9f25af94,ha-youngsun,하영선,하영선,1982,한국의 군사비 지출의 추세와 전망,,논문,하영선,서울大學校 附設 國際問題硏究所,,,ko,,https://www.riss.kr/search/detail/DetailView.do?p_mat_type=1a0202e37d52c72d&control_no=f2768192ec020f62,,,,확인
kim-yongkoo-9dacba4f,kim-yongkoo,김용구,김용구 ( Yong Koo Kim ),1982,동북아 주변 제국의 군사비 추세 및 전망과 한국 : 소련의 군사비 지출의 추세와 전망,,논문,김용구,서울대학교 국제문제연구소,,,ko,,https://www.riss.kr/search/detail/DetailView.do?p_mat_type=1a0202e37d52c72d&control_no=40f72f3e178c9bf6ffe0bdc3ef48d419,,,,확인
kim-yongkoo-ba74f3d4,kim-yongkoo,김용구,GrabarʹV. Ė. (Vladimir Ėmmanuilovich); 金容九,1982,러시아 國際法史,,저서,,博英社,,,ja,,https://cir.nii.ac.jp/crid/1970867909865715505,,,,확인
kim-yongkoo-972ec475,kim-yongkoo,김용구,이기원; 노재봉; 안청시; 하영선; 김용구; 김인준; 홍두승; 김경동; 이홍구; 정종욱,1982,신국제군사질서와 동북아 : 세미나 ; 제2주제: 신국제군사질서와 무기이전(Arms Transfers),,논문,김용구,서울대학교 국제문제연구소,Vol.7 No.1,,ko,,https://www.riss.kr/search/detail/DetailView.do?p_mat_type=1a0202e37d52c72d&control_no=5dee879d1170e8b5ffe0bdc3ef48d419,,,,확인
kim-yongkoo-070ee737,kim-yongkoo,김용구,이홍구; 구영록; 길승흠; 김용구; 노재봉; 정종욱; 차영구; 하영선,1982,신국제군사질서와 동북아 : 세미나 ; 종합토론,,논문,김용구,서울대학교 국제문제연구소,Vol.7 No.1,,ko,,https://www.riss.kr/search/detail/DetailView.do?p_mat_type=1a0202e37d52c72d&control_no=e573db31079e222effe0bdc3ef48d419,,,,확인
lee-yonghee-9698cc1b,lee-yonghee,이용희,이용희(李用熙),1982,飜譯빈곤하면 文化고립,,기고,동아일보,동아일보,1982-06-14 (6면),6면,ko,,https://newslibrary.naver.com/viewer/index.naver?articleId=1982061400209206012&editNo=2&printCount=1&publishDate=1982-06-14&officeId=00020&pageNo=6&printNo=18674&publishType=00020,『동주 이용희 전집』 6권 「번역 빈곤하면 문화 고립」 재수록,,,확인
noh-jaebong-ccbe4533,noh-jaebong,노재봉,노재봉 ( Jai Bong Ro ),1982,<안>과 <밖> - 국제정치학의 방법론 연구 -,,논문,노재봉,서울대학교 국제문제연구소,Vol.7 No.1,339-349,ko,,https://www.riss.kr/search/detail/DetailView.do?p_mat_type=1a0202e37d52c72d&control_no=d136ee991e89e505ffe0bdc3ef48d419,,,,확인
noh-jaebong-099c3fc8,noh-jaebong,노재봉,노재봉,1982,"大世界史 . 13 , 戰火속의 世界 : 第二次世界大戰",,저서,노재봉,마당,,,ko,,https://www.riss.kr/search/detail/DetailView.do?p_mat_type=d7345961987b50bf&control_no=e6fa48bc60b0da49,,,,미정
noh-jaebong-6c213c39-3,noh-jaebong,노재봉,노재봉,1982,岐路에 선 人類 : 現代世界,,저서,노재봉,마당,,,ko,,https://www.riss.kr/search/detail/DetailView.do?p_mat_type=d7345961987b50bf&control_no=8ba783f4761d2659,,,,미정
noh-jaebong-7e70a6fd,noh-jaebong,노재봉,노재봉,1982,戰火속의 世界 : 第二次世界大戰,,저서,노재봉,正韓出版社,,,ko,,https://www.riss.kr/search/detail/DetailView.do?p_mat_type=d7345961987b50bf&control_no=1329b7d5081400df,,,,미정
noh-jaebong-0fc00bac,noh-jaebong,노재봉,노재봉 ( Jai Bong Ro ),1982,동북아 주변 제국의 군사비 추세 및 전망과 한국 : 현대국제정치의 군사적 성격,,논문,노재봉,서울대학교 국제문제연구소,Vol.7 No.1,,ko,,https://www.riss.kr/search/detail/DetailView.do?p_mat_type=1a0202e37d52c72d&control_no=afecc4e93cef860bffe0bdc3ef48d419,,,,확인
noh-jaebong-a861a8a8,noh-jaebong,노재봉,노재봉,1982,세계사상전집 . V.10,,저서,노재봉,삼성출판사,,,ko,,https://www.riss.kr/search/detail/DetailView.do?p_mat_type=d7345961987b50bf&control_no=608a8f141c3b6843,,,,확인
noh-jaebong-972ec475,noh-jaebong,노재봉,이기원; 노재봉; 안청시; 하영선; 김용구; 김인준; 홍두승; 김경동; 이홍구; 정종욱,1982,신국제군사질서와 동북아 : 세미나 ; 제2주제: 신국제군사질서와 무기이전(Arms Transfers),,논문,노재봉,서울대학교 국제문제연구소,Vol.7 No.1,,ko,,https://www.riss.kr/search/detail/DetailView.do?p_mat_type=1a0202e37d52c72d&control_no=5dee879d1170e8b5ffe0bdc3ef48d419,,,,확인
noh-jaebong-070ee737,noh-jaebong,노재봉,이홍구; 구영록; 길승흠; 김용구; 노재봉; 정종욱; 차영구; 하영선,1982,신국제군사질서와 동북아 : 세미나 ; 종합토론,,논문,노재봉,서울대학교 국제문제연구소,Vol.7 No.1,,ko,,https://www.riss.kr/search/detail/DetailView.do?p_mat_type=1a0202e37d52c72d&control_no=e573db31079e222effe0bdc3ef48d419,,,,확인
ha-youngsun-9220c1e2,ha-youngsun,하영선,河英善,1983,"Nuclear proliferation, world order and Korea",,저서,,Seoul National University Press,,,ja,,https://cir.nii.ac.jp/crid/1970023484850156084,,,,확인
lee-yonghee-414b2c89,lee-yonghee,이용희,이용희,1983,민족주의의 개념,,장(章),"노재봉 편, 『한국민족주의와 국제정치 — 동주 이용희 선생 사은학술심포지움』(민음사)","노재봉 편, 『한국민족주의와 국제정치 — 동주 이용희 선생 사은학술심포지움』(민음사)",,213-220(범위는 추정),ko,,https://www.kci.go.kr/kciportal/ci/sereArticleSearch/ciSereArtiView.kci?sereArticleSearchBean.artiId=ART002261408,『동주 이용희 전집』 2권 「민족주의의 개념」 재수록,,,확인
noh-jaebong-82e4c14f,noh-jaebong,노재봉,盧 在鳳; 金 達中; 呉 沢燮,1983,中国民航機拉致事件の処理をめぐって,,논문,コリア評論 / 民族問題研究所 [編],東京 : コリア評論社,26,p4,ja,,https://cir.nii.ac.jp/crid/1521699230812703744,,,,확인
noh-jaebong-4008c7fa,noh-jaebong,노재봉,"노, 재봉 (盧在鳳)",1983,韓國民族主義와 國際政治 : 東洲 李用熙先生 謝恩學術심포지움,,저서,노재봉,民音社,,,ja,,https://ndlsearch.ndl.go.jp/books/R100000002-I028564129,,,,확인
noh-jaebong-1e90d56e,noh-jaebong,노재봉,"노재봉(盧在鳳, 서울대 사회대)",1983,마르크스 Bürgerliche Gesellschaft의 개념에 관하여,마르크스 “Burgerliche Gesellschaft”의 槪念에 關하여,논문,사회과학과 정책연구(社會科學과政策硏究),서울대학교 사회과학연구소,Vol.5 No.2,25-37,ko,,https://www.riss.kr/search/detail/DetailView.do?p_mat_type=1a0202e37d52c72d&control_no=6602e1e7bb1aaafa,,,,확인
noh-jaebong-5005e25a,noh-jaebong,노재봉,노재봉,1983,한국민주주의와 국제 정치,,저서,노재봉,민음사,,,ko,,https://www.riss.kr/search/detail/DetailView.do?p_mat_type=d7345961987b50bf&control_no=01408b8cf0cd8e19,,,,확인
ha-youngsun-e1639344,ha-youngsun,하영선,Young-Sun Ha,1984,Chapter 6. American-Korean Military Relations: Continuity and Change,,장(章),Korea and the United States,University of Hawaii Press,,111-130,en,10.1515/9780824887483-009,https://doi.org/10.1515/9780824887483-009,,,,확인
ha-youngsun-748353f2,ha-youngsun,하영선,Young-Sun Ha,1984,The Defence Industry of South Korea,,장(章),"James E. Katz, ed., Arms Production in Developing Countries: An Analysis of Decision Making","Lexington Books (Lexington, Mass.)",,,en,,http://www.hayoungsun.net/bio.asp,,,,확인
ha-youngsun-1394d408,ha-youngsun,하영선,하영선,1984,北韓의 韓國戰爭 해석,,논문,하영선,서울大學校 附設 國際問題硏究所,,,ko,,https://www.riss.kr/search/detail/DetailView.do?p_mat_type=1a0202e37d52c72d&control_no=ff21de45a8362d0b,,,,확인
ha-youngsun-c0870f4b,ha-youngsun,하영선,하영선 ( Young Sun Ha ),1984,외교 개념에 관한 연구 : 폭력외교 연구 - 현대 외교에 있어서 군사력의 역할 -,,논문,하영선,서울대학교 국제문제연구소,Vol.8 No.1,,ko,,https://www.riss.kr/search/detail/DetailView.do?p_mat_type=1a0202e37d52c72d&control_no=236b9eb362234523ffe0bdc3ef48d419,,,,확인
ha-youngsun-541fd8eb,ha-youngsun,하영선,하영선,1984,폭력외교연구 : 현대 외교에 있어서 군사력의 역할 The Role of Military Forces in the Contemporary Diplomacy,,논문,하영선,서울大學校 附設 國際問題硏究所,,,ko,,https://www.riss.kr/search/detail/DetailView.do?p_mat_type=1a0202e37d52c72d&control_no=7864f74e6ea096e6,,,,확인
ha-youngsun-0c147ef9,ha-youngsun,하영선,하영선 ( Young Sun Ha ),1984,한국전쟁의 재조명과 공산권 연구의 비판 : 북한의 한국전쟁 해석,,논문,하영선,서울대학교 국제문제연구소,Vol.8 No.1,,ko,,https://www.riss.kr/search/detail/DetailView.do?p_mat_type=1a0202e37d52c72d&control_no=bb6b9d1fae6763a3ffe0bdc3ef48d419,,,,확인
kim-yongkoo-cefe9615,kim-yongkoo,김용구,金 容九,1984,恐怖の核兵器SS20と韓半島,,논문,コリア評論 / 民族問題研究所 [編],東京 : コリア評論社,27,p24,ja,,https://cir.nii.ac.jp/crid/1524232504624007680,,,,확인
kim-yongkoo-5cbe0e8c,kim-yongkoo,김용구,김용구 ( Yong Koo Kim ),1984,외교 개념에 관한 연구 : 공산권에 있어서의 외교 개념 - 소련의 외교 개념을 중심으로 -,,논문,김용구,서울대학교 국제문제연구소,,,ko,,https://www.riss.kr/search/detail/DetailView.do?p_mat_type=1a0202e37d52c72d&control_no=59e30c97677a2ec9ffe0bdc3ef48d419,,,,확인
kim-yongkoo-9106fd0e,kim-yongkoo,김용구,김용구 ( Yong Koo Kim ),1984,한국전쟁의 재조명과 공산권 연구의 비판 : 소련의 한국전쟁 해석,,논문,김용구,서울대학교 국제문제연구소,,,ko,,https://www.riss.kr/search/detail/DetailView.do?p_mat_type=1a0202e37d52c72d&control_no=86e0b34430e01c07ffe0bdc3ef48d419,,,,확인
lee-yonghee-ca66bec4,lee-yonghee,이용희,이용희,1984,스스로 움직이는 社會가 건강하다 새아침「밝은내일」을위하여 對談,,좌담,동아일보,동아일보,1984-01-01 (3면),3면,ko,,https://newslibrary.naver.com/viewer/index.naver?articleId=1984010100209203001&editNo=2&printCount=1&publishDate=1984-01-01&officeId=00020&pageNo=3&printNo=19153&publishType=00020,『동주 이용희 전집』 6권 「스스로 움직이는 사회가 건강하다」 재수록,,,확인
noh-jaebong-60cffc2a,noh-jaebong,노재봉,金 悳; 鄭 鎔碩; 盧 在鳳,1984,ラングーン惨事はなぜ起ったか(新東亜十一月より抄訳),,논문,コリア評論 / 民族問題研究所 [編],東京 : コリア評論社,27,p6,ja,,https://cir.nii.ac.jp/crid/1521699230638010368,,,,확인
noh-jaebong-55a4cf6b,noh-jaebong,노재봉,노재봉 ( Jai Bong Ro ),1984,민족주의 연구 : Populism(민중주의) 논고,,논문,노재봉,서울대학교 국제문제연구소,Vol.8 No.1,,ko,,https://www.riss.kr/search/detail/DetailView.do?p_mat_type=1a0202e37d52c72d&control_no=f33cf234102a1398ffe0bdc3ef48d419,,,,확인
noh-jaebong-6d3e9b23,noh-jaebong,노재봉,노재봉 ( Jai Bong Ro ),1984,외교 개념에 관한 연구 : 외교와 Prudence,,논문,노재봉,서울대학교 국제문제연구소,Vol.8 No.1,,ko,,https://www.riss.kr/search/detail/DetailView.do?p_mat_type=1a0202e37d52c72d&control_no=daca760e23818dccffe0bdc3ef48d419,,,,확인
noh-jaebong-7d1374ce,noh-jaebong,노재봉,노재봉,1984,정치와 문화,,저서,노재봉,玄岩社,,,ko,,https://www.riss.kr/search/detail/DetailView.do?p_mat_type=d7345961987b50bf&control_no=1740b45bf887b7b9,,,,확인
noh-jaebong-993e5d9f,noh-jaebong,노재봉,노재봉 ( Jai Bong Ro ),1984,한국전쟁의 재조명과 공산권 연구의 비판 : 한국전쟁 연구의 재조명 - 서론,,논문,노재봉,서울대학교 국제문제연구소,Vol.8 No.1,,ko,,https://www.riss.kr/search/detail/DetailView.do?p_mat_type=1a0202e37d52c72d&control_no=e0aa29498fdb9a2dffe0bdc3ef48d419,,,,확인
ha-youngsun-87956fa1,ha-youngsun,하영선,河英善,1985,國際 커뮤니케이션과 統一,,논문,서울大學校 附設 國際問題硏究所,論文集,,,ko,,https://www.riss.kr/search/detail/DetailView.do?p_mat_type=1a0202e37d52c72d&control_no=5e1931ecc8f1a515,,,,확인
ha-youngsun-ad394d1b,ha-youngsun,하영선,河英善,1985,自衛隊戰力의 實證的 考察,,논문,서울大學校 附設 國際問題硏究所,論文集,,,ko,,https://www.riss.kr/search/detail/DetailView.do?p_mat_type=1a0202e37d52c72d&control_no=09a0284a9490c462,,,,확인
ha-youngsun-fed77086,ha-youngsun,하영선,하영선 ( Young Sun Ha ),1985,국제화시대의 민족의식 정립을 위한 연구 : 국제 커뮤니케이션과 통일,,논문,하영선,서울대학교 국제문제연구소,Vol.9 No.1,,ko,,https://www.riss.kr/search/detail/DetailView.do?p_mat_type=1a0202e37d52c72d&control_no=5b3220c55eaf0feaffe0bdc3ef48d419,,,,확인
ha-youngsun-867ca881,ha-youngsun,하영선,하영선 ( Young Sun Ha ),1985,일본의 군사연구 : 자위대전력의 실증적 고찰,,논문,하영선,서울대학교 국제문제연구소,Vol.9 No.1,,ko,,https://www.riss.kr/search/detail/DetailView.do?p_mat_type=1a0202e37d52c72d&control_no=e5431d6783145fe4ffe0bdc3ef48d419,,,,확인
kim-yongkoo-8e785d76,kim-yongkoo,김용구,金容九,1985,自衛隊戰力의 歷史的 考察,,논문,서울大學校 附設 國際問題硏究所,論文集,,,ko,,https://www.riss.kr/search/detail/DetailView.do?p_mat_type=1a0202e37d52c72d&control_no=b1e615698a1db3d5,,,,확인
kim-yongkoo-18883881,kim-yongkoo,김용구,김용구 ( Yong Koo Kim ),1985,국제화시대의 민족의식 정립을 위한 연구 : 서양 선교사들이 본 한국인상,,논문,김용구,서울대학교 국제문제연구소,,,ko,,https://www.riss.kr/search/detail/DetailView.do?p_mat_type=1a0202e37d52c72d&control_no=976ec106d045bd2dffe0bdc3ef48d419,,,,확인
kim-yongkoo-2786d169,kim-yongkoo,김용구,김용구 ( Yong Koo Kim ),1985,일본의 군사연구 : 자위대전력의 역사적 고찰,,논문,김용구,서울대학교 국제문제연구소,,,ko,,https://www.riss.kr/search/detail/DetailView.do?p_mat_type=1a0202e37d52c72d&control_no=2560cc6ce002fa2affe0bdc3ef48d419,,,,확인
lee-yonghee-52f6ac24,lee-yonghee,이용희,鄭良謨(責任監修); 李東洲 외(論考·解說),1985,檀園 金弘道 (韓國의 美 21) 論考·解說,檀園金弘道 / 韓國의美 21,장(章),韓國의 美 21 『檀園 金弘道』,中央日報社,,,ko,,https://cir.nii.ac.jp/crid/1970586434867099021,,,,확인
noh-jaebong-a35a14c7,noh-jaebong,노재봉,盧 在鳳,1985,光復40年特集を終えて--どれだけ近代化されたか,,논문,コリア評論 / 民族問題研究所 [編],東京 : コリア評論社,28,p37,ja,,https://cir.nii.ac.jp/crid/1522262180435807616,,,,확인
noh-jaebong-5e6fd1fe,noh-jaebong,노재봉,노재봉,1985,思想과 實踐 : 現實政治認識의 基礎,,저서,노재봉,녹두,,,ko,,https://www.riss.kr/search/detail/DetailView.do?p_mat_type=d7345961987b50bf&control_no=cf44c60da60b31e9,,,,확인
noh-jaebong-745c0fb4,noh-jaebong,노재봉,盧 在鳳,1985,政治,,논문,コリア評論 / 民族問題研究所 [編],東京 : コリア評論社,28,p26,ja,,https://cir.nii.ac.jp/crid/1522543654986175616,,,,확인
noh-jaebong-d4038c7c,noh-jaebong,노재봉,노재봉 ( Jai Bong Ro ),1985,국제화시대의 민족의식 정립을 위한 연구 : 국제 커뮤니케이션의 국제정치적 의의,,논문,노재봉,서울대학교 국제문제연구소,Vol.9 No.1,,ko,,https://www.riss.kr/search/detail/DetailView.do?p_mat_type=1a0202e37d52c72d&control_no=522cb83542199d50ffe0bdc3ef48d419,,,,확인
ha-youngsun-614d162e,ha-youngsun,하영선,하영선,1986,냉전과 한국,,논문,하영선,서울大學校 附設 國際問題硏究所,,,ko,,https://www.riss.kr/search/detail/DetailView.do?p_mat_type=1a0202e37d52c72d&control_no=7f3639064067db91,,,,확인
ha-youngsun-c95a11c8,ha-youngsun,하영선,하영선,1986,"냉전체제, 제3세계와 한국",,장(章),"김진균 편, 『제3세계와 한국의 사회학』",돌베개,,,ko,,http://www.hayoungsun.net/bio.asp,,,,확인
ha-youngsun-1b2d3ef4,ha-youngsun,하영선,하영선 ( Young Sun Ha ),1986,논문 : 냉전과 한국,,논문,하영선,서울대학교 국제문제연구소,Vol.10 No.1,,ko,,https://www.riss.kr/search/detail/DetailView.do?p_mat_type=1a0202e37d52c72d&control_no=5f6327242be9986affe0bdc3ef48d419,,,,확인
ha-youngsun-1f41f464,ha-youngsun,하영선,河英善,1986,한국국제정치학의 새로운 방향모색,,논문,서울대학교 사회과학연구소,社會科學과政策硏究,8(1),25-46,ko,,https://www.riss.kr/search/detail/DetailView.do?p_mat_type=1a0202e37d52c72d&control_no=47b417b8db16f3bd,,,,확인
kim-yongkoo-74acd96f,kim-yongkoo,김용구,김용구 ( Yong Koo Kim ); 박상섭 ( Sang Sop Park ),1986,논문 : 냉전의 기원과 수정주의 - 수정주의 주장의 비판적 검토 -,,논문,김용구,서울대학교 국제문제연구소,,,ko,,https://www.riss.kr/search/detail/DetailView.do?p_mat_type=1a0202e37d52c72d&control_no=23711a8c29746012ffe0bdc3ef48d419,,,,확인
noh-jaebong-3a284d93,noh-jaebong,노재봉,盧在鳳; 金哲洙; 邉衡尹; 金潤煥; 具常,1986,統一韓國의 未來像,,저서,,[國土統一院],,,ja,,https://cir.nii.ac.jp/crid/1971712334751917059,,,,확인
chun-chaesung-65867d79,chun-chaesung,전재성,전재성; 박재권; 박영하; 조영길; 강노원,1987,"서울대 졸업생, 왜 집단퇴장했나",,논문,전재성,세계평화교수협의회,,,ko,,https://www.riss.kr/search/detail/DetailView.do?p_mat_type=1a0202e37d52c72d&control_no=217766713ab65405d18150b21a227875,,,,미정
ha-youngsun-b71b0000,ha-youngsun,하영선,河英善,1987,새로운 국제정치이론을 찾아서 : '전쟁연구'를 중심으로,,논문,서울大學校 附設 國際問題硏究所,論文集,Vol.- No.11,,ko,,https://www.riss.kr/search/detail/DetailView.do?p_mat_type=1a0202e37d52c72d&control_no=94a526b9aceb5a50,,,,확인
ha-youngsun-c40770c7,ha-youngsun,하영선,하영선 ( Young Sun Ha ),1987,"특집 : 현대 국제정치학의 새로운 추세 연구 ; 새로운 국제정치이론을 찾아서: ""전쟁연구""를 중심으로",,논문,하영선,서울대학교 국제문제연구소,Vol.11 No.1,33-41,ko,,https://www.riss.kr/search/detail/DetailView.do?p_mat_type=1a0202e37d52c72d&control_no=d726b9a62ad50774ffe0bdc3ef48d419,,,,확인
kim-yongkoo-be22a8a1,kim-yongkoo,김용구,金容九,1987,東과 西 어디서 만나는가 : 金容九에세이,,저서,,文學思想社,,,ja,,https://cir.nii.ac.jp/crid/1971712334806479158,,,,미정
lee-yonghee-35f8a8c0,lee-yonghee,이용희,이동주(이용희),1987,「韓國近代繪畵百年展」에 즈음하여 : 傳統과 變化,,논문,미술자료(국립중앙박물관),미술자료(국립중앙박물관),제40호,10-31(22쪽),ko,,https://www.riss.kr/search/detail/DetailView.do?p_mat_type=1a0202e37d52c72d&control_no=9878e40e52008eac4884a65323211ff0,『동주 이용희 전집』 10권 「〈한국근대회화백년전〉에 즈음하여: 전통과 변화」 재수록,,,확인
lee-yonghee-5028aae2,lee-yonghee,이용희,이용희,1987,"朝鮮인터뷰 政治-美術「古稀저서」낸 李用熙 박사 ""美術도 政治学도 우리환경에 맞아야""",,좌담,조선일보,조선일보,1987-07-17 (5면),5면,ko,,https://newslibrary.naver.com/viewer/index.naver?articleId=1987071700239105001&editNo=1&printCount=1&publishDate=1987-07-17&officeId=00023&pageNo=5&printNo=20394&publishType=00010,전집 미수록,,,확인
lee-yonghee-2c867c86,lee-yonghee,이용희,李東洲,1987,李朝美術,,편저,講談社(東京),講談社(東京),韓国美術 3,,ja,,https://cir.nii.ac.jp/crid/1970867909801544473,,,,확인
lee-yonghee-a7833ce6,lee-yonghee,이용희,이용희,1987,激動期 젊은이희생 없게하자 새해 對談,,좌담,동아일보,동아일보,1987-01-01 (3면),3면,ko,,https://newslibrary.naver.com/viewer/index.naver?articleId=1987010100209203001&editNo=2&printCount=1&publishDate=1987-01-01&officeId=00020&pageNo=3&printNo=20078&publishType=00020,"『동주 이용희 전집』 6권 「격동기, 젊은이 희생 없게 하자」 재수록",,,확인
lee-yonghee-092a3fb4,lee-yonghee,이용희,李東洲(=李用熙),1987,韓國繪畵史論,,저서,열화당,열화당,,,ko,,https://www.nl.go.kr/NL/contents/search.do?pageNum=1&pageSize=50&srchTarget=total&kwd=%EC%9D%B4%EB%8F%99%EC%A3%BC%20%ED%95%9C%EA%B5%AD%ED%9A%8C%ED%99%94#viewKey=163650&viewType=AH1&category=%EB%8F%84%EC%84%9C,『동주 이용희 전집』 9권 재수록,,,확인
lee-yonghee-e3866a91,lee-yonghee,이용희,李用熙,1987,韓國과 世界政治 (李用熙著作集 1),,저서,民音社,民音社,李用熙著作集 1,573 p. ; 24 cm,ko,,https://www.nl.go.kr/NL/contents/search.do?pageNum=1&pageSize=50&srchTarget=total&kwd=%EC%9D%B4%EC%9A%A9%ED%9D%AC%EC%A0%80%EC%9E%91%EC%A7%91#viewKey=162727&viewType=AH1&category=%EB%8F%84%EC%84%9C,,,,확인
noh-jaebong-584c351e,noh-jaebong,노재봉,한승주; 어윤배; 홍성웅; 유세희; 홍원탁; 김상준; 김신행; 최창희; 이준근; 이길용; 차인석; 이형; 노재봉,1987,한국사회의 제문제,,저서,,민음사(民音社),,,ko,,https://cir.nii.ac.jp/crid/1970023484979383615,,,,확인
ha-youngsun-a09fa2dc,ha-youngsun,하영선,Young-Sun Ha,1988,Arms Control in Korea (회의 발표문),,기타,First Seoul National University–Stanford University Annual Workshop on Peace for the Korean Peninsula,,,,en,,http://www.hayoungsun.net/bio.asp,,,,확인
ha-youngsun-e561a2a2,ha-youngsun,하영선,Young-Sun Ha,1988,The Korean Military Balance: Myth and Reality (회의 발표문),,기타,KIDA·CSIS International Conference on the Future of ROK–U.S. Security Relations,Korea Institute for Defense Analyses,,,en,,http://www.hayoungsun.net/bio.asp,,,,확인
ha-youngsun-c858582e,ha-youngsun,하영선,金東成(토론자); 金國振(토론자); 河英善(토론자); 李崇熙(토론자); 具?列(토론자); 白奉欽(토론자); 朴斗福(토론자); 高昇均(토론자); 曺淮煥(토론자); 李昊宰(토론자),1988,討論,,논문,한국국제정치학회,國際政治論叢,Vol.28 No.1,,ko,,https://www.riss.kr/search/detail/DetailView.do?p_mat_type=1a0202e37d52c72d&control_no=41ff073d5d7fbcd9ffe0bdc3ef48d419,,,,확인
ha-youngsun-dc66f688,ha-youngsun,하영선,하영선,1988,평화체제와 주한미군,,기고,전망,,2권 9호,,ko,,http://www.hayoungsun.net/bio.asp,,,,확인
ha-youngsun-83892cbd,ha-youngsun,하영선,하영선,1988,한반도 군비경재의 재인식 : 전쟁에서 평화로 . V.18,,저서,하영선,인간사랑,,,ko,,https://www.riss.kr/search/detail/DetailView.do?p_mat_type=d7345961987b50bf&control_no=441fecc98e6874bb,,,,확인
ha-youngsun-b5eabcd5,ha-youngsun,하영선,하영선,1988,한반도 군비경쟁의 재인식 : 전쟁에서 평화로,,저서,하영선,인간사랑,,,ko,,https://www.riss.kr/search/detail/DetailView.do?p_mat_type=d7345961987b50bf&control_no=e0236df90423656a,,,,확인
kim-yongkoo-a84bcd0d,kim-yongkoo,김용구,Yong-Koo Kim,1988,"Park Joon-Kyoo, Essays on Diplomatic History of Korea",,논문,Korean Journal of International Relations,Korean Association of International Studies,27(2),309-311,en,10.14731/kjir.1988.01.27.2.309,https://doi.org/10.14731/kjir.1988.01.27.2.309,,,,확인
kim-yongkoo-6a4daae7,kim-yongkoo,김용구,金容九(서평자),1988,"朴俊圭, 『韓半島 國際政治史論』(서울大學校 出版部, 1986)",,논문,한국국제정치학회,國際政治論叢,Vol.27 No.2,,ko,,https://www.riss.kr/search/detail/DetailView.do?p_mat_type=1a0202e37d52c72d&control_no=75e7c131e15b6bb9ffe0bdc3ef48d419,,,,확인
kim-yongkoo-c858582e,kim-yongkoo,김용구,金容九(토론자); 孫浩哲(토론자); 具?列(토론자); 朴相燮(토론자); 金東成(토론자); 李崇熙(토론자); 金京壽(토론자); 河英善(토론자),1988,討論,,논문,한국국제정치학회,國際政治論叢,Vol.28 No.1,,ko,,https://www.riss.kr/search/detail/DetailView.do?p_mat_type=1a0202e37d52c72d&control_no=0b6ae641528a6963ffe0bdc3ef48d419,,,,확인
kim-yongkoo-1a697619,kim-yongkoo,김용구,金容九,1988,시베리아 개발과 서방의 기술 자본 도입문제,,논문,서울대학교 사회과학연구소,社會科學과政策硏究,,,ko,,https://www.riss.kr/search/detail/DetailView.do?p_mat_type=1a0202e37d52c72d&control_no=29bf0e518b903d76,,,,확인
lee-yonghee-e0bf9e61,lee-yonghee,이용희,이동주(이용희),1988,미술사와 미술사학 — 나의 한국전통회화 연구와 관련하여,,논문,미술사학보,미술사학보,제1집,,ko,,https://www.kci.go.kr/kciportal/ci/sereArticleSearch/ciSereArtiView.kci?sereArticleSearchBean.artiId=ART002228998,,,,확인
noh-jaebong-e058b1f1,noh-jaebong,노재봉,Jai-Bong Ro,1988,Intellectual Reflection on International Politics in a historical perspective,,논문,Korean Journal of International Relations,Korean Association of International Studies,28(1),35-40,en,10.14731/kjir.1988.10.28.1.35,https://doi.org/10.14731/kjir.1988.10.28.1.35,,,,확인
noh-jaebong-d92f2f62,noh-jaebong,노재봉,盧在鳳(Ro Jai-Bong),1988,韓國國際政治學의 知性史的 考察,,논문,한국국제정치학회,國際政治論叢,Vol.28 No.1,35-40,ko,,https://www.riss.kr/search/detail/DetailView.do?p_mat_type=1a0202e37d52c72d&control_no=aa622ad3742464faffe0bdc3ef48d419,,,,확인
chun-chaesung-b096da9f,chun-chaesung,전재성,전재성,1989,統一以後 10年間 베트남의 外交政策에 關한 硏究 : 인도차이나 聯邦樹立과 社會主義 經濟建設 追求를 中心으로,,학위논문,전재성,서울大學校 大學院,,,ko,,https://www.riss.kr/search/detail/DetailView.do?p_mat_type=be54d9b8bc7cdb09&control_no=a4704752ede39edd,,,,미정
ha-youngsun-4c96bd1c,ha-youngsun,하영선,Young-Sun Ha,1989,Studies on Analytic Framework of Korean Foreign Policy,,논문,Korean Journal of International Relations,Korean Association of International Studies,28(2),3-15,en,10.14731/kjir.1989.03.28.2.3,https://doi.org/10.14731/kjir.1989.03.28.2.3,,,,확인
ha-youngsun-adcd6753,ha-youngsun,하영선,Young-Sun Ha,1989,Towards a Long Road to Peace Unification (회의 발표문),,기타,"Seoul National University–Stanford University Workshop, Stanford",,,,en,,http://www.hayoungsun.net/bio.asp,,,,확인
ha-youngsun-25bc8581,ha-youngsun,하영선,河英善(Ha Young-Sun),1989,韓國外交政策 分析틀의 模索,,논문,한국국제정치학회,國際政治論叢,Vol.28 No.2,3-15,ko,,https://www.riss.kr/search/detail/DetailView.do?p_mat_type=1a0202e37d52c72d&control_no=b8e7c8617487b9fcffe0bdc3ef48d419,,,,확인
ha-youngsun-e7eff710,ha-youngsun,하영선,하영선,1989,제3편 한반도평화의(韓半島平和) 환경과 조건 : 제14장 한반도의 (韓半島) 군비축소 (軍備縮小) 현실적 모색 (摸索),,논문,하영선,고려대학교 평화연구소,,,ko,,https://www.riss.kr/search/detail/DetailView.do?p_mat_type=1a0202e37d52c72d&control_no=782c0dfca1682b2affe0bdc3ef48d419,,,,확인
ha-youngsun-35ef8ba7,ha-youngsun,하영선,하영선,1989,통일접근과정(統一接近過程)으로서의 민족공동체(民族共同體) 형성(形成) 모색(摸索),,논문,하영선,평화문제연구소,,,ko,,https://www.riss.kr/search/detail/DetailView.do?p_mat_type=1a0202e37d52c72d&control_no=34c3ebec9f1b2c51b7998d826d417196,,,,확인
ha-youngsun-b58ff30f,ha-youngsun,하영선,하영선,1989,한반도의 전쟁과 평화 : 군사적 긴장의 구조,,저서,하영선,청계연구소,,,ko,,https://www.riss.kr/search/detail/DetailView.do?p_mat_type=d7345961987b50bf&control_no=5e49ff964f768a81,,,,확인
ha-youngsun-e395cc08,ha-youngsun,하영선,하영선,1989,한반도의 핵무기,,장(章),"국토통일원 편, 『한반도의 군축과 평화』",국토통일원,,,ko,,http://www.hayoungsun.net/bio.asp,,,,확인
kim-yongkoo-4b7cd73f,kim-yongkoo,김용구,金容九,1989,ウィーン會議から1次大戰前夜まで,,저서,,ソウル大學校出版部,,,ja,,https://cir.nii.ac.jp/crid/1971430859837754253,,,,확인
kim-yongkoo-19825446,kim-yongkoo,김용구,김용구,1989,世界 外交史 . 2,,저서,김용구,서울大學校出版部,,,ko,,https://www.riss.kr/search/detail/DetailView.do?p_mat_type=d7345961987b50bf&control_no=16a9859c6c665379,,,,확인
kim-yongkoo-0f76f9e3,kim-yongkoo,김용구,金容九,1989,世界外交史,,저서,,[ソウル]大學校出版部,,,ja,,https://cir.nii.ac.jp/crid/1971993809692268960,,,,확인
kim-yongkoo-484786ea,kim-yongkoo,김용구,김용구,1989,"世界外交史 . 上 , 빈會議에서 1次大戰 前夜까지",,저서,김용구,서울大學校出版部,,,ko,,https://www.riss.kr/search/detail/DetailView.do?p_mat_type=d7345961987b50bf&control_no=86ca8c298706c6b4,,,,확인
kim-yongkoo-9a6c22f6,kim-yongkoo,김용구,김용구,1989,統一 論議에의 새로운 接近 : 軍縮과 民族 統合,,저서,김용구,國土統一院,,,ko,,https://www.riss.kr/search/detail/DetailView.do?p_mat_type=d7345961987b50bf&control_no=b773b40209911e02,,,,확인
noh-jaebong-10ed66b6,noh-jaebong,노재봉,조순; 최호중; 이규성; 정원식; 한승주; 김종인; 최영철; 최병렬; 이상희; 이홍구; 박철언; 현홍주; 노재봉(盧在鳳); 최창윤; 문희갑; 김종휘; 김학준,1989,민주·번영·통일의 90년대: 제6공화국이 나아가는 길,,저서,,을유문화사(乙酉文化社),,397 p.,ko,,https://ndlsearch.ndl.go.jp/books/R100000002-Ia1000019450,,,,확인
noh-jaebong-bc27ad7d,noh-jaebong,노재봉,노재봉,1989,제2편 평화의 (平和) 사회과학적 (社會科學的) 접근 (接近) : 제10장 현대전쟁체계와 (現代戰爭體系) 평화 (平和),,논문,노재봉,고려대학교 평화연구소,,,ko,,https://www.riss.kr/search/detail/DetailView.do?p_mat_type=1a0202e37d52c72d&control_no=d68d2b99cf1d0dcaffe0bdc3ef48d419,,,,확인
ha-youngsun-3773764e,ha-youngsun,하영선,하영선,1990,미국의 군사정책 결정과정,,장(章),"하영선 외 공저, 『미국의 대외관계: 법과 제도의 변화』",서울대학교출판부,,,ko,,http://www.hayoungsun.net/bio.asp,,,,확인
ha-youngsun-2b3fa3a3,ha-youngsun,하영선,하영선,1990,새로운 한미관계의 모색,,장(章),"구영록 외 편, 『한국의 평화구조』",법문사,,,ko,,http://www.hayoungsun.net/bio.asp,,,,확인
ha-youngsun-0215b97f,ha-youngsun,하영선,하영선 ( Young Sun Ha ),1990,제3편 평화정착과 (平和定着) 협력의 길 : 제9장 한반도의 군사균형과 군비축소,,논문,하영선,고려대학교 평화연구소,,,ko,,https://www.riss.kr/search/detail/DetailView.do?p_mat_type=1a0202e37d52c72d&control_no=76484690d7969ae6ffe0bdc3ef48d419,,,,확인
ha-youngsun-4c7c84f4,ha-youngsun,하영선,하영선,1990,한국전쟁의 새로운 접근 : 전통주의와 수정주의를 넘어서,,저서,하영선,나남,,,ko,,https://www.riss.kr/search/detail/DetailView.do?p_mat_type=d7345961987b50bf&control_no=e801a923547b3957,,,,확인
ha-youngsun-d54715c8,ha-youngsun,하영선,하영선,1990,한반도에서의 구조적 군비통제 방안,,장(章),"국토통일원 편, 『한반도 긴장완화와 평화정착』",국토통일원,,,ko,,http://www.hayoungsun.net/bio.asp,,,,확인
kim-yongkoo-8273e866,kim-yongkoo,김용구,金容九,1990,1次大戰から冷戰秩序の形成まで,,저서,,ソウル大學校出版部,,,ja,,https://cir.nii.ac.jp/crid/1970586434812533513,,,,확인
kim-yongkoo-0f76f9e3-2,kim-yongkoo,김용구,김용구,1990,世界外交史,,저서,김용구,서울대학교출판부,,,ko,,https://www.riss.kr/search/detail/DetailView.do?p_mat_type=d7345961987b50bf&control_no=a0d0b553fa3c58a7,,,,확인
kim-yongkoo-fd594c2c,kim-yongkoo,김용구,김용구,1990,"世界外交史 . 2 , 1次大戰에서 冷戰秩序의 形成까지",,저서,김용구,서울 大學校出版部,,,ko,,https://www.riss.kr/search/detail/DetailView.do?p_mat_type=d7345961987b50bf&control_no=18705927ebf557b2,,,,확인
noh-jaebong-e8ef6088,noh-jaebong,노재봉,노재봉,1990,1990 년대의 한국사회의 전망과 그 좌표 - 창립 1 주년 및 3.1 절 71 주년 기념 기독교 한국사회문제연구회 강연,,논문,노재봉,기독교한국문제연구회,,,ko,,https://www.riss.kr/search/detail/DetailView.do?p_mat_type=1a0202e37d52c72d&control_no=14fd28652a86df2effe0bdc3ef48d419,,,,확인
ha-youngsun-7c3284ff,ha-youngsun,하영선,하영선,1991,탈근대국제질서와 군비축소 1991` 평화연구,,논문,하영선,고려대학교 평화연구소,,,ko,,https://www.riss.kr/search/detail/DetailView.do?p_mat_type=1a0202e37d52c72d&control_no=3ee7504d0e259702ffe0bdc3ef48d419,,,,확인
ha-youngsun-cd7a7867,ha-youngsun,하영선,하영선,1991,탈냉전과 한반도의 평화,,논문,하영선,사회과학원,,,ko,,https://www.riss.kr/search/detail/DetailView.do?p_mat_type=1a0202e37d52c72d&control_no=b70f6e7e47f9c717ffe0bdc3ef48d419,,,,확인
ha-youngsun-63e0831b,ha-youngsun,하영선,하영선,1991,한반도의 핵무기와 세계질서,,저서,하영선,나남,,,ko,,https://www.riss.kr/search/detail/DetailView.do?p_mat_type=d7345961987b50bf&control_no=690b6f16199f8de3,,,,확인
ha-youngsun-59231372,ha-youngsun,하영선,하영선,1991,현대 국제 정치 이론,,저서,하영선,나남,,,ko,,https://www.riss.kr/search/detail/DetailView.do?p_mat_type=d7345961987b50bf&control_no=bc2e9e0ad33ab89d,,,,확인
noh-jaebong-72a319d5,noh-jaebong,노재봉,신성순(申成淳); 노재봉(盧在鳳); 이도형(李度珩); 강영구(姜英求); 민병문(閔丙文); 송정숙(宋貞淑),1991,민주화와 사고의 전환,민주화와 思考의 전환,좌담,관훈저널,관훈클럽,제51호,,ko,,https://www.riss.kr/search/detail/DetailView.do?p_mat_type=1a0202e37d52c72d&control_no=09f81604fd2be045ffe0bdc3ef48d419,,,,확인
ha-youngsun-f2d9f4c7,ha-youngsun,하영선,하영선,1992,논문 : 서울대 - 연변대 국제회의 ; 신동북아 평화질서의 모색,,논문,하영선,서울대학교 국제문제연구소,Vol.16 No.1,,ko,,https://www.riss.kr/search/detail/DetailView.do?p_mat_type=1a0202e37d52c72d&control_no=5df547664742e7a6ffe0bdc3ef48d419,,,,확인
ha-youngsun-ede366a3,ha-youngsun,하영선,하영선,1992,서문,,논문,하영선,서울대학교 국제문제연구소,,,ko,,https://www.riss.kr/search/detail/DetailView.do?p_mat_type=1a0202e37d52c72d&control_no=e81801246b3fde32c85d2949c297615a,,,,미정
ha-youngsun-33153a85,ha-youngsun,하영선,하영선,1992,서울대 - 연변대 국제회의 ; 신동북아 평화질서의 모색,,논문,하영선,서울대학교 국제문제연구소,,,ko,,https://www.riss.kr/search/detail/DetailView.do?p_mat_type=1a0202e37d52c72d&control_no=db2dbf2cf3bfec28e9810257f7042666,,,,확인
ha-youngsun-e15a3b08,ha-youngsun,하영선,하영선,1992,신동북아 평화질서의 모색,,논문,하영선,서울大學校 附設 國際問題硏究所,Vol.- No.16,123-134,ko,,https://www.riss.kr/search/detail/DetailView.do?p_mat_type=1a0202e37d52c72d&control_no=7450faaec62073a9,,,,확인
ha-youngsun-087efec8,ha-youngsun,하영선,하영선,1992,신세계 군사질서,,논문,하영선,사회과학원,,,ko,,https://www.riss.kr/search/detail/DetailView.do?p_mat_type=1a0202e37d52c72d&control_no=58bcd88761686c08ffe0bdc3ef48d419,,,,확인
ha-youngsun-d645f88f,ha-youngsun,하영선,하영선,1992,신세계 질서와 동북아 평화체제,,장(章),"서울대학교 세계경제연구소 편, 『신국제질서와 동북아경제협력』",서울대학교 세계경제연구소,,,ko,,http://www.hayoungsun.net/bio.asp,,,,확인
ha-youngsun-a3b6d16b,ha-youngsun,하영선,하영선,1992,탈근대 국제정치이론,,장(章),"이상우·하영선 편, 『현대국제정치학』",나남,,,ko,,http://www.hayoungsun.net/bio.asp,,,,확인
noh-jaebong-00664f15,noh-jaebong,노재봉,노재봉; 박호성,1992,"특별대담 : "" 새 대통령은 전문적 식견 갖춰야 """,,논문,노재봉,사회평론,,,ko,,https://www.riss.kr/search/detail/DetailView.do?p_mat_type=1a0202e37d52c72d&control_no=5cd019255d202b72ffe0bdc3ef48d419,,,,확인
ha-youngsun-8e09bee0,ha-youngsun,하영선,Young-Sun Ha,1993,Post-Cold War and Peace on the Korean Peninsula,,장(章),"Hong Yung Lee and Chung Chong Wook, eds., Korean Options in a Changing International Order (Korea Research Monograph 18)","Institute of East Asian Studies, University of California, Berkeley",,,en,,http://www.hayoungsun.net/bio.asp,,,,확인
ha-youngsun-f3da1130,ha-youngsun,하영선,Young-Sun Ha,1993,Post-Modern Development Project of the Demilitarized Zone in Korea,,논문,Korea Observer,,"Vol. XXIV, No. 3 (Autumn 1993)",,en,,http://www.hayoungsun.net/bio.asp,,,,확인
ha-youngsun-a357f98d,ha-youngsun,하영선,하영선,1993,脫現代 國際政治理論,,저서,하영선,세종연구소,,,ko,,https://www.riss.kr/search/detail/DetailView.do?p_mat_type=d7345961987b50bf&control_no=ecec2d9fadf79632,,,,확인
ha-youngsun-ede366a3-2,ha-youngsun,하영선,하영선,1993,서문,,논문,하영선,서울대학교 국제문제연구소,,,ko,,https://www.riss.kr/search/detail/DetailView.do?p_mat_type=1a0202e37d52c72d&control_no=27ae0fb02a58a10cd18150b21a227875,,,,미정
ha-youngsun-087efec8-2,ha-youngsun,하영선,하영선,1993,신세계 군사질서,,논문,안보학술논집,국방대학원 안보문제연구소,제3집 1호,,ko,,http://www.hayoungsun.net/bio.asp,,,,확인
ha-youngsun-41069b3e,ha-youngsun,하영선,하영선,1993,신세계 질서와 지구적 민족주의,,논문,비판,,제1호(1993 가을),,ko,,http://www.hayoungsun.net/bio.asp,,,,확인
ha-youngsun-13947526,ha-youngsun,하영선,하영선,1993,탈 근대지구 정치학 = Post-modern global politics,,저서,하영선,나남,,,ko,,https://www.riss.kr/search/detail/DetailView.do?p_mat_type=d7345961987b50bf&control_no=2b6134772384d134,,,,확인
ha-youngsun-64cedf31,ha-youngsun,하영선,하영선,1993,특집 : 한국 현대사의 재조명 2 ; 한국 현대사의 재조명 - 한국전쟁을 중심으로 -,,논문,하영선,서울대학교 국제문제연구소,Vol.17 No.1,,ko,,https://www.riss.kr/search/detail/DetailView.do?p_mat_type=1a0202e37d52c72d&control_no=f3109d6a15d1a578ffe0bdc3ef48d419,,,,확인
ha-youngsun-03da4b01,ha-youngsun,하영선,하영선,1993,한국 현대사의 재조명 2 ; 한국 현대사의 재조명 - 한국전쟁을 중심으로 -,,논문,하영선,서울대학교 국제문제연구소,,,ko,,https://www.riss.kr/search/detail/DetailView.do?p_mat_type=1a0202e37d52c72d&control_no=27ae0fb02a58a10c6aae8a972f9116fb,,,,확인
ha-youngsun-eb50f372,ha-youngsun,하영선,하영선,1993,한국 현대사의 재조명 : 한국전쟁을 중심으로,,논문,하영선,서울大學校 附設 國際問題硏究所,,,ko,,https://www.riss.kr/search/detail/DetailView.do?p_mat_type=1a0202e37d52c72d&control_no=bb217384ff736ded,,,,확인
kim-yongkoo-0f76f9e3-3,kim-yongkoo,김용구,김용구,1993,世界外交史,,저서,김용구,서울大學校出版部,,,ko,,https://www.riss.kr/search/detail/DetailView.do?p_mat_type=d7345961987b50bf&control_no=abf6da5d24cda2af,,,,확인
kim-yongkoo-bd6aaf9e,kim-yongkoo,김용구,金容九,1993,西洋國際法理論의 朝鮮傳來에 관한 小考(1),,논문,翰林大學校 泰東古典硏究所,泰東古典硏究,Vol.10 No.-,,ko,,https://www.riss.kr/search/detail/DetailView.do?p_mat_type=1a0202e37d52c72d&control_no=1fc2278281607fce,,,,확인
kim-yongkoo-48749c3a,kim-yongkoo,김용구,김용구,1993,특집 : 한국 현대사의 재조명 2 ; 한국전쟁과 소련,,논문,김용구,서울대학교 국제문제연구소,,,ko,,https://www.riss.kr/search/detail/DetailView.do?p_mat_type=1a0202e37d52c72d&control_no=445a1992ec06cf69ffe0bdc3ef48d419,,,,확인
kim-yongkoo-2e4d7741,kim-yongkoo,김용구,김용구,1993,한국 현대사의 재조명 2 ; 한국전쟁과 소련,,논문,김용구,서울대학교 국제문제연구소,,,ko,,https://www.riss.kr/search/detail/DetailView.do?p_mat_type=1a0202e37d52c72d&control_no=db2dbf2cf3bfec287ecd42904f0c5d65,,,,확인
kim-yongkoo-6ff81dfb,kim-yongkoo,김용구,金容九,1993,한국전쟁과 소련,,논문,서울大學校 附設 國際問題硏究所,論文集,,,ko,,https://www.riss.kr/search/detail/DetailView.do?p_mat_type=1a0202e37d52c72d&control_no=8eac81e5d65f2274,,,,확인
kim-yongkoo-376ab5fe,kim-yongkoo,김용구,김용구,1993,황해시대를 이끄는 잡지가 되길...,,논문,김용구,새얼문화재단,,,ko,,https://www.riss.kr/search/detail/DetailView.do?p_mat_type=1a0202e37d52c72d&control_no=1a8b6bf093841c72e9810257f7042666,,,,미정
ha-youngsun-10da7aa8,ha-youngsun,하영선,하영선,1994,미일 신원자력 협력협정에 관한 연구,,보고서,한국원자력연구소 연구보고서,한국원자력연구소,,,ko,,http://www.hayoungsun.net/bio.asp,,,,확인
ha-youngsun-20721e19,ha-youngsun,하영선,하영선,1994,핵무기의 윤리학,,논문,하영선,서울대학교 국제문제연구소,Vol.18 No.1,,ko,,https://www.riss.kr/search/detail/DetailView.do?p_mat_type=1a0202e37d52c72d&control_no=2c0c2d64f8bf8ba3ffe0bdc3ef48d419,,,,확인
ha-youngsun-597e766a,ha-youngsun,하영선,YiSang-u; 河英善,1994,현대 국제정치학,,저서,,나남출판,,,ja,,https://cir.nii.ac.jp/crid/1971993809762110495,,,,확인
kim-yongkoo-4c1d4bea,kim-yongkoo,김용구,김용구,1994,러시아 국제법,,저서,김용구,서울대학교출판부,,,ko,,https://www.riss.kr/search/detail/DetailView.do?p_mat_type=d7345961987b50bf&control_no=57b8d05b12b9a26d,,,,확인
lee-yonghee-fd8e55f8,lee-yonghee,이용희,이용희,1994,(국가연합론 강의) 미래의 세계정치,,저서,民音社,民音社,,332쪽,ko,,https://www.aladin.co.kr/shop/wproduct.aspx?ItemId=53790,『동주 이용희 전집』 5권 재수록,,,확인
lee-yonghee-69b9e412,lee-yonghee,이용희,이용희,1994,"인터뷰 喜壽 출판기념회 가진 元老 정치학자李用熙박사 ""정치인들「국가연합시대」대비를""",,좌담,동아일보,동아일보,1994-05-04 (4면),4면,ko,,https://newslibrary.naver.com/viewer/index.naver?articleId=1994050400209104004&editNo=45&printCount=1&publishDate=1994-05-04&officeId=00020&pageNo=4&printNo=22503&publishType=00010,,,,확인
ha-youngsun-e66fdeb1,ha-youngsun,하영선,Sang-Sop Park; Young-Sun Ha,1995,The Study of International Relations : Current State of Art in the United States and Korea,,논문,Korean Journal of International Relations,Korean Association of International Studies,35(1),303-313,en,10.14731/kjir.1995.12.35.1.303,https://doi.org/10.14731/kjir.1995.12.35.1.303,,,,확인
ha-youngsun-6064a418,ha-youngsun,하영선,河英善; 朴相燮,1995,近代國際秩序形成에 관한 硏究 : 軍事的 및 思想的 基礎,,논문,서울大學校 附設 國際問題硏究所,論文集,,,ko,,https://www.riss.kr/search/detail/DetailView.do?p_mat_type=1a0202e37d52c72d&control_no=d154e5d3ab8f6570,,,,확인
ha-youngsun-84ee8443,ha-youngsun,하영선,河英善,1995,국제 군사 관계 연구를 위한 기초 자료 활용 방안,,논문,서울大學校 附設 國際問題硏究所,論文集,,,ko,,https://www.riss.kr/search/detail/DetailView.do?p_mat_type=1a0202e37d52c72d&control_no=5ede6e5a671838bf,,,,확인
ha-youngsun-9cd05ff9,ha-youngsun,하영선,하영선,1995,국제정치 연구에 있어서 기초 자료 활용 방안에 관한 연구 ; 국제 군사 관계 연구를 위한 기초 자료 활용 방안,,논문,하영선,서울대학교 국제문제연구소,Vol.19 No.1,,ko,,https://www.riss.kr/search/detail/DetailView.do?p_mat_type=1a0202e37d52c72d&control_no=c90341f9b4a1ded0d18150b21a227875,,,,확인
ha-youngsun-d79a41a6,ha-youngsun,하영선,박상섭; 하영선,1995,논문 : 근대 국제질서 형성에 관한 연구: 군사적 및 사상적 기초,,논문,하영선,서울대학교 국제문제연구소,Vol.19 No.1,,ko,,https://www.riss.kr/search/detail/DetailView.do?p_mat_type=1a0202e37d52c72d&control_no=a1b448dcc7b95991ffe0bdc3ef48d419,,,,확인
ha-youngsun-812c7351,ha-youngsun,하영선,朴相燮(Sang Sop Park); 河英善(Young Sun Ha),1995,미국 국제정치학의 추세와 한국 국제정치학의 상황 1995 국제정치논총,,논문,한국국제정치학회,국제정치논총,Vol.35 No.1,303-313,ko,,https://www.riss.kr/search/detail/DetailView.do?p_mat_type=1a0202e37d52c72d&control_no=30e151ed3a096adfffe0bdc3ef48d419,,,,확인
ha-youngsun-0c9e8665,ha-youngsun,하영선,하영선,1995,역사문제연구소 역사비평사 주최 대토론 : 미국과 한반도 1945∼1995 한·미 군사관계의 역사적 재검토,,논문,하영선,역사문제연구소,,,ko,,https://www.riss.kr/search/detail/DetailView.do?p_mat_type=1a0202e37d52c72d&control_no=f8fe85fadade5bcaffe0bdc3ef48d419,,,,확인
ha-youngsun-81a2f7be,ha-youngsun,하영선,하영선,1995,특집 : 국제정치 연구에 있어서 기초 자료 활용 방안에 관한 연구 ; 국제 군사 관계 연구를 위한 기초 자료 활용 방안,,논문,하영선,서울대학교 국제문제연구소,Vol.19 No.1,,ko,,https://www.riss.kr/search/detail/DetailView.do?p_mat_type=1a0202e37d52c72d&control_no=1d353f08789c2500ffe0bdc3ef48d419,,,,확인
ha-youngsun-59231372-2,ha-youngsun,하영선,하영선,1995,현대국제정치이론,,저서,하영선,사회비평사,,,ko,,https://www.riss.kr/search/detail/DetailView.do?p_mat_type=d7345961987b50bf&control_no=c8b9ac5c10c9df16,,,,확인
kim-yongkoo-f8180d2d,kim-yongkoo,김용구,김용구,1995,韓日外交未刊極秘史料叢書 . 30,,저서,김용구,亞細亞文化社,,,ko,,https://www.riss.kr/search/detail/DetailView.do?p_mat_type=d7345961987b50bf&control_no=94f0a58422f4bfed,,,,확인
lee-yonghee-1d0a2b89,lee-yonghee,이용희,이용희,1995,“미술史는 화가보다 作品위주로 봐야”,,좌담,조선일보,조선일보,1995-12-10 (15면),15면,ko,,https://newslibrary.naver.com/viewer/index.naver?articleId=1995121000239115001&editNo=1&printCount=1&publishDate=1995-12-10&officeId=00023&pageNo=15&printNo=23224&publishType=00010,전집 미수록,,,확인
lee-yonghee-8e6a624c-3,lee-yonghee,이용희,이동주,1995,우리나라의 옛 그림,,저서,학고재,학고재,,436쪽,ko,,https://www.aladin.co.kr/shop/wproduct.aspx?ItemId=109724,『동주 이용희 전집』 8권 재수록,,,확인
ha-youngsun-945a4958,ha-youngsun,하영선,하영선,1996,21세기 조선책략,,논문,국가전략,,Vol.2 No.2(가을/겨울),,ko,,http://www.hayoungsun.net/bio.asp,,,,확인
ha-youngsun-04cfaa4d,ha-youngsun,하영선,하영선,1996,아시아 태평양 1996,,편저,서울대학교 지역종합연구소(국제지역원) 연간 보고서,까치,,,ko,,https://www.aladin.co.kr/shop/wproduct.aspx?ItemId=94332,,,,정정
ha-youngsun-b1e94f1f,ha-youngsun,하영선,하영선; 김인준; 김기환,1996,아시아태평양지역 협력체제의 전망과 과제,,논문,하영선,서울대학교 국제지역원,5(3),1-51,ko,,https://www.riss.kr/search/detail/DetailView.do?p_mat_type=1a0202e37d52c72d&control_no=51c305ec3f6b3b15,,,,확인
ha-youngsun-2f92fd6f,ha-youngsun,하영선,金容九; 河英善,1996,한국 외교사 연구 : 기본사료・문헌해제,,저서,,나남출판,,,ja,,https://cir.nii.ac.jp/crid/1970304959956688444,,,,확인
kim-yongkoo-ade70985,kim-yongkoo,김용구,金容九,1996,[ロシア]国際法學[の]傳統,,저서,,集文堂,,,ja,,https://cir.nii.ac.jp/crid/1970586434923545874,,,,확인
kim-yongkoo-2f92fd6f,kim-yongkoo,김용구,金容九; 河英善,1996,한국 외교사 연구 : 기본사료・문헌해제,,저서,,나남출판,,,ja,,https://cir.nii.ac.jp/crid/1970304959956688444,,,,확인
lee-yonghee-d012beb7,lee-yonghee,이용희,이동주,1996,우리 옛그림의 아름다움: 전통회화의 감상과 흐름,,저서,시공사,시공사,,384쪽,ko,,https://www.aladin.co.kr/shop/wproduct.aspx?ItemId=109365,『동주 이용희 전집』 10권 재수록,,,확인
lee-yonghee-8d32ca1e,lee-yonghee,이용희,이용희,1996,팔순의 李用熙씨「우리 옛그림…」곧 출간 老정치학자의 고미술外道60년 병상서 펴낸 미술사力著,,좌담,경향신문,경향신문,1996-05-24 (13면),13면,ko,,https://newslibrary.naver.com/viewer/index.naver?articleId=1996052400329113014&editNo=40&printCount=1&publishDate=1996-05-24&officeId=00032&pageNo=13&printNo=15775&publishType=00010,전집 미수록,,,확인
noh-jaebong-2000d80c,noh-jaebong,노재봉,노재봉,1996,객석에서 무대위로,,저서,노재봉,도담,,,ko,,https://www.riss.kr/search/detail/DetailView.do?p_mat_type=d7345961987b50bf&control_no=29c85f5143ca4617,,,,확인
noh-jaebong-7d130134,noh-jaebong,노재봉,노재봉,1996,한국 통일문제의 기본 성격과 접근법,,논문,노재봉,한국공공정책학회,,,ko,,https://www.riss.kr/search/detail/DetailView.do?p_mat_type=1a0202e37d52c72d&control_no=9aa17eaf3121bb5dffe0bdc3ef48d419,,,,확인
chun-chaesung-95c3d473,chun-chaesung,전재성,전재성,1997,"Classical realists as skeptics : E. H. Carr, Hans Morgenthau, and Reinhold Niebuhr",,학위논문,전재성,Northwestern University,,,ko,,https://www.riss.kr/search/detail/DetailView.do?p_mat_type=be54d9b8bc7cdb09&control_no=03671c731270b959,,,,확인
ha-youngsun-21a1e341,ha-youngsun,하영선,하영선,1997,21세기 신문명과 민족통일의 과제,,장(章),"한상진 편, 『현대사회와 과학문명』",나남,,,ko,,http://www.hayoungsun.net/bio.asp,,,,확인
ha-youngsun-bbdf0562,ha-youngsun,하영선,河英善,1997,"Korea and Japan : past, present and future",,저서,,[s.n.],,,ja,,https://cir.nii.ac.jp/crid/1970304959933869208,,,,확인
ha-youngsun-c72d1c73,ha-youngsun,하영선,하영선,1997,신동북아질서와 평화체제의 구축,,장(章),"김태현 편, 『신동아시아 안보질서』(세종연구소 연구총서 97-05)",세종연구소,,,ko,,http://www.hayoungsun.net/bio.asp,,,,확인
ha-youngsun-85c46b77,ha-youngsun,하영선,하영선,1997,한국과 일본 : 새로운 만남을 위한 역사인식,,저서,하영선,나남출판,,,ko,,https://www.riss.kr/search/detail/DetailView.do?p_mat_type=d7345961987b50bf&control_no=9beff39cdb749e22,,,,확인
ha-youngsun-682e3038,ha-youngsun,하영선,하영선,1997,한반도의 평화 구상,,장(章),"중앙일보 한국통일학술포럼 편, 『민족통일의 전망과 과제』",중앙일보 통일문화연구소,,,ko,,http://www.hayoungsun.net/bio.asp,,,,확인
ha-youngsun-75e3d2b5,ha-youngsun,하영선,하영선,1997,핵연료 주기 연구개발을 위한 국제정치 환경,,보고서,한국원자력연구소 연구보고서,한국원자력연구소,,,ko,,http://www.hayoungsun.net/bio.asp,,,,확인
ha-youngsun-06485659,ha-youngsun,하영선,하영선,1997,한국 외교의 과제: 대미 관계,,논문,,,,,ko,,https://www.riss.kr/search/detail/DetailView.do?p_mat_type=d7345961987b50bf&control_no=cfb19caafba780d4,,,,확인
kim-yongkoo-2c94f277,kim-yongkoo,김용구,김용구,1997,中國 學界의 國際法 硏究動向,,논문,김용구,서울大學校 國際問題硏究所,,,ko,,https://www.riss.kr/search/detail/DetailView.do?p_mat_type=1a0202e37d52c72d&control_no=6b5c71e5224f69c7,,,,확인
kim-yongkoo-987e1009,kim-yongkoo,김용구,김용구 ( Yong Koo Kim ),1997,논문 : 중국 학계의 국제법 연구동향,,논문,김용구,서울대학교 국제문제연구소,,,ko,,https://www.riss.kr/search/detail/DetailView.do?p_mat_type=1a0202e37d52c72d&control_no=653d35c026a58546ffe0bdc3ef48d419,,,,확인
kim-yongkoo-906a67bb,kim-yongkoo,김용구,김용구,1997,세계관 충돌의 국제 정치학 : 동양 禮와 서양 公法,,저서,김용구,나남,,,ko,,https://www.riss.kr/search/detail/DetailView.do?p_mat_type=d7345961987b50bf&control_no=7204793c9ab8e650,,,,확인
kim-yongkoo-906a67bb-2,kim-yongkoo,김용구,金容九,1997,세계관충돌의국제정치학 : 동양禮와서양公法,,저서,,나남출판,,,ja,,https://cir.nii.ac.jp/crid/1971712334770493354,,,,확인
kim-yongkoo-9d450683,kim-yongkoo,김용구,김용구,1997,세계외교사,,저서,김용구,서울대학교출판부,,,ko,,https://www.riss.kr/search/detail/DetailView.do?p_mat_type=d7345961987b50bf&control_no=96cce81e1af814fe,,,,확인
kim-yongkoo-445639f4,kim-yongkoo,김용구,김용구,1997,원로논단 / 세계외교사를 왜 배우나?,,기고,,,,,ko,,https://www.nl.go.kr/NL/contents/search.do?srchTarget=total&kwd=%EC%9B%90%EB%A1%9C%EB%85%BC%EB%8B%A8%20%EC%84%B8%EA%B3%84%EC%99%B8%EA%B5%90%EC%82%AC,,,,미검증
kim-yongkoo-6f261b2c,kim-yongkoo,김용구,김용구,1997,춤추는 회의 : 비엔나회의 외교,,저서,김용구,나남,,,ko,,https://www.riss.kr/search/detail/DetailView.do?p_mat_type=d7345961987b50bf&control_no=39bae11967283431,,,,확인
ha-youngsun-750ef332,ha-youngsun,하영선,하영선,1998,21세기 서유견문,21세기의 「西遊見聞」,기고,지성의 현장,,Vol.8 No.2,,ko,,http://www.hayoungsun.net/bio.asp,,,,확인
ha-youngsun-63e0831b-2,ha-youngsun,하영선,河英善,1998,한반도의 핵무기와 세계질서,,저서,,나남,,,ja,,https://cir.nii.ac.jp/crid/1970586434901325574,,,,확인
kim-yongkoo-9d450683-2,kim-yongkoo,김용구,김용구,1998,세계외교사,,저서,김용구,서울대학교출판부,,,ko,,https://www.riss.kr/search/detail/DetailView.do?p_mat_type=d7345961987b50bf&control_no=f6bf5f4fe7b399dd,,,,확인
chun-chaesung-18c6eee2,chun-chaesung,전재성,전재성,1999,19세기 유럽협조체제에 대한 국제제도론적 분석 : 현실주의와 구성주의 제도론의 시각에서,,논문,전재성,경남대학교 극동문제연구소,Vol.15 No.2,,ko,,https://www.riss.kr/search/detail/DetailView.do?p_mat_type=1a0202e37d52c72d&control_no=4a4d8a8ba1c0a87dffe0bdc3ef48d419,,,,확인
chun-chaesung-82ceda84,chun-chaesung,전재성,전재성(Chun Chaesung),1999,E. H. 카아의 비판적 현실주의 국제정치이론,,논문,전재성,한국정치학회,Vol.33 No.3,,ko,,https://www.riss.kr/search/detail/DetailView.do?p_mat_type=1a0202e37d52c72d&control_no=5b8faf926bbcba27ffe0bdc3ef48d419,,,,확인
chun-chaesung-adf16a1e,chun-chaesung,전재성,전재성,1999,한스 모겐소(Hans Morgenthau)의 고전적 현실주의 국제정치이론: 메타이론적 검토와 실천지(prudence)의 의미,,논문,전재성,서울대학교 국제지역원,Vol.8 No.2,,ko,,https://www.riss.kr/search/detail/DetailView.do?p_mat_type=1a0202e37d52c72d&control_no=dc3e26cc33899cf3,,,,확인
ha-youngsun-3a274c17,ha-youngsun,하영선,Young-Sun Ha,1999,The Historical Development of Korean Globalization: Kukchehwa and Segyehwa,,장(章),"Chung-in Moon, ed., Democratization and Globalization in Korea: Assessments and Prospects",Yonsei University Press (Seoul),,,en,,http://www.hayoungsun.net/bio.asp,,,,정정
kim-yongkoo-cefe9615-2,kim-yongkoo,김용구,金 容九,1999,恐怖の核兵器SS20と韓半島,,논문,,,,,ja,,https://ndlsearch.ndl.go.jp/books/R000000004-I2645824,,,,확인
kim-yongkoo-aecc45cd,kim-yongkoo,김용구,金 容九; 月脚 達彦,1999,朝鮮における万国公法の受容と適用,,논문,東アジア近代史 / 東アジア近代史学会 編,東京 : ゆまに書房,,27,ja,,https://cir.nii.ac.jp/crid/1520853835400607744,,,,확인
kim-yongkoo-8e389824,kim-yongkoo,김용구,金容九,1999,朝鮮에 있어서 萬國公法의 受用과 適用,,논문,서울大學校 國際問題硏究所,세계정치,Vol.- No.23,1-25,ko,,https://www.riss.kr/search/detail/DetailView.do?p_mat_type=1a0202e37d52c72d&control_no=4b1ade54ad1753a8,,,,확인
kim-yongkoo-b7b35339,kim-yongkoo,김용구,김용구 ( Yong Koo Kim ),1999,논문 : 조선에 있어서 만국공법의 수용과 적용,,논문,김용구,서울대학교 국제문제연구소,Vol.23 No.1,,ko,,https://www.riss.kr/search/detail/DetailView.do?p_mat_type=1a0202e37d52c72d&control_no=4d0695cb1274d83fffe0bdc3ef48d419,,,,확인
noh-jaebong-93f29f18,noh-jaebong,노재봉,노재봉,1999,2000년대 세계정세 변화와 한국정치의 과제 : 제1107회 1999. 9. 2 [녹음자료],,저서,노재봉,인간개발연구원,,,ko,,https://www.riss.kr/search/detail/DetailView.do?p_mat_type=d7345961987b50bf&control_no=e2697f03ee8d6cc2,,,,확인
noh-jaebong-60cffc2a-2,noh-jaebong,노재봉,金 悳; 鄭 鎔碩; 盧 在鳳,1999,ラングーン惨事はなぜ起ったか(新東亜十一月より抄訳),,논문,,,,,ja,,https://ndlsearch.ndl.go.jp/books/R000000004-I2566262,,,,확인
noh-jaebong-82e4c14f-2,noh-jaebong,노재봉,盧 在鳳; 金 達中; 呉 沢燮,1999,中国民航機拉致事件の処理をめぐって,,논문,,,,,ja,,https://ndlsearch.ndl.go.jp/books/R000000004-I2544408,,,,확인
noh-jaebong-a35a14c7-2,noh-jaebong,노재봉,盧 在鳳,1999,光復40年特集を終えて--どれだけ近代化されたか,,논문,,,,,ja,,https://ndlsearch.ndl.go.jp/books/R000000004-I2725285,,,,확인
noh-jaebong-745c0fb4-2,noh-jaebong,노재봉,盧 在鳳,1999,政治,,논문,,,,,ja,,https://ndlsearch.ndl.go.jp/books/R000000004-I2725282,,,,확인
chun-chaesung-1ff494ea,chun-chaesung,전재성,Chaesung Chun,2000,Missile Technology Control Regime and US missile policy: Theories of international institutions and practical implication on North Korean missile issue,,논문,Korean Journal of International Relations,Korean Association of International Studies,39(3),39-59,en,10.14731/kjir.2000.02.39.3.39,https://doi.org/10.14731/kjir.2000.02.39.3.39,,,,확인
chun-chaesung-10ddc1d2,chun-chaesung,전재성,Chaesung Chun,2000,Theoretical Approaches to Alliance: Implications on the R.O.K.-U.S. Alliance,,논문,Seoul National University Open Repository (Seoul National University),Seoul National University,7,,en,,https://openalex.org/W2108306626,,,,미정
chun-chaesung-c4cac01f,chun-chaesung,전재성,전재성,2000,구성주의 국제정치이론의 평가와 수용,,논문,전재성,한국국제정치학회,Vol.93 No.-,,ko,,https://www.riss.kr/search/detail/DetailView.do?p_mat_type=1a0202e37d52c72d&control_no=aaf034ce2cbefc0cffe0bdc3ef48d419,,,,확인
chun-chaesung-20147484,chun-chaesung,전재성,전재성(Chun Chaesung),2000,미사일기술통제레김(MTCR)과 미국의 미사일정책,,논문,전재성,한국국제정치학회,Vol.39 No.3,,ko,,https://www.riss.kr/search/detail/DetailView.do?p_mat_type=1a0202e37d52c72d&control_no=b7f848442368f695ffe0bdc3ef48d419,,,,확인
chun-chaesung-4e8629a8,chun-chaesung,전재성,전재성(Chun Chaesung),2000,현실주의 국제제도론을 위한 시론,,논문,전재성,한국정치학회,Vol.34 No.2,,ko,,https://www.riss.kr/search/detail/DetailView.do?p_mat_type=1a0202e37d52c72d&control_no=182085e706bc0937ffe0bdc3ef48d419,,,,확인
ha-youngsun-dde7f06f,ha-youngsun,하영선,하영선,2000,21세기 미국군사의 역사적 전망,,논문,미국학,,23,147-168,ko,,https://s-space.snu.ac.kr/handle/10371/88536,,,,확인
ha-youngsun-dd2e7fb0,ha-youngsun,하영선,하영선,2000,21세기 미국의 역사적 전망 21세기 미국군사의 역사적 전망 2000,,논문,,,,,ko,,https://www.riss.kr/search/detail/DetailView.do?p_mat_type=1a0202e37d52c72d&control_no=84db46747263c58fffe0bdc3ef48d419,,,,확인
ha-youngsun-69eabac5,ha-youngsun,하영선,하영선 (河英善),2000,國際化와 世界化 : 韓國·中國·日本,,저서,하영선,集文堂,,,ko,,https://www.riss.kr/search/detail/DetailView.do?p_mat_type=d7345961987b50bf&control_no=7a7429993da446c4,,,,확인
ha-youngsun-aa046b5a,ha-youngsun,하영선,河英善,2000,國際化와 世界化 : 韓國・中國・日本,,저서,,集文堂,,,ja,,https://cir.nii.ac.jp/crid/1971993809730232221,,,,확인
ha-youngsun-34ff4356,ha-youngsun,하영선,하영선,2000,북한 핵ㆍ미사일의 주기적 위기-강성대국과 페리보고서-`,,논문,하영선,사회과학원,,,ko,,https://www.riss.kr/search/detail/DetailView.do?p_mat_type=1a0202e37d52c72d&control_no=d34d970dc360ddd9ffe0bdc3ef48d419,,,,확인
ha-youngsun-93d39923,ha-youngsun,하영선,하영선 ( Young Sun Ha ),2000,특집 : 21세기 미국의 역사적 전망 ; 21세기 미국군사의 역사적 전망,,논문,하영선,서울대학교 미국학연구소,,,ko,,https://www.riss.kr/search/detail/DetailView.do?p_mat_type=1a0202e37d52c72d&control_no=84db46747263c58fffe0bdc3ef48d419,,,,확인
kim-yongkoo-aecc45cd-2,kim-yongkoo,김용구,金 容九; 月脚 達彦,2000,朝鮮における万国公法の受容と適用,,논문,,,,,ja,,https://ndlsearch.ndl.go.jp/books/R000000004-I5343526,,,,확인
kim-yongkoo-9d450683-3,kim-yongkoo,김용구,김용구,2000,세계외교사,,저서,김용구,서울대학교출판부,,,ko,,https://www.riss.kr/search/detail/DetailView.do?p_mat_type=d7345961987b50bf&control_no=598de31cb309c72dffe0bdc3ef48d419,,,,확인
kim-yongkoo-e467fc9a,kim-yongkoo,김용구,金容九,2000,세계외교사를 왜 배우나?,,기고,,한국정치학회,,,ko,,https://www.nl.go.kr/NL/contents/search.do?srchTarget=total&kwd=%EC%84%B8%EA%B3%84%EC%99%B8%EA%B5%90%EC%82%AC%EB%A5%BC%20%EC%99%9C%20%EB%B0%B0%EC%9A%B0%EB%82%98%20%ED%95%9C%EA%B5%AD%EC%A0%95%EC%B9%98%ED%95%99%ED%9A%8C,,,,미검증
noh-jaebong-516fac65,noh-jaebong,노재봉,노재봉,2000,1992년 4대 선거와 한국정치의 대과제 [녹음자료],,저서,노재봉,人間開發硏究院,,,ko,,https://www.riss.kr/search/detail/DetailView.do?p_mat_type=d7345961987b50bf&control_no=7079a594a213c742,,,,확인
chun-chaesung-365918f3,chun-chaesung,전재성,Chaesung Chun,2001,"Hans Morgenthau on realist normative theory, Cold War structure and some implications on Inter‐Korean relations",,논문,Global Economic Review,Taylor & Francis,30(1),24-44,en,10.1080/12265080108449811,https://doi.org/10.1080/12265080108449811,,,,확인
chun-chaesung-1172c3d4,chun-chaesung,전재성,전재성,2001,변화하는 국제정세와 바람직한 대북정책의 추진방향,,논문,전재성,사회과학원,,,ko,,https://www.riss.kr/search/detail/DetailView.do?p_mat_type=1a0202e37d52c72d&control_no=88f215df8450b3efffe0bdc3ef48d419,,,,확인
chun-chaesung-6b261390,chun-chaesung,전재성,이근; 전재성,2001,안보론에 있어 구성주의와 현실주의의 만남,,논문,한국과 국제정치,극동문제연구소,17(1),163-198,ko,,https://www.kci.go.kr/kciportal/ci/sereArticleSearch/ciSereArtiView.kci?sereArticleSearchBean.artiId=ART000894547,,,,확인
ha-youngsun-dde7f06f-2,ha-youngsun,하영선,하영선,2001,21세기 미국 군사의 역사적 전망,,장(章),"서울대학교 미국학연구소 편, 『21세기 미국의 역사적 전망 I: 정치·외교·환경』",서울대학교출판부,,,ko,,http://www.hayoungsun.net/bio.asp,,,,확인
ha-youngsun-a447befc,ha-youngsun,하영선,Young-Sun Ha,2001,The Cycles of North Korean Nuclear/Missile Crisis: Kangsong Taeguk vs. Perry Report,,논문,하영선 개인 홈페이지 논문란 게재(원 수록처 미확인. 국문본 「북한 핵·미사일의 주기적 위기」의 영문판),,,,en,,http://www.hayoungsun.net/panelView.asp?bytag=p&catcode=&code=ys_article&idx=39&id=article&page=2,,,,확인
ha-youngsun-7c4e43e2,ha-youngsun,하영선,하영선,2001,동주국제정치학과 21세기,東州國際政治學과 21세기,논문,하영선 개인 홈페이지 논문란 게재(원 수록처 미확인. 이용희 『국제정치원론』·『일반국제정치학(상)』 평가),,,,ko,,http://www.hayoungsun.net/panelView.asp?bytag=p&catcode=&code=ys_article&idx=42&id=article&page=2,,,,확인
ha-youngsun-8318df97,ha-youngsun,하영선,하영선,2001,유길준의 문명개화론: 전통과 근대의 복합화,유길준의 文明開化論 : 傳統과 近代의 複合化,논문,하영선 개인 홈페이지 논문란 게재(원 수록처 미확인),,,,ko,,http://www.hayoungsun.net/panelView.asp?bytag=p&catcode=&code=ys_article&idx=36&id=article&page=2,,,,확인
ha-youngsun-692f8bd1,ha-youngsun,하영선,하영선,2001,조선의 근대사회과학개념 도입사: 문명,조선의 근대사회과학개념 도입사: [文明],논문,하영선 개인 홈페이지 논문란 게재(원 수록처 미확인),,,,ko,,http://www.hayoungsun.net/article.asp,,,,확인
kim-yongkoo-85a8ee3e,kim-yongkoo,김용구,Yongkoo Kim,2001,"The Five Years' Crisis, 1866-1871: Korea in the Maelstrom of Western Imperialism",,저서,,"Circle(원), Seoul — distributed by University of Hawai'i Press",,170,en,,https://openlibrary.org/books/OL12797524M,,,,정정
kim-yongkoo-656c16f1,kim-yongkoo,김용구,김용구,2001,세계관 충돌과 한말 외교사:1866~1882,,논문,문학과지성사,,,,ko,,https://www.riss.kr/search/detail/DetailView.do?p_mat_type=d7345961987b50bf&control_no=51400b4bf34c1446,,,,확인
kim-yongkoo-9d450683-4,kim-yongkoo,김용구,김용구,2001,세계외교사,,저서,김용구,서울대학교출판부,,,ko,,https://www.riss.kr/search/detail/DetailView.do?p_mat_type=d7345961987b50bf&control_no=d362e37a19cbbdfaffe0bdc3ef48d419,,,,확인
kim-yongkoo-24a8392d,kim-yongkoo,김용구,김용구,2001,영구 평화를 위한 외로운 산책자의 꿈 : 루소와 국제정치,,저서,김용구,원,,,ko,,https://www.riss.kr/search/detail/DetailView.do?p_mat_type=d7345961987b50bf&control_no=a4f508b2c9717e76,,,,확인
kim-yongkoo-461d306a,kim-yongkoo,김용구,최갑수; Choe; Gap-Su,2001,"저자초대석 - ""세계관 충돌과 한말 외교사, 1866-1882"" 펴낸 김용구 교수",,논문,대한출판문화협회,출판저널,,,ko,,https://www.riss.kr/search/detail/DetailView.do?p_mat_type=1a0202e37d52c72d&control_no=e1d44ebef2985c6747de9c1710b0298d,,,,확인
chun-chaesung-49fb9d36,chun-chaesung,전재성,Chung‐in Moon; Chaesung Chun,2002,3. Sovereignty: Dominance of the Westphalian Concept and Implications for Regional Security,,장(章),Stanford University Press eBooks,Stanford University Press,,106-138,en,10.1515/9780804779197-008,https://doi.org/10.1515/9780804779197-008,,,,확인
chun-chaesung-557ec9ed,chun-chaesung,전재성,전재성(Chun Chaesung); 박건영(Park Kun Young),2002,국제관계이론의 한국적 수용과 대안적 접근,,논문,국제정치논총,한국국제정치학회,42(4),7-26,ko,,https://www.kci.go.kr/kciportal/ci/sereArticleSearch/ciSereArtiView.kci?sereArticleSearchBean.artiId=ART000875646,,,,확인
chun-chaesung-cdb6e348,chun-chaesung,전재성,전재성 ( Chae Sung Chun ),2002,북방정책 : 노태우 행정부의 북방정책 결정요인과 변화과정 분석,,논문,전재성,서울대학교 국제문제연구소,Vol.24 No.1,,ko,,https://www.riss.kr/search/detail/DetailView.do?p_mat_type=1a0202e37d52c72d&control_no=da515f987b931a15ffe0bdc3ef48d419,,,,확인
chun-chaesung-324e124c,chun-chaesung,전재성,전재성,2002,한반도 안보에 대한 젠더화된 관점에서 접근 : 남성성의 국제정치학이론의 비판적 고찰과 대안의 모색 Masculinity in International Relations Theory and Its Alternative,,논문,전재성,淑明女子大學校 亞細亞女性問題硏究所,Vol.41 No.-,,ko,,https://www.riss.kr/search/detail/DetailView.do?p_mat_type=1a0202e37d52c72d&control_no=d549116adf3b2ffdffe0bdc3ef48d419,,,,확인
chun-chaesung-cc9a154a,chun-chaesung,전재성,전재성,2002,한반도 안보에 대한 젠더화된 관점에서의 접근 - 남성성의 국제정치학이론의 비판적 고찰과 대안의 모색,,논문,아시아여성연구,아시아여성연구원,41,,ko,,https://www.kci.go.kr/kciportal/ci/sereArticleSearch/ciSereArtiView.kci?sereArticleSearchBean.artiId=ART000887412,,,,확인
chun-chaesung-38fabf46,chun-chaesung,전재성,전재성,2002,"협상이론의 관점에서 본 남· 북 ·미 3국간관계: 이익, 권력, 정체성, 다면게임의 요소 분석",,논문,국제.지역연구,국제학연구소,11(2),1-22,ko,,https://www.kci.go.kr/kciportal/ci/sereArticleSearch/ciSereArtiView.kci?sereArticleSearchBean.artiId=ART000988452,,,,확인
ha-youngsun-ccf63258,ha-youngsun,하영선,하영선,2002,2003년 북미관계와 대북정책,,논문,하영선 개인 홈페이지 논문란 게재(원 수록처 미확인),,,,ko,,http://www.hayoungsun.net/panelView.asp?bytag=p&catcode=&code=ys_article&idx=43&id=article&page=2,,,,정정
ha-youngsun-b4e3b331,ha-youngsun,하영선,하영선,2002,21세기 평화학,,저서,하영선,풀빛,,,ko,,https://www.riss.kr/search/detail/DetailView.do?p_mat_type=d7345961987b50bf&control_no=378a595e7637cb9d,,,,확인
ha-youngsun-cca4ad66,ha-youngsun,하영선,하영선,2002,9·11 테러와 세계질서의 변화,,저서,하영선,세종연구소,,,ko,,https://www.riss.kr/search/detail/DetailView.do?p_mat_type=d7345961987b50bf&control_no=25704dad65190458,,,,확인
ha-youngsun-e2f62776,ha-youngsun,하영선,河英善,2002,文明의 國際 政治學 : 近代 韓國의 文明 槪念 導入史 The Conceptual History of 'Civilization' in 19th Century Korea,,논문,서울大學校 國際問題硏究所,세계정치,Vol.- No.24,,ko,,https://www.riss.kr/search/detail/DetailView.do?p_mat_type=1a0202e37d52c72d&control_no=bcb100ccf628cb9affe0bdc3ef48d419,,,,확인
ha-youngsun-75834275,ha-youngsun,하영선,하영선 ( Young Sun Ha ),2002,개념사 : 문명의 국제 정치학: 근대 한국의 문명 개념 도입사,,논문,하영선,서울대학교 국제문제연구소,Vol.24 No.1,319-344,ko,,https://www.riss.kr/search/detail/DetailView.do?p_mat_type=1a0202e37d52c72d&control_no=88d3efe026017222ffe0bdc3ef48d419,,,,확인
ha-youngsun-c3f0cfbe,ha-youngsun,하영선,하영선,2002,근대 한국의 평화 개념 도입사,,장(章),"하영선 편, 『21세기 평화학』",풀빛,,,ko,,http://www.hayoungsun.net/bio.asp,,,,확인
ha-youngsun-54e7b3c9,ha-youngsun,하영선,하영선,2002,문명의 국제 정치학,,논문,하영선,서울대학교 국제문제연구소,Vol.24 No.1,,ko,,https://www.riss.kr/search/detail/DetailView.do?p_mat_type=1a0202e37d52c72d&control_no=69170c364d878c18c85d2949c297615a,,,,확인
ha-youngsun-4eeefe70,ha-youngsun,하영선,하영선,2002,미국의 신안보전략과 미래세계질서 2002 국방연구원,,논문,,,,,ko,,https://www.riss.kr/search/detail/DetailView.do?p_mat_type=d7345961987b50bf&control_no=bffea9d7939bbc5e,,,,확인
ha-youngsun-f263f2d3,ha-youngsun,하영선,하영선,2002,사이버공간의 세계정치 : 베스트 사이트 1000 해제,,저서,하영선,이슈투데이,,,ko,,https://www.riss.kr/search/detail/DetailView.do?p_mat_type=d7345961987b50bf&control_no=1c65362ff5e27343,,,,확인
ha-youngsun-fca149e0,ha-youngsun,하영선,장성만; 장제국; 하영선; 정찬구; 이즈미; 김영진; 오꼬노기; 주비코프,2002,토론 : 서해교전과 햇볕정책 딜레마를 풀어야,,논문,하영선,한국지역사회연구소,,,ko,,https://www.riss.kr/search/detail/DetailView.do?p_mat_type=1a0202e37d52c72d&control_no=1f0bc03c1bcf78b6ffe0bdc3ef48d419,,,,미정
kim-yongkoo-41c4fff2,kim-yongkoo,김용구,김용구,2002,새로운 외교사 연구를 위하여,,논문,김용구,한국국제정치학회,Vol.104 No.-,1-3,ko,,https://www.riss.kr/search/detail/DetailView.do?p_mat_type=1a0202e37d52c72d&control_no=322c244dc393c917ffe0bdc3ef48d419,,,,확인
kim-yongkoo-8956f1c5,kim-yongkoo,김용구,김용구,2002,외교사란 무엇인가,,저서,김용구,원,,,ko,,https://www.riss.kr/search/detail/DetailView.do?p_mat_type=d7345961987b50bf&control_no=d2f6957f7dd7ce79,,,,확인
noh-jaebong-e6cb007d,noh-jaebong,노재봉,노재봉,2002,2002한국의 선택과 경제를 살리는 정치 : 제1230회 2002. 1. 10 [녹음자료],,저서,노재봉,인간개발연구원,,,ko,,https://www.riss.kr/search/detail/DetailView.do?p_mat_type=d7345961987b50bf&control_no=507318cf4fcb0c22ffe0bdc3ef48d419,,,,확인
chun-chaesung-86fac1a9,chun-chaesung,전재성,전재성,2003,관여(engagement)정책의 국제정치이론적 기반과 한국의 대북 정책,,논문,국제정치논총,한국국제정치학회,43(1),231-251,ko,,https://www.kci.go.kr/kciportal/ci/sereArticleSearch/ciSereArtiView.kci?sereArticleSearchBean.artiId=ART000875765,,,,확인
chun-chaesung-a637b6b5,chun-chaesung,전재성,전재성,2003,미-이라크전의 전후 처리 과정 분석: 반테러 전쟁과 민주정권 수립을 위한 개입적 패권 사업,,논문,국가전략,세종연구소,9(2),5-29,ko,,https://www.kci.go.kr/kciportal/ci/sereArticleSearch/ciSereArtiView.kci?sereArticleSearchBean.artiId=ART000910134,,,,확인
chun-chaesung-299a9eac,chun-chaesung,전재성,전재성,2003,아프간 전쟁 이후 미국의 대테러전쟁과 신안보전략,,논문,전재성,숙명여자대학교 사회│교육과학연구소,,,ko,,https://www.riss.kr/search/detail/DetailView.do?p_mat_type=1a0202e37d52c72d&control_no=791d51007e392760ffe0bdc3ef48d419,,,,확인
ha-youngsun-b121dd5e,ha-youngsun,하영선,하영선,2003,문명의 국제정치학: 19세기 조선의 문명개념 도입사,,장(章),"국제관계연구회 편, 『국제정치와 한국 1: 근대국제질서와 한반도』",을유문화사,,,ko,,http://www.hayoungsun.net/bio.asp,,,,확인
ha-youngsun-4f2c2187,ha-youngsun,하영선,John Baylis; Steve Smith; 하영선 외 옮김,2003,세계정치론 (초판),"The Globalization of World Politics: An Introduction to International Relations, 2nd ed.",역서,,을유문화사,,,ko,,http://www.hayoungsun.net/bio.asp,,,,확인
ha-youngsun-aa95f081,ha-youngsun,하영선,하영선,2003,한반도 핵문제와 위기해소방안,,논문,하영선 개인 홈페이지 논문란 게재(원 수록처 미확인),,,,ko,,http://www.hayoungsun.net/article.asp?page=2&code=ys_article&category=&searchopt=&searchkey=&catcode=,,,,확인
kim-yongkoo-5bf20b66,kim-yongkoo,김용구,김용구,2003,국제정치학사,,논문,김용구,한국정치학회,Vol.- No.-,279-308,ko,,https://www.riss.kr/search/detail/DetailView.do?p_mat_type=1a0202e37d52c72d&control_no=bea6d67c0a0dfdd9ffe0bdc3ef48d419,,,,확인
kim-yongkoo-9d450683-5,kim-yongkoo,김용구,김용구,2003,세계외교사,,저서,김용구,서울대학교출판부,,,ko,,https://www.riss.kr/search/detail/DetailView.do?p_mat_type=d7345961987b50bf&control_no=e20d0796114d7009,,,,확인
chun-chaesung-2bd60403,chun-chaesung,전재성,전재성,2004,1965년 한일국교정상화와 베트남 파병을 둘러싼 미국의 대한(對韓)외교정책,,논문,한국정치외교사논총,한국정치외교사학회,26(1),63-90,ko,,https://www.kci.go.kr/kciportal/ci/sereArticleSearch/ciSereArtiView.kci?sereArticleSearchBean.artiId=ART001160491,,,,확인
chun-chaesung-ecf92842,chun-chaesung,전재성,전재성,2004,21세기 한미관계의 방향,,논문,전재성,경남대학교 극동문제연구소,,,ko,,https://www.riss.kr/search/detail/DetailView.do?p_mat_type=1a0202e37d52c72d&control_no=194daf70090fe1c37ecd42904f0c5d65,,,,확인
chun-chaesung-5786b113,chun-chaesung,전재성,Chaesung Chun,2004,Alliance theory and South Korea's alliance Policy,,논문,,,47(2),63-94,ko,,https://openalex.org/W2966286762,,,,확인
chun-chaesung-11d4c97c,chun-chaesung,전재성,하영선; 전재성,2004,[개정] 북핵문제와 6자회담 : 평가와 전망,,논문,전재성,재단법인 동아시아연구원,,,ko,,https://www.riss.kr/search/detail/DetailView.do?p_mat_type=1a0202e37d52c72d&control_no=adf63ccd759afcd87ecd42904f0c5d65,,,,확인
chun-chaesung-f7a36d12,chun-chaesung,전재성,전재성,2004,동맹이론과 한국의 동맹정책,,논문,국방연구,국가안전보장문제연구소,47(2),63-94,ko,,https://www.kci.go.kr/kciportal/ci/sereArticleSearch/ciSereArtiView.kci?sereArticleSearchBean.artiId=ART001464620,,,,확인
chun-chaesung-dc9792d1,chun-chaesung,전재성,전재성,2004,"역사,사상,이론과 동아시아 : 주권과 국제관계 ; 기획논문 : 국가주권의 재성찰",,논문,전재성,서울대학교 국제문제연구소,Vol.1 No.-,,ko,,https://www.riss.kr/search/detail/DetailView.do?p_mat_type=1a0202e37d52c72d&control_no=9f1ba0fe48d3708cffe0bdc3ef48d419,,,,확인
ha-youngsun-ea64415d,ha-youngsun,하영선,하영선,2004,21세기 한반도 백년대계 : 부강국가를 넘어서 지식국가로,,저서,하영선,풀빛,,,ko,,https://www.riss.kr/search/detail/DetailView.do?p_mat_type=d7345961987b50bf&control_no=5457d30ae39e3043,,,,확인
ha-youngsun-11d4c97c,ha-youngsun,하영선,하영선; 전재성,2004,[개정] 북핵문제와 6자회담 : 평가와 전망,,논문,하영선,재단법인 동아시아연구원,,,ko,,https://www.riss.kr/search/detail/DetailView.do?p_mat_type=1a0202e37d52c72d&control_no=adf63ccd759afcd87ecd42904f0c5d65,,,,확인
ha-youngsun-517e2169,ha-youngsun,하영선,하영선,2004,국난극복의 새정치: 19세기와 21세기,,장(章),"하영선 편, 『21세기 한반도 백년대계: 부강국가를 넘어서 지식국가로』",풀빛,,,ko,,http://www.hayoungsun.net/bio.asp,,,,확인
ha-youngsun-dfd9140d,ha-youngsun,하영선,하영선,2004,변화하는 세계 바로 보기,,편저,,나남출판,나남신서 1068 / ISBN 9788930080682,288쪽,ko,,https://www.aladin.co.kr/shop/wproduct.aspx?ItemId=531215,,,,정정
ha-youngsun-11afc623,ha-youngsun,하영선,하영선,2004,부강국가를 넘어서 지식국가로,,장(章),"하영선 편, 『21세기 한반도 백년대계: 부강국가를 넘어서 지식국가로』",풀빛,,,ko,,http://www.hayoungsun.net/bio.asp,,,,확인
ha-youngsun-90d86188,ha-youngsun,하영선,하영선,2004,북핵문제의 21세기적 해결방안,,기고,평화포럼21,,2004년 창간호,,ko,,http://www.hayoungsun.net/bio.asp,,,,확인
ha-youngsun-4ac90894,ha-youngsun,하영선,하영선,2004,세계정보화와 그물망지식국가,,논문,하영선 개인 홈페이지 논문란 게재(원 수록처 미확인),,,,ko,,http://www.hayoungsun.net/panelView.asp?bytag=p&catcode=&code=ys_article&idx=53&id=article&page=2,,,,확인
ha-youngsun-27bddbc0,ha-youngsun,하영선,하영선,2004,"역사,사상,이론과 동아시아 : 개념 도입사 ; 기획논문 : 변화하는 세계와 개념사",,논문,하영선,서울대학교 국제문제연구소,Vol.2 No.-,3-13,ko,,https://www.riss.kr/search/detail/DetailView.do?p_mat_type=1a0202e37d52c72d&control_no=44b18b4b38890fe8ffe0bdc3ef48d419,,,,확인
ha-youngsun-5f061913,ha-youngsun,하영선,하영선,2004,역사속의 젊은 그들 청소년역사강좌 제12강 2004,,논문,,,,,ko,,https://www.riss.kr/search/detail/DetailView.do?p_mat_type=d7345961987b50bf&control_no=2223bddd0e8d719bffe0bdc3ef48d419,,,,확인
ha-youngsun-d6d70bec,ha-youngsun,하영선,하영선,2004,위험의 복합화와 한반도,,장(章),"아산사회복지재단 편, 『위험재난사회 어떻게 대응할 것인가』",아산사회복지재단,,,ko,,http://www.hayoungsun.net/bio.asp,,,,확인
ha-youngsun-722ac93f,ha-youngsun,하영선,하영선,2004,젊은이들이여 변화하는 세계를 바로 보자,,장(章),"하영선 편, 『변화하는 세계 바로 보기』",나남출판,,,ko,,http://www.hayoungsun.net/bio.asp,,,,확인
ha-youngsun-60126e30,ha-youngsun,하영선,하영선,2004,하영선 NSPR4 북핵문제와 6자회담,,논문,개정,,,,ko,,https://www.eai.or.kr/press/press_01_view.php?no=10255,,,,확인
ha-youngsun-53210cf5,ha-youngsun,하영선,하영선,2004,"하영선,전재성 NSPR1 북핵문제와 6자회담",,논문,,,,,ko,,https://www.eai.or.kr/press/press_01_view.php?no=10251,,,,확인
ha-youngsun-10c1aa4c,ha-youngsun,하영선,하영선,2004,한국외교의 과제: 대미관계를 중심으로,,장(章),"김진현·김형국·전상인 공편, 『대한민국 어디로 가야 하나』",나남출판,,,ko,,http://www.hayoungsun.net/bio.asp,,,,확인
kim-yongkoo-656c16f1-2,kim-yongkoo,김용구,김용구 (金容九),2004,"『 세계관 충돌 과 한말 외교사, 1866∼1882』",,논문,韓國史市民講座,일조각,Vol.34 No.-,,ko,,https://www.riss.kr/search/detail/DetailView.do?p_mat_type=1a0202e37d52c72d&control_no=1c3661ac26b1b593ffe0bdc3ef48d419,,,,확인
kim-yongkoo-140f69e4,kim-yongkoo,김용구,김용구,2004,임오군란과 갑신정변 : 사대질서 변형과 한국 외교사,,저서,김용구,원,,,ko,,https://www.riss.kr/search/detail/DetailView.do?p_mat_type=d7345961987b50bf&control_no=21a48ed20443636d,,,,확인
kim-yongkoo-4c4a5592,kim-yongkoo,김용구,金容九,2004,임오군란과 갑신정변 : 사대질서의 변형과 한국 외교사,,저서,,원,,,ja,,https://cir.nii.ac.jp/crid/1971993809687703743,,,,확인
kim-yongkoo-03fb061b,kim-yongkoo,김용구,김용구,2004,장 자크 루소와 국제정치 : 영구평화를 위한 외로운 산책자의 꿈,,저서,김용구,원,,,ko,,https://www.riss.kr/search/detail/DetailView.do?p_mat_type=d7345961987b50bf&control_no=d1c320c23257fa8e,,,,확인
chun-chaesung-5f249472,chun-chaesung,전재성,전재성,2005,1960년대와 1970년대 세계적 데땅뜨의 내부 구조:지역적 주도권의 변화과정 분석,,논문,국제정치논총,한국국제정치학회,45(3),33-56,ko,,https://www.kci.go.kr/kciportal/ci/sereArticleSearch/ciSereArtiView.kci?sereArticleSearchBean.artiId=ART001114389,,,,확인
chun-chaesung-258d3064,chun-chaesung,전재성,전재성,2005,The ROK-U.S. Policy of Cooperation for the Solution of the North Korean Nuclear Crisis,,논문,The Korean Journal of Security Affairs,국가안전보장문제연구소,10(1),65-85,ko,,https://www.kci.go.kr/kciportal/ci/sereArticleSearch/ciSereArtiView.kci?sereArticleSearchBean.artiId=ART001464433,,,,확인
chun-chaesung-42d8f1c5,chun-chaesung,전재성,전재성,2005,『세계와 미국』,,논문,미국학,미국학연구소,28,321-325,ko,,https://www.kci.go.kr/kciportal/ci/sereArticleSearch/ciSereArtiView.kci?sereArticleSearchBean.artiId=ART001235614,,,,확인
chun-chaesung-fe9b19cd,chun-chaesung,전재성,이수형,2005,국제안보 패러다임의 변화와 동북아 안보체제,,논문,국방연구,국가안전보장문제연구소,48(2),71-100,ko,,https://www.kci.go.kr/kciportal/ci/sereArticleSearch/ciSereArtiView.kci?sereArticleSearchBean.artiId=ART001041454,,,,확인
chun-chaesung-2f46161f,chun-chaesung,전재성,전재성,2005,라인홀드 니이버의 기독교적 현실주의 국제정치사상:자기애의 인간본성과 국제정치에서의 실천지,,논문,국제.지역연구,국제학연구소,14(4),1-32,ko,,https://www.kci.go.kr/kciportal/ci/sereArticleSearch/ciSereArtiView.kci?sereArticleSearchBean.artiId=ART001135012,,,,확인
chun-chaesung-32db3e96,chun-chaesung,전재성,전재성,2005,부시행정부 2기 미국의 외교정책과 한반도,,논문,전재성,한국평화연구학회,,,ko,,https://www.riss.kr/search/detail/DetailView.do?p_mat_type=1a0202e37d52c72d&control_no=83ebdf7460380a37c85d2949c297615a,,,,확인
chun-chaesung-1b248592,chun-chaesung,전재성,전재성,2005,"서평 : 이삼성, 『세계와 미국』 (서울: 한길사, 2001)",,논문,전재성,서울대학교 미국학연구소,,,ko,,https://www.riss.kr/search/detail/DetailView.do?p_mat_type=1a0202e37d52c72d&control_no=dee6a9def95f0898ffe0bdc3ef48d419,,,,확인
ha-youngsun-4081ad2d,ha-youngsun,하영선,하영선,2005,2005년의 국제정치학적 추억,,논문,하영선,한국국제정치학회,Vol.114 No.-,4-4,ko,,https://www.riss.kr/search/detail/DetailView.do?p_mat_type=1a0202e37d52c72d&control_no=09fe1aae708132a6ffe0bdc3ef48d419,,,,확인
ha-youngsun-eb118bcf,ha-youngsun,하영선,하영선,2005,미국의 대선결과와 대한반도정책 전망,,기고,한일협력,,2005년 봄호,,ko,,http://www.hayoungsun.net/bio.asp,,,,확인
ha-youngsun-cbd4e37e,ha-youngsun,하영선,하영선; 김영호; 김명섭,2005,한국외교사와 국제정치학: 한국국제정치학 바로 세우기,,장(章),"하영선·김영호·김명섭 공편, 『한국외교사와 국제정치학』",성신여자대학교 출판부,,,ko,,http://www.hayoungsun.net/bio.asp,,,,확인
ha-youngsun-1a8c13dd,ha-youngsun,하영선,하영선(河英善),2005,한말 외교사의 현대적 교훈,,논문,하영선,일조각,Vol.36 No.-,,ko,,https://www.riss.kr/search/detail/DetailView.do?p_mat_type=1a0202e37d52c72d&control_no=dfb2e00cd4af4402ffe0bdc3ef48d419,,,,확인
heo-sujin-62b9fba3,heo-sujin,허수진,허수진,2005,Corporate restructuring in Korea and WTO agreement on subsidies and countervailing measures,,학위논문,허수진,서울大學校 國際大學院,,,ko,,https://www.riss.kr/search/detail/DetailView.do?p_mat_type=be54d9b8bc7cdb09&control_no=a1efa077fe9259b2,,,,미정
lee-yonghee-a9accf94,lee-yonghee,이용희,Lee Dongju (李東洲=李用熙); Robert Carrubba (tr.); Kim Kyongsook (tr.),2005,The Beauty of Old Korean Paintings: A History and an Appreciation,,저서,Saffron Korea Library,"Saffron Books (Eastern Art Publishing), London",,160,en,,https://openlibrary.org/books/OL12079409M,,,,정정
noh-jaebong-c9536733,noh-jaebong,노재봉,노재봉,2005,역대 국가 지도자의 현대적 조명 . 상 - 하 [비디오 녹화자료],,저서,노재봉,한국산학경영연구소 [공급] 시티플렉스,,,ko,,https://www.riss.kr/search/detail/DetailView.do?p_mat_type=d7345961987b50bf&control_no=286486898e7e71bdffe0bdc3ef48d419,,,,확인
chun-chaesung-11d4c97c-2,chun-chaesung,전재성,하영선; 전재성,2006,(제2차 개정본)북핵문제와 6자회담: 평가와 전망,,논문,전재성,재단법인 동아시아연구원,,,ko,,https://www.riss.kr/search/detail/DetailView.do?p_mat_type=1a0202e37d52c72d&control_no=bf58eba95cb8bd98c85d2949c297615a,,,,확인
chun-chaesung-f5bf38c9,chun-chaesung,전재성,전재성,2006,미국 부시행정부의 변환외교: 정보화시대 제국적 지식외교의 등장,,논문,국가전략,세종연구소,12(4),41-72,ko,,https://www.kci.go.kr/kciportal/ci/sereArticleSearch/ciSereArtiView.kci?sereArticleSearchBean.artiId=ART001025540,,,,확인
chun-chaesung-7137536d,chun-chaesung,전재성,전재성,2006,안보논단 : 한미동맹의 현황과 향후 과제,,논문,전재성,해병대 전략연구소,,,ko,,https://www.riss.kr/search/detail/DetailView.do?p_mat_type=1a0202e37d52c72d&control_no=9480e9a970c0bfe7ffe0bdc3ef48d419,,,,확인
chun-chaesung-66632410,chun-chaesung,전재성,전재성(Chaesung Chun),2006,인간안보와 여성안보 : 동아시아에서의 여성안보 논의,,논문,전재성,고려대학교 일민국제관계연구원,,,ko,,https://www.riss.kr/search/detail/DetailView.do?p_mat_type=1a0202e37d52c72d&control_no=35a24fab4e19e928ffe0bdc3ef48d419,,,,확인
chun-chaesung-f5af463b,chun-chaesung,전재성,전재성,2006,한반도 평화체제,,논문,전재성,재단법인 동아시아연구원,,,ko,,https://www.riss.kr/search/detail/DetailView.do?p_mat_type=1a0202e37d52c72d&control_no=bf58eba95cb8bd987ecd42904f0c5d65,,,,확인
chun-chaesung-d46280e4,chun-chaesung,전재성,전재성,2006,한반도 평화체제: 남북한의 구상과 정책 비교검토,,논문,한국과 국제정치,극동문제연구소,22(1),33-66,ko,,https://www.kci.go.kr/kciportal/ci/sereArticleSearch/ciSereArtiView.kci?sereArticleSearchBean.artiId=ART001108554,,,,확인
chun-chaesung-34437527,chun-chaesung,전재성,전재성,2006,현실주의적 구성주의와 구성주의적 현실주의,,논문,전재성,한국국제정치학회,Vol.- No.-,,ko,,https://www.riss.kr/search/detail/DetailView.do?p_mat_type=1a0202e37d52c72d&control_no=9a0caf49b969c517ffe0bdc3ef48d419,,,,확인
ha-youngsun-11d4c97c-2,ha-youngsun,하영선,하영선; 전재성,2006,(제2차 개정본)북핵문제와 6자회담: 평가와 전망,,논문,하영선,재단법인 동아시아연구원,,,ko,,https://www.riss.kr/search/detail/DetailView.do?p_mat_type=1a0202e37d52c72d&control_no=bf58eba95cb8bd98c85d2949c297615a,,,,확인
ha-youngsun-01c44ccc,ha-youngsun,하영선,하영선,2006,21세기 한국외교 대전략 : 그물망국가 건설 = Korea's grand strategy for a new century : weaving a network state,,저서,하영선,동아시아연구원,,,ko,,https://www.riss.kr/search/detail/DetailView.do?p_mat_type=d7345961987b50bf&control_no=81a24f45f6df80dcffe0bdc3ef48d419,,,,확인
ha-youngsun-106c993d,ha-youngsun,하영선,하영선,2006,NSPR19 북핵위기와 한반도 평화,,논문,,,,,ko,,https://www.eai.or.kr/press/press_01_view.php?no=10307,,,,확인
ha-youngsun-62849ffa,ha-youngsun,하영선,平野 健一郎; 丁 世鉉; 河 英善,2006,日韓シンポジウム(下)「東北アジア時代における両国関係」第3セッション 新たな東北アジア国際秩序と日韓協力,,논문,アジア時報 / アジア調査会 [編],東京 : アジア調査会,37,30,ja,,https://cir.nii.ac.jp/crid/1523388080803371648,,,,확인
ha-youngsun-aa5b6b89,ha-youngsun,하영선,하영선; 김상배,2006,네트워크 지식국가 : 21세기 세계정치의 변환,,저서,하영선,을유문화사,,,ko,,https://www.riss.kr/search/detail/DetailView.do?p_mat_type=d7345961987b50bf&control_no=d7fac6328b31c051ffe0bdc3ef48d419,,,,확인
ha-youngsun-ddf71c58,ha-youngsun,하영선,하영선,2006,북핵위기와 한반도 평화 : 진단과 처방,,논문,하영선,재단법인 동아시아연구원,,,ko,,https://www.riss.kr/search/detail/DetailView.do?p_mat_type=1a0202e37d52c72d&control_no=b94dfed610000c59c85d2949c297615a,,,,확인
ha-youngsun-ac62fb17,ha-youngsun,하영선,하영선,2006,북핵위기와 한반도 평화 = North Korean nuclear crisis and peace on the Korean peninsula,,저서,하영선,동아시아연구원,,,ko,,https://www.riss.kr/search/detail/DetailView.do?p_mat_type=d7345961987b50bf&control_no=927d77bb2a228d55ffe0bdc3ef48d419,,,,확인
ha-youngsun-cb9848fa,ha-youngsun,하영선,강규형; 구대열; 김영호; 김용직; 김일영; 우철구; 柳永益; 李完範; 전상인; 정용화; 河英善; 홍성걸,2006,청소년을 위한 우리 역사 바로 보기,,저서,,성신여자대학교 출판부,,,ja,,https://cir.nii.ac.jp/crid/1970586434925592845,,,,확인
ha-youngsun-6410e504,ha-youngsun,하영선,하영선,2006,"하영선,전재성 NSPR11 북핵문제와 6자회담",,논문,2차개정,,,,ko,,https://www.eai.or.kr/press/press_01_view.php?no=10265,,,,확인
ha-youngsun-5da9c3dd,ha-youngsun,하영선,하영선,2006,한미동맹의 비전과 과제 = Korean-American alliance : a vision and a roadmap,,저서,하영선,동아시아연구원,,,ko,,https://www.riss.kr/search/detail/DetailView.do?p_mat_type=d7345961987b50bf&control_no=576ef03cb30e6362ffe0bdc3ef48d419,,,,확인
kim-jonghak-1b5cbef8,kim-jonghak,김종학,김종학,2006,단재 신채호의 아나키즘의 정치사상사적 의미 : 식민지 조선의 민족주의와 民衆 개념의 형성,,학위논문,김종학,서울대학교 대학원,,,ko,,https://www.riss.kr/search/detail/DetailView.do?p_mat_type=be54d9b8bc7cdb09&control_no=ef2c34d28c8ad0e2ffe0bdc3ef48d419,,,,확인
kim-yongkoo-262eac24,kim-yongkoo,김용구,金容九,2006,"Korea and Japan : the clash of worldviews, 1868-1876",,저서,,Circle,,,ja,,https://cir.nii.ac.jp/crid/1970023484874986902,,,,확인
kim-yongkoo-7863e010,kim-yongkoo,김용구,김용구,2006,동(東)과 서(西)의 갈등,,논문,김용구,대우재단,,,ko,,https://www.riss.kr/search/detail/DetailView.do?p_mat_type=1a0202e37d52c72d&control_no=910855b4f0f46893c85d2949c297615a,,,,미정
kim-yongkoo-9d450683-6,kim-yongkoo,김용구,金容九,2006,세계외교사,,저서,,서울대학교출판부,,,ja,,https://cir.nii.ac.jp/crid/1970023484982288674,,,,확인
noh-jaebong-5547bdb1,noh-jaebong,노재봉,노재봉,2006,[참석 회고] 정치적 교훈 깨닫게 해준 성공작?,,논문,노재봉,관훈클럽,,,ko,,https://www.riss.kr/search/detail/DetailView.do?p_mat_type=1a0202e37d52c72d&control_no=3f28336d9ad263faffe0bdc3ef48d419,,,,확인
chun-chaesung-cfe12cfc,chun-chaesung,전재성,Chaesung Chun,2007,Future Tasks for Developing the Field of International Relations in South Korea,,논문,Korean Journal of International Relations,Korean Association of International Studies,46,227-249,en,10.14731/kjir.2007.01.46.s.227,https://doi.org/10.14731/kjir.2007.01.46.s.227,,,,확인
chun-chaesung-4d27b2c3,chun-chaesung,전재성,전재성,2007,국제정치이론 국제학술회의의 개최성과에 대하여,,논문,전재성,한국국제정치학회,Vol.125 No.-,,ko,,https://www.riss.kr/search/detail/DetailView.do?p_mat_type=1a0202e37d52c72d&control_no=c4de08aa29d40f5fffe0bdc3ef48d419,,,,확인
chun-chaesung-adb64045,chun-chaesung,전재성,전재성,2007,동북아영토 국제학술회의의 개최성과에 대하여,,논문,전재성,한국국제정치학회,Vol.125 No.-,,ko,,https://www.riss.kr/search/detail/DetailView.do?p_mat_type=1a0202e37d52c72d&control_no=013983acaaeabc7affe0bdc3ef48d419,,,,확인
chun-chaesung-d17894a7,chun-chaesung,전재성,전재성,2007,북핵문제 국제학술회의 결과보고,,논문,전재성,한국국제정치학회,Vol.123 No.-,,ko,,https://www.riss.kr/search/detail/DetailView.do?p_mat_type=1a0202e37d52c72d&control_no=eee7e1d84259f1f8ffe0bdc3ef48d419,,,,확인
chun-chaesung-e1bf84a6,chun-chaesung,전재성,전재성(Chun Chaesung),2007,한국 국제정치학의 향후 과제들,,논문,전재성,한국국제정치학회,Vol.46 No.S,,ko,,https://www.riss.kr/search/detail/DetailView.do?p_mat_type=1a0202e37d52c72d&control_no=680342a1d4888511ffe0bdc3ef48d419,,,,확인
ha-youngsun-35e97c71,ha-youngsun,하영선,임현진; Hyun‐Chin Lim; 김균; Kyun Kim; 김병국; Byung-Kook Kim; 김용호; Yong-Ho Kim; 박재완; Jae Wan Bahk; 송호근; Ho Keun Song; 윤영철; Young Chul Yoon; 이내영; Nae Young Lee; 이종수; Jong-Soo Lee; 이종화; Jong Hwa Lee; 이주호; Ju-Ho Lee; 전주성; Joo-sung Jun; 정진영; Jin-Young Chung; 하영선; Youngsun Ha; 정원칠; Won-Chil Jung,2007,EAI·중앙일보 국정평가 여론조사 : 취임 1년,,논문,,,,,ko,,https://openalex.org/W2944572898,,,,미정
ha-youngsun-09c6caf0,ha-youngsun,하영선,"水本, 和実; 石栗, 勉; エンフサイハン, ジャルガルサイハン; 王, 珊; 河, 英善; 浅井, 基文; 荊尾, 遥; 中沢, 啓治; 竹本, 真希子; 前田, 朗; 田中, 利幸; ガネサン, ナラヤナン; MIZUMOTO, Kazumi; ISHIGURI, Tsutomu; ENKHSAIKHAN, Jargalsaikhan; WANG, Shan; HA, Young-Sun; ASAI, Motofumi; KATARAO, Haruka; NAKAZAWA, Keiji; TAKEMOTO, Makiko; MAEDA, Akira; TANAKA, Yuki; GANESAN, Narayanan",2007,HIROSHIMA RESEARCH NEWS（第29号）,,저서,,広島市立大学広島平和研究所,,,ja,,https://ndlsearch.ndl.go.jp/books/R000000025-I013790005858615,,,,미정
ha-youngsun-e462f1c4,ha-youngsun,하영선,하영선; 남궁곤,2007,변환의 세계정치 = Transformation of world politics,,저서,하영선,을유문화사,,,ko,,https://www.riss.kr/search/detail/DetailView.do?p_mat_type=d7345961987b50bf&control_no=e082b54863dbfa77ffe0bdc3ef48d419,,,,확인
ha-youngsun-04efb759,ha-youngsun,하영선,하영선,2007,세계 속의 동아시아 : 동아시아공동체: 신화와 현실,,논문,하영선,성균관대학교 성균중국연구소,,,ko,,https://www.riss.kr/search/detail/DetailView.do?p_mat_type=1a0202e37d52c72d&control_no=43d28b3cedaf62d1ffe0bdc3ef48d419,,,,확인
kim-jonghak-261ed7cf,kim-jonghak,김종학,김종학,2007,신채호와 민중적 민족주의의 기원,,논문,세계정치,,7,234-273,ko,,https://s-space.snu.ac.kr/handle/10371/94876,,,,확인
kim-jonghak-a47a95fd,kim-jonghak,김종학,김종학 ( Jong Hak Kim ),2007,자유 주제 : 신채호와 민중적 민족주의의 기원,,논문,김종학,서울대학교 국제문제연구소,,,ko,,https://www.riss.kr/search/detail/DetailView.do?p_mat_type=1a0202e37d52c72d&control_no=e4191a92939f3e6dffe0bdc3ef48d419,,,,확인
kim-yongkoo-656c16f1-3,kim-yongkoo,김용구,김용구,2007,세계관 충돌 과 한말 외교사 : 1866~1882 [전자책],,저서,,문학과지성사(서울,,,ko,,https://www.riss.kr/search/detail/DetailView.do?p_mat_type=d7345961987b50bf&control_no=3ecc6412e1692358ffe0bdc3ef48d419,,,,확인
chun-chaesung-1bfd6b09,chun-chaesung,전재성,전재성,2008,강대국의부상과대응메커니즘:이론적분석과유럽의 사례,,논문,국방연구,국가안전보장문제연구소,51(3),3-33,ko,,https://www.kci.go.kr/kciportal/ci/sereArticleSearch/ciSereArtiView.kci?sereArticleSearchBean.artiId=ART001309042,,,,확인
chun-chaesung-fcbc1661,chun-chaesung,전재성,전재성(서평자),2008,"동아시아 지역주의론 : 백영서외 지음. 『동아시아의 지역질서: 제국을 넘어 공동체로』(서울: 창비, 2005), 손열 엮음. 『동아시아와 지역주의: 지역의 인식ㆍ구상ㆍ전략ㆍ전략』(서울: 지식마당, 2006), 하영선 편. 『동아시아공동체: 신화와 현실』(서울: 동아시아연구원, 2008)",,논문,전재성,한국국제정치학회,Vol.48 No.4,,ko,,https://www.riss.kr/search/detail/DetailView.do?p_mat_type=1a0202e37d52c72d&control_no=30b398968fb257cdffe0bdc3ef48d419,,,,확인
chun-chaesung-8520a9f3,chun-chaesung,전재성,전재성,2008,정치학이해의 길잡이 : 국제정치와 안보,,저서,전재성,法文社,,,ko,,https://www.riss.kr/search/detail/DetailView.do?p_mat_type=d7345961987b50bf&control_no=e3366b8f51cf7e58ffe0bdc3ef48d419,,,,확인
chun-chaesung-3e19be29,chun-chaesung,전재성,전재성,2008,프랑스 드골 대통령의 자주외교 연구,,논문,한국정치외교사논총,한국정치외교사학회,30(1),63-105,ko,,https://www.kci.go.kr/kciportal/ci/sereArticleSearch/ciSereArtiView.kci?sereArticleSearchBean.artiId=ART001269382,,,,확인
chun-chaesung-e834350c,chun-chaesung,전재성,전재성,2008,한국의 동아시아 미래전략,,저서,전재성,三英社,,,ko,,https://www.riss.kr/search/detail/DetailView.do?p_mat_type=d7345961987b50bf&control_no=c9404ec17e5efd5bffe0bdc3ef48d419,,,,확인
chun-chaesung-d5e2aa37,chun-chaesung,전재성,전재성,2008,한반도 통일환경과 평화통일의 조건,,저서,전재성,평화문제연구소,,,ko,,https://www.riss.kr/search/detail/DetailView.do?p_mat_type=d7345961987b50bf&control_no=c6b1f87b23fb0266ffe0bdc3ef48d419,,,,확인
ha-youngsun-ce60e9ba,ha-youngsun,하영선,하영선,2008,동아시아 공동체 : 신화와 현실 = East Asian community : myth&reality,,저서,하영선,동아시아연구원 EAI,,,ko,,https://www.riss.kr/search/detail/DetailView.do?p_mat_type=d7345961987b50bf&control_no=bb4e631c87202e1fffe0bdc3ef48d419,,,,확인
kim-yongkoo-339a70da,kim-yongkoo,김용구,김용구,2008,거문도와 블라디보스토크 : 19세기 한반도의 파행적 세계화 과정,,저서,김용구,서강대학교 출판부,,,ko,,https://www.riss.kr/search/detail/DetailView.do?p_mat_type=d7345961987b50bf&control_no=71aa5ed68b8cab02ffe0bdc3ef48d419,,,,확인
kim-yongkoo-23eda1ba,kim-yongkoo,김용구,김용구,2008,만국공법,,논문,한림대학교,,,,ko,,https://www.riss.kr/search/detail/DetailView.do?p_mat_type=d7345961987b50bf&control_no=5645fc6fd7cad74cffe0bdc3ef48d419,,,,확인
kim-yongkoo-c1aa8667,kim-yongkoo,김용구,김용구,2008,번역의 국제정치학 - 마틴과 휘튼,,논문,개념과 소통,한림과학원,,5-23,ko,,https://www.kci.go.kr/kciportal/ci/sereArticleSearch/ciSereArtiView.kci?sereArticleSearchBean.artiId=ART001632081,,,,확인
noh-jaebong-f11a904d,noh-jaebong,노재봉,노재봉,2008,대한민국 건국의 세계사적 의의,,장(章),"김영호 편, 『대한민국 건국 60년의 재인식』 제1강",기파랑,,제1강(전체 349 p.),ko,,https://www.yes24.com/Product/goods/3040202,,,,확인
chun-chaesung-8147b0c2,chun-chaesung,전재성,Chaesung Chun,2009,How Comprehensive is Comprehensive Enough,,논문,,,,1-7,en,,https://openalex.org/W2263988693,,,,미정
chun-chaesung-88418e02,chun-chaesung,전재성,Chaesung Chun,2009,Moving from a North Korean Nuclear Problem to the Problem of North Korea,,논문,,,,1-8,en,,https://openalex.org/W2245585512,,,,확인
chun-chaesung-4ff9e306,chun-chaesung,전재성,전재성,2009,"The Aftermath of Feminism: Gender, Culture and Social Change* By Angela McRobbie",,논문,Asian Women,아시아여성연구원,25(2),105-109,ko,,https://www.kci.go.kr/kciportal/ci/sereArticleSearch/ciSereArtiView.kci?sereArticleSearchBean.artiId=ART001352538,,,,미정
chun-chaesung-6b7cf7a0,chun-chaesung,전재성,Chaesung Chun,2009,Why is there no non-Western international relations theory? Reflections on and from Korea,,논문,,,,79-101,en,10.4324/9780203861431-10,https://doi.org/10.4324/9780203861431-10,,,,확인
chun-chaesung-fa95cb5a,chun-chaesung,전재성,전재성,2009,동맹의 역사,,논문,전재성,재단법인 동아시아연구원,Vol.- No.-,,ko,,https://www.riss.kr/search/detail/DetailView.do?p_mat_type=1a0202e37d52c72d&control_no=7ba154803be1d7a3b7998d826d417196,,,,확인
chun-chaesung-c4ada2cb,chun-chaesung,전재성,全在晟,2009,북동아시아 안보공동체의 현재와 미래,北東アジア安全保障共同体の現在と未来,장(章),"東アジア地域秩序と共同体構想(日韓共同研究叢書 21), 小此木政夫・文正仁 編",慶應義塾大学出版会,第六章,,ja,,https://www.keio-up.co.jp/np/isbn/9784766413441/,,,,확인
chun-chaesung-a28d6b6b,chun-chaesung,전재성,전재성; 외,2009,북핵문제와 한반도 평화정착,,장(章),북핵문제와 한반도 평화정착,한울아카데미,,,ko,,https://search.kyobobook.co.kr/search?chrcCode=1000303503&keyword=%EC%A0%84%EC%9E%AC%EC%84%B1&page=2,,,,확인
chun-chaesung-9a8959e3,chun-chaesung,전재성,전재성,2009,"유럽의 국제정치적 근대 출현에 관한 이론적 연구: 중첩, 복합의 거시이행",,논문,국제정치논총,한국국제정치학회,49(5),7-31,ko,,https://www.kci.go.kr/kciportal/ci/sereArticleSearch/ciSereArtiView.kci?sereArticleSearchBean.artiId=ART001414861,,,,확인
chun-chaesung-20349436,chun-chaesung,전재성,전재성,2009,한국의 스마트파워 외교전략,,저서,전재성,한울아카데미,,,ko,,https://www.riss.kr/search/detail/DetailView.do?p_mat_type=d7345961987b50bf&control_no=45c9f957fe2e87c3ffe0bdc3ef48d419,,,,확인
chun-chaesung-84c50b58,chun-chaesung,전재성,전재성 ( Chae Sung Chun ),2009,한반도 통일에 관한 이론적 고찰,,논문,전재성,서울대학교 통일평화연구원,,,ko,,https://www.riss.kr/search/detail/DetailView.do?p_mat_type=1a0202e37d52c72d&control_no=3842a7ca79169b3dffe0bdc3ef48d419,,,,확인
ha-youngsun-f5062b6c,ha-youngsun,하영선,河英善; 崔丁云; 申旭煕; 金暎浩; 張寅性; 姜東局; 金容稙; 孫洌; 金錫勤; 李憲美,2009,근대한국의 사회과학 개념 형성사,,저서,하영선,창비,,,ko,,https://www.riss.kr/search/detail/DetailView.do?p_mat_type=d7345961987b50bf&control_no=a62a0f29f970a5d7ffe0bdc3ef48d419,,,,확인
ha-youngsun-a97501b3,ha-youngsun,하영선,하영선; 이숙종; 전재성; 황지환,2009,기로에 선 북한,,논문,하영선,재단법인 동아시아연구원,,,ko,,https://www.riss.kr/search/detail/DetailView.do?p_mat_type=1a0202e37d52c72d&control_no=cac0ad1edac480c1ffe0bdc3ef48d419,,,,확인
ha-youngsun-64fa3acf,ha-youngsun,하영선,김현진; 하영선,2009,기후변화의 국제정치,,논문,하영선,대우재단,Vol.- No.6,,ko,,https://www.riss.kr/search/detail/DetailView.do?p_mat_type=1a0202e37d52c72d&control_no=f4f5d75bc71d84316aae8a972f9116fb,,,,확인
ha-youngsun-911f338e,ha-youngsun,하영선,하영선,2009,변화하는 세계와 개념사 2009,,논문,,,,,ko,,https://www.riss.kr/search/detail/DetailView.do?p_mat_type=d7345961987b50bf&control_no=a62a0f29f970a5d7ffe0bdc3ef48d419,,,,확인
ha-youngsun-960a085e,ha-youngsun,하영선,하영선; 이숙종; 전재성,2009,오바마 대통령의 아시아 순방과 방한,,논문,하영선,재단법인 동아시아연구원,,,ko,,https://www.riss.kr/search/detail/DetailView.do?p_mat_type=1a0202e37d52c72d&control_no=abee9afb65101926ffe0bdc3ef48d419,,,,확인
ha-youngsun-b05ea317,ha-youngsun,하영선,하영선,2009,책머리에 삼중 어려움의 좌절과 극복2009,,논문,,,,,ko,,https://www.riss.kr/search/detail/DetailView.do?p_mat_type=d7345961987b50bf&control_no=a62a0f29f970a5d7ffe0bdc3ef48d419,,,,확인
ha-youngsun-fb39bddf,ha-youngsun,하영선,하영선; 김성호; 손열; 이숙종; 전재성,2009,한미정상회담의 평가와 과제,,논문,하영선,재단법인 동아시아연구원,,,ko,,https://www.riss.kr/search/detail/DetailView.do?p_mat_type=1a0202e37d52c72d&control_no=02b9f977ea63f810ffe0bdc3ef48d419,,,,확인
ha-youngsun-ff5a67d2,ha-youngsun,하영선,하영선,2009,한반도평화개념사 2009,,논문,,,,,ko,,,,,,확인
kim-yongkoo-a62ef767,kim-yongkoo,김용구,근대한국외교문서 편찬위원회 엮음 (편찬위원장 김용구),2009,근대한국외교문서 1 : 제너럴 셔먼호 사건·병인양요,,편저,,동북아역사재단,제1권,,ko,,https://www.aladin.co.kr/search/wsearchresult.aspx?SearchTarget=Book&SearchWord=%EA%B7%BC%EB%8C%80%ED%95%9C%EA%B5%AD%EC%99%B8%EA%B5%90%EB%AC%B8%EC%84%9C,,,,미검증
kim-yongkoo-7485b6b2,kim-yongkoo,김용구,근대한국외교문서 편찬위원회 엮음 (편찬위원장 김용구),2009,근대한국외교문서 2 : 오페르트 사건·신미양요,,편저,,동북아역사재단,제2권,,ko,,https://www.aladin.co.kr/search/wsearchresult.aspx?SearchTarget=Book&SearchWord=%EA%B7%BC%EB%8C%80%ED%95%9C%EA%B5%AD%EC%99%B8%EA%B5%90%EB%AC%B8%EC%84%9C,,,,미검증
chun-chaesung-dc14cd0a,chun-chaesung,전재성,하용출; 전재성,2010,NORTH KOREA’S BRINKMANSHIP AND THE TASK TO SOLVE THE “NUCLEAR DILEMMA”,,논문,Asian Perspective,극동문제연구소,34(1),87-109,ko,10.1353/apr.2010.0033,https://www.kci.go.kr/kciportal/ci/sereArticleSearch/ciSereArtiView.kci?sereArticleSearchBean.artiId=ART001431258,,,,확인
chun-chaesung-92c6d221,chun-chaesung,전재성,전재성,2010,구성주의 국제정치이론에 대한 탈근대론과 현실주의의 비판 고찰,,논문,국제정치논총,한국국제정치학회,50(2),35-64,ko,,https://www.kci.go.kr/kciportal/ci/sereArticleSearch/ciSereArtiView.kci?sereArticleSearchBean.artiId=ART001462345,,,,확인
chun-chaesung-01470189,chun-chaesung,전재성,김성배; 전재성; 조동호; 하영선,2010,김정일 후계체제 공식화와 한반도의 미래,,논문,전재성,재단법인 동아시아연구원,,,ko,,https://www.riss.kr/search/detail/DetailView.do?p_mat_type=1a0202e37d52c72d&control_no=d246e04996101492ffe0bdc3ef48d419,,,,확인
chun-chaesung-faf74836,chun-chaesung,전재성,전재성,2010,동아시아 냉전해체와 한국 민주주의: 6월 항쟁과 북방정책,,논문,전재성,민주화운동기념사업회,,,ko,,https://www.riss.kr/search/detail/DetailView.do?p_mat_type=1a0202e37d52c72d&control_no=e576800aaf2309ea7ecd42904f0c5d65,,,,확인
chun-chaesung-3a36dfe8,chun-chaesung,전재성,전재성 ( Chae Sung Chun ),2010,동아시아 전통질서 연구의 현황과 과제 -국제정치학과 역사학의 만남,,논문,전재성,서울대학교 국제문제연구소,12,7-34,ko,,https://www.riss.kr/search/detail/DetailView.do?p_mat_type=1a0202e37d52c72d&control_no=56e23822a640ead6ffe0bdc3ef48d419,,,,확인
chun-chaesung-706fbf49,chun-chaesung,전재성,전재성; 외,2010,민족공동체 통일방안의 새로운 접근과 추진방안,,보고서,,통일연구원(KINU),,,ko,,https://search.kyobobook.co.kr/search?chrcCode=1000303503&keyword=%EC%A0%84%EC%9E%AC%EC%84%B1&page=3,,,,확인
chun-chaesung-db294bb6,chun-chaesung,전재성,전재성,2010,북한 공진화전략 연구 : 외교,,논문,전재성,재단법인 동아시아연구원,,,ko,,https://www.riss.kr/search/detail/DetailView.do?p_mat_type=1a0202e37d52c72d&control_no=b94dfed610000c597ecd42904f0c5d65,,,,확인
chun-chaesung-00274f1f,chun-chaesung,전재성,손열; 이승주; 전재성; 조홍식,2010,신세계질서의 구축과 한국의 G20 전략,,논문,전재성,재단법인 동아시아연구원,Vol.- No.-,,ko,,https://www.riss.kr/search/detail/DetailView.do?p_mat_type=1a0202e37d52c72d&control_no=23814077e27231687ecd42904f0c5d65,,,,확인
chun-chaesung-318d7512,chun-chaesung,전재성,전재성; 외,2010,이명박 정부 외교안보통일정책의 세부 실천방안,,보고서,,통일연구원(KINU),,,ko,,https://search.kyobobook.co.kr/search?chrcCode=1000303503&keyword=%EC%A0%84%EC%9E%AC%EC%84%B1&page=3,,,,확인
chun-chaesung-5d0e6163,chun-chaesung,전재성,전재성,2010,이명박 정부 외교정책의 세부 실천방안(2) : 포괄적 실리외교 분야,,저서,전재성,통일연구원,,,ko,,https://www.riss.kr/search/detail/DetailView.do?p_mat_type=d7345961987b50bf&control_no=b40a0d22387b4ac8ffe0bdc3ef48d419,,,,확인
chun-chaesung-74af0eaa,chun-chaesung,전재성,전재성,2010,인도의 외교안보정책과 한·인도 미래협력방안 연구,,저서,전재성,대외경제정책연구원,,,ko,,https://www.riss.kr/search/detail/DetailView.do?p_mat_type=d7345961987b50bf&control_no=928e853cf3f35685ffe0bdc3ef48d419,,,,확인
chun-chaesung-bfad72b7,chun-chaesung,전재성,하영선; 전재성; 한석희,2010,천안함 사태 이후 중국의 딜레마와 한·중관계의 미래,,논문,전재성,재단법인 동아시아연구원,,,ko,,https://www.riss.kr/search/detail/DetailView.do?p_mat_type=1a0202e37d52c72d&control_no=08b648bb359bf497ffe0bdc3ef48d419,,,,확인
chun-chaesung-3e550414,chun-chaesung,전재성,하영선; 이숙종; 전재성; 조정현; 차두현,2010,천안함 사태의 복합 적 교훈과 향후 대응방향,,논문,EAI 논평,재단법인 동아시아연구원,Vol.- No.8,,ko,,https://www.riss.kr/search/detail/DetailView.do?p_mat_type=1a0202e37d52c72d&control_no=b65196124a465269ffe0bdc3ef48d419,,,,확인
chun-chaesung-982ccdac,chun-chaesung,전재성,하영선; 전재성; 한석희,2010,천안함 안보리 외교 이후,,논문,전재성,재단법인 동아시아연구원,,,ko,,https://www.riss.kr/search/detail/DetailView.do?p_mat_type=1a0202e37d52c72d&control_no=841fcd1165f6ec26ffe0bdc3ef48d419,,,,확인
chun-chaesung-407f9f96,chun-chaesung,전재성,함택영; 남궁곤 편; 전재성; 외,2010,한국 외교정책: 역사와 쟁점,,장(章),한국 외교정책: 역사와 쟁점(국제관계학 총서 7),사회평론,,,ko,,https://dl.nanet.go.kr/SearchDetailView.do?cn=MONO1201030866,,,,확인
ha-youngsun-dc9df032,ha-youngsun,하영선,하영선,2010,2032 북한선진화의 길 : 복합그물망국가 건설,,논문,하영선,재단법인 동아시아연구원,Vol.- No.-,,ko,,https://www.riss.kr/search/detail/DetailView.do?p_mat_type=1a0202e37d52c72d&control_no=23814077e27231684884a65323211ff0,,,,확인
ha-youngsun-215dc9d9,ha-youngsun,하영선,하영선,2010,21세기 新동맹 : 냉전에서 복합으로 = (The) emergence of complex alliances in the 21st century,,저서,하영선,동아시아연구원 EAI,,,ko,,https://www.riss.kr/search/detail/DetailView.do?p_mat_type=d7345961987b50bf&control_no=358498bf40d3c084ffe0bdc3ef48d419,,,,확인
ha-youngsun-01470189,ha-youngsun,하영선,김성배; 전재성; 조동호; 하영선,2010,김정일 후계체제 공식화와 한반도의 미래,,논문,하영선,재단법인 동아시아연구원,,,ko,,https://www.riss.kr/search/detail/DetailView.do?p_mat_type=1a0202e37d52c72d&control_no=d246e04996101492ffe0bdc3ef48d419,,,,확인
ha-youngsun-b8ab87db,ha-youngsun,하영선,河英善; 金湘培,2010,네트워크 세계정치 : 은유에서 분석으로,,저서,하영선,서울대학교 출판문화원,,,ko,,https://www.riss.kr/search/detail/DetailView.do?p_mat_type=d7345961987b50bf&control_no=f5993f1e2d146a88ffe0bdc3ef48d419,,,,확인
ha-youngsun-ce60e9ba-2,ha-youngsun,하영선,하영선,2010,동아시아 공동체 : 신화와 현실 = East Asian community : myth&reality,,저서,하영선,동아시아연구원 EAI,,,ko,,https://www.riss.kr/search/detail/DetailView.do?p_mat_type=d7345961987b50bf&control_no=a7fd0f38f2b17ae8ffe0bdc3ef48d419,,,,확인
ha-youngsun-b935b7f8,ha-youngsun,하영선,河英善; 조동호,2010,북한 2032 : 선진화로 가는 공진전략,,저서,하영선,동아시아연구원,,,ko,,https://www.riss.kr/search/detail/DetailView.do?p_mat_type=d7345961987b50bf&control_no=31710e08798e5fd3ffe0bdc3ef48d419,,,,확인
ha-youngsun-08884a8e,ha-youngsun,하영선,하영선,2010,북한선진화의 길,,논문,,,,,ko,,https://www.eai.or.kr/press/press_01_view.php?no=11424,,,,확인
ha-youngsun-4db8413c,ha-youngsun,하영선,하영선,2010,연평도 위기 극복의 대북 복합 전략,,논문,하영선,재단법인 동아시아연구원,Vol.- No.15,,ko,,https://www.riss.kr/search/detail/DetailView.do?p_mat_type=1a0202e37d52c72d&control_no=57fca34d41886a0dffe0bdc3ef48d419,,,,확인
ha-youngsun-bfad72b7,ha-youngsun,하영선,하영선; 전재성; 한석희,2010,천안함 사태 이후 중국의 딜레마와 한·중관계의 미래,,논문,하영선,재단법인 동아시아연구원,,,ko,,https://www.riss.kr/search/detail/DetailView.do?p_mat_type=1a0202e37d52c72d&control_no=08b648bb359bf497ffe0bdc3ef48d419,,,,확인
ha-youngsun-3e550414,ha-youngsun,하영선,하영선; 이숙종; 전재성; 조정현; 차두현,2010,천안함 사태의 복합적 교훈과 향후 대응방향,,논문,하영선,재단법인 동아시아연구원,Vol.- No.8,,ko,,https://www.riss.kr/search/detail/DetailView.do?p_mat_type=1a0202e37d52c72d&control_no=b65196124a465269ffe0bdc3ef48d419,,,,확인
ha-youngsun-982ccdac,ha-youngsun,하영선,하영선; 전재성; 한석희,2010,천안함 안보리 외교 이후,,논문,하영선,재단법인 동아시아연구원,,,ko,,https://www.riss.kr/search/detail/DetailView.do?p_mat_type=1a0202e37d52c72d&control_no=841fcd1165f6ec26ffe0bdc3ef48d419,,,,확인
kim-jonghak-211672d9,kim-jonghak,김종학,근대한국외교문서 편찬위원회; 김종학 공편,2010,近代韓國外交文書 제1-5권,,편저,,동북아역사재단,,,ko,,https://psir.snu.ac.kr/people/c/P250724024619,,,,확인
kim-jonghak-1b81fd7e,kim-jonghak,김종학,申櫶; 金鍾學,2010,심행일기 : 조선이 기록한 강화도조약,,저서,,푸른역사,,,ja,,https://cir.nii.ac.jp/crid/1971712334737841823,,,,확인
kim-yongkoo-190c0d06,kim-yongkoo,김용구,동북아역사재단; 金喜坤; 겅윈즈; 松尾尊兊; KnockThomas J.; 金容九,2010,3・1운동과 1919년의 세계사적 의의,,저서,,동북아역사재단,,,ja,,https://cir.nii.ac.jp/crid/1971149384882506401,,,,미정
kim-yongkoo-703fcb74,kim-yongkoo,김용구,김용구,2010,베르사유 체제의 역사적 의의와 한반도,,장(章),3·1운동과 1919년의 세계사적 의의,동북아역사재단,,,ko,,https://www.i815.or.kr/upload/kr/magazine/magazine/80/post-884.html,,,,미검증
chun-chaesung-727be57a,chun-chaesung,전재성,Chaesung Chun,2011,Coevolution Strategy for North Korea,,논문,,,(19),1-41,en,,https://openalex.org/W2264757664,,,,확인
chun-chaesung-38cc7879,chun-chaesung,전재성,전재성,2011,동아시아 국제정치 : 역사에서 이론으로,,저서,전재성,동아시아연구원 EAI,,,ko,,https://www.riss.kr/search/detail/DetailView.do?p_mat_type=d7345961987b50bf&control_no=80b18cbd51a81849ffe0bdc3ef48d419,,,,확인
chun-chaesung-e27fbb5d,chun-chaesung,전재성,전재성; 외,2011,탈냉전과 한국의 민주주의,,장(章),탈냉전과 한국의 민주주의,선인,,,ko,,https://search.kyobobook.co.kr/search?chrcCode=1000303503&keyword=%EC%A0%84%EC%9E%AC%EC%84%B1,,,,확인
chun-chaesung-65afec9e,chun-chaesung,전재성,전재성; 외,2011,한국 기업과 사회의 경쟁력,,장(章),한국 기업과 사회의 경쟁력,서울대학교출판문화원,,,ko,,https://search.kyobobook.co.kr/search?chrcCode=1000303503&keyword=%EC%A0%84%EC%9E%AC%EC%84%B1&page=3,,,,확인
chun-chaesung-230faebe,chun-chaesung,전재성,전재성,2011,한국과 일본의 미래 군사협력 가능성 모색,,논문,전재성,국민대학교 일본학연구소,,,ko,,https://www.riss.kr/search/detail/DetailView.do?p_mat_type=1a0202e37d52c72d&control_no=ef00a6bafc5256f96aae8a972f9116fb,,,,확인
chun-chaesung-861f33e8,chun-chaesung,전재성,전재성,2011,한미 관계의 현황과 향후 비전,,논문,전재성,대우재단,,,ko,,https://www.riss.kr/search/detail/DetailView.do?p_mat_type=1a0202e37d52c72d&control_no=25eca8426303761ce9810257f7042666,,,,확인
ha-youngsun-9c5ea06f,ha-youngsun,하영선,노태돈; 도진순; 이태진; 하영선; 조동호; 고유환,2011,12시간의 통일 이야기,,좌담,,민음사,ISBN 9788937483875,252쪽,ko,,https://www.aladin.co.kr/shop/wproduct.aspx?ItemId=12767750,,,,확인
ha-youngsun-25fe8214,ha-youngsun,하영선,Young-Sun Ha,2011,Path to an Advanced North Korea by 2032,,논문,,,(10),1-23,en,,https://openalex.org/W2204891429,,,,확인
ha-youngsun-c98361f9,ha-youngsun,하영선,하영선,2011,국제정치 칼럼 1991-2011 上,,논문,,,,,ko,,https://www.eai.or.kr/press/press_01_view.php?no=11437,,,,확인
ha-youngsun-28dd079e,ha-youngsun,하영선,하영선,2011,국제정치 칼럼 1991-2011 下,,논문,,,,,ko,,https://www.eai.or.kr/press/press_01_view.php?no=11437,,,,확인
ha-youngsun-3f7626e4,ha-youngsun,하영선,하영선,2011,동아시아공동체 신화와 현실 2011,,논문,,,,,ko,,https://www.eai.or.kr/press/press_01_view.php?no=11420,,,,확인
ha-youngsun-c251c58c,ha-youngsun,하영선,하영선,2011,미중 정상회담 이후 한국: 비대칭 연미·연중전략과 한반도 비핵평화체제의 모색,,기고,EAI 논평 제17호,동아시아연구원,,,ko,,http://www.hayoungsun.net/column.asp,,,,확인
ha-youngsun-eccc1582,ha-youngsun,하영선,하영선,2011,역사 속의 젊은 그들 : 18세기 북학파에서 21세기 복합파까지 : 하영선 저작집,,저서,하영선,을유문화사,,,ko,,https://www.riss.kr/search/detail/DetailView.do?p_mat_type=d7345961987b50bf&control_no=974845adbb09fa9effe0bdc3ef48d419,,,,확인
ha-youngsun-fbb67be0,ha-youngsun,하영선,하영선,2011,위기와 복합 : 경제위기 이후 세계질서,,저서,하영선,동아시아연구원,,,ko,,https://www.riss.kr/search/detail/DetailView.do?p_mat_type=d7345961987b50bf&control_no=40b2d4e3c25d733dffe0bdc3ef48d419,,,,확인
ha-youngsun-95836054,ha-youngsun,하영선,하영선,2011,한반도 복합그물망 통일과 동아시아,,장(章),"『통일한반도와 동아시아공동체로 가는 길』(나남신서 1550. 금장태·김우창·윤영관·하영선·손동현·조영남·안건혁 공저, 277쪽)",나남,,139-154,ko,,https://www.kinu.or.kr/library/10110/contents/6478740,,,,확인
ha-youngsun-a6468322,ha-youngsun,하영선,하영선; 오코노기 마사오(小此木政夫); 한일신시대공동연구프로젝트,2011,한일 신시대를 위한 제언: 공생을 위한 복합 네트워크의 구축,,편저,,한울아카데미,ISBN 8946053461,,ko,,https://www.aladin.co.kr/shop/wproduct.aspx?ItemId=12043199,,,,정정
kim-yongkoo-b6586850,kim-yongkoo,김용구,김용구,2011,발간사,,기고,개념과 소통,한림대학교 한림과학원,8,287-288,ko,,https://kiss.kstudy.com/Detail/Ar?key=3014409,,,,확인
kim-yongkoo-c3c92efe,kim-yongkoo,김용구,김용구,2011,외교 개념 연구,,논문,김용구,대한민국 학술원,,,ko,,https://www.riss.kr/search/detail/DetailView.do?p_mat_type=1a0202e37d52c72d&control_no=0601ee1381627204ffe0bdc3ef48d419,,,,확인
kwon-minju-48d7876f,kwon-minju,권민주,권민주,2011,웹2.0과 인권 네트워크의 세계정치: 국제앰네스티의 사례,제5장 웹2.0과 인권 네트워크의 세계정치: 국제앰네스티의 사례,장(章),거미줄 치기와 벌집 짓기: 네트워크 이론으로 보는 세계정치의 변환 (김상배 편),한울(한울아카데미),,,ko,,https://www.aladin.co.kr/shop/wproduct.aspx?ItemId=14619173,,,,확인
noh-jaebong-f56d84cb,noh-jaebong,노재봉,노재봉,2011,노태우 대통령을 말한다 : 국내외 인사 175인의 기록,,저서,노재봉,동화,,,ko,,https://www.riss.kr/search/detail/DetailView.do?p_mat_type=d7345961987b50bf&control_no=881997d9f25fc6a6ffe0bdc3ef48d419,,,,확인
noh-jaebong-651f63f9,noh-jaebong,노재봉,노재봉,2011,아름다운 추억,,논문,노재봉,문예운동사,,,ko,,https://www.riss.kr/search/detail/DetailView.do?p_mat_type=1a0202e37d52c72d&control_no=95118678147264ffffe0bdc3ef48d419,,,,미정
song-jeeye-9eadd97c,song-jeeye,송지예,송지예,2011,근대 한국의 민족자결 '수용'과 2.8 독립운동,,학위논문,송지예,서울대학교 대학원,,,ko,,https://www.riss.kr/search/detail/DetailView.do?p_mat_type=be54d9b8bc7cdb09&control_no=16105d8cde526b60ffe0bdc3ef48d419,,,,확인
song-jeeye-f566c788,song-jeeye,송지예,송지예,2011,"우드로 윌슨의 ""민족자결""과 2.8 독립운동",,논문,송지예,한국동양정치사상사학회,,,ko,,https://www.riss.kr/search/detail/DetailView.do?p_mat_type=1a0202e37d52c72d&control_no=8e99d71b2cb425c4b7998d826d417196,,,,확인
chun-chaesung-82b8bf4c,chun-chaesung,전재성,전재성,2012,"2008년 경제위기와 미중관계의 변화, 한국의 전략",,논문,한국과 국제정치,극동문제연구소,28(1),123-153,ko,,https://www.kci.go.kr/kciportal/ci/sereArticleSearch/ciSereArtiView.kci?sereArticleSearchBean.artiId=ART001646670,,,,확인
chun-chaesung-8661fc26,chun-chaesung,전재성,구민교; 김성배; 김연규; 김치욱; 서봉교; 손열; 신범식; 이동률; 이동선; 이승주; 이용욱; 전재성; 조동호; 주재우; 하영선,2012,2020 한국외교 10대 과제,,논문,EAI 워킹페이퍼,재단법인 동아시아연구원,Vol.- No.-,,ko,,https://www.riss.kr/search/detail/DetailView.do?p_mat_type=1a0202e37d52c72d&control_no=277ce332da4f87a9c85d2949c297615a,,,,미정
chun-chaesung-5f995948,chun-chaesung,전재성,Chaesung Chun,2012,South Korea’s Foreign Policy and East Asia,,장(章),,,,155-179,en,10.1163/9789004236479_011,https://doi.org/10.1163/9789004236479_011,,,,확인
chun-chaesung-373661db,chun-chaesung,전재성,이내영; Nae Young Lee; 이숙종; Sook-Jong Lee; 전재성; Chaesung Chun; 이곤수; Gon-Su Lee; 정원칠; Won-Chil Jung; 정한울; Han-Wool Jeong,2012,"WPO 국제여론조사, 2009",,논문,,,,,ko,,https://openalex.org/W3083484461,,,,미정
chun-chaesung-cb762d1b,chun-chaesung,전재성,이내영; Nae Young Lee; 이숙종; Sook-Jong Lee; 전재성; Chaesung Chun; 정원칠; Won-Chil Jung; 정한울; Han-Wool Jeong,2012,"국정평가 여론조사, 2009 : 이명박정부 1년",,논문,,,,,ko,,https://openalex.org/W2947178693,,,,미정
chun-chaesung-e29ff1a2,chun-chaesung,전재성,전재성 ( Chae Sung Chun ),2012,국제정치의 복합조직원리론으로 분석하는 남북 관계,,논문,전재성,서울대학교 국제문제연구소,16,13-45,ko,,https://www.riss.kr/search/detail/DetailView.do?p_mat_type=1a0202e37d52c72d&control_no=25f59a84a00a6ce0b7998d826d417196,,,,확인
chun-chaesung-64c7ad76,chun-chaesung,전재성,전재성; 외,2012,미중관계 2025,,장(章),미중관계 2025,동아시아연구원(EAI),,,ko,,https://search.kyobobook.co.kr/search?chrcCode=1000303503&keyword=%EC%A0%84%EC%9E%AC%EC%84%B1&page=3,,,,확인
chun-chaesung-c6e02895,chun-chaesung,전재성,전재성; 주재우,2012,미중관계의 변화와 한국의 미래 외교 과제,,논문,전재성,재단법인 동아시아연구원,,,ko,,https://www.riss.kr/search/detail/DetailView.do?p_mat_type=1a0202e37d52c72d&control_no=d863e45e6e612beeb7998d826d417196,,,,확인
chun-chaesung-519d5c16,chun-chaesung,전재성,전재성,2012,변화하는 동아시아 국제정치와 한국의 외교 전략,,논문,전재성,민음사,Vol.37 No.1,,ko,,https://www.riss.kr/search/detail/DetailView.do?p_mat_type=1a0202e37d52c72d&control_no=24c6d24ff67ad6907f7a54760bb41745,,,,확인
chun-chaesung-d957208e,chun-chaesung,전재성,전재성; 외,2012,사회과학 명저 재발견 3,,장(章),사회과학 명저 재발견 3,서울대학교출판문화원,,,ko,,https://search.kyobobook.co.kr/search?chrcCode=1000303503&keyword=%EC%A0%84%EC%9E%AC%EC%84%B1&page=3,,,,확인
chun-chaesung-1dc46aa1,chun-chaesung,전재성,전재성,2012,서울 핵안보정상회의의 결과와 의의,,논문,전재성,한국외교협회,,,ko,,https://www.riss.kr/search/detail/DetailView.do?p_mat_type=1a0202e37d52c72d&control_no=eeff46795030d442c85d2949c297615a,,,,확인
chun-chaesung-89e72ef9,chun-chaesung,전재성,전재성,2012,정치는 도덕적인가: 라인홀드 니버의 초월적 국제정치사상,,저서,,한길사,,,ko,,https://search.kyobobook.co.kr/search?chrcCode=1000303503&keyword=%EC%A0%84%EC%9E%AC%EC%84%B1,,,,확인
chun-chaesung-c7d99d1e,chun-chaesung,전재성,전재성; 외,2012,통일대비를 위한 대북통일정책 모색,,보고서,,통일연구원(KINU),,,ko,,https://search.kyobobook.co.kr/search?chrcCode=1000303503&keyword=%EC%A0%84%EC%9E%AC%EC%84%B1&page=3,,,,확인
chun-chaesung-e7c7e0ff,chun-chaesung,전재성,전재성,2012,한미원자력협정 개정을 통해 본 원자력 외교의 바람직한 방향,,논문,전재성,제주평화연구원,,,ko,,https://www.riss.kr/search/detail/DetailView.do?p_mat_type=1a0202e37d52c72d&control_no=f6d2c90a1b3e6d9bffe0bdc3ef48d419,,,,확인
chun-chaesung-d8c35648,chun-chaesung,전재성,全在晟,2012,한일 신시대에서의 군사협력 가능성 모색,日韓新時代における軍事協力の可能性の模索,장(章),"日韓新時代と東アジア国際政治(シリーズ・日韓新時代 1), 小此木政夫・河英善 編",慶應義塾大学出版会,第6章,,ja,,https://www.keio-up.co.jp/np/isbn/9784766418996/,,,,확인
ha-youngsun-c98361f9-2,ha-youngsun,하영선,하영선,2012,(河英善) 국제정치 칼럼 : 1991-2011 . 上,,저서,하영선,동아시아연구원 EAI,,,ko,,https://www.riss.kr/search/detail/DetailView.do?p_mat_type=d7345961987b50bf&control_no=ff4a01c04c3d9460ffe0bdc3ef48d419,,,,확인
ha-youngsun-8661fc26,ha-youngsun,하영선,구민교; 김성배; 김연규; 김치욱; 서봉교; 손열; 신범식; 이동률; 이동선; 이승주; 이용욱; 전재성; 조동호; 주재우; 하영선,2012,2020 한국외교 10대 과제,,논문,EAI 국가안보패널 보고서,재단법인 동아시아연구원,Vol.- No.-,,ko,,https://www.riss.kr/search/detail/DetailView.do?p_mat_type=1a0202e37d52c72d&control_no=277ce332da4f87a9c85d2949c297615a,,,,확인
ha-youngsun-04dccdbe,ha-youngsun,하영선,河英善; 조동호,2012,Future of North Korea 2032 : coevolutionary strategy for the advancement,,저서,하영선,"EAI, East Asia Instutute",,,ko,,https://www.riss.kr/search/detail/DetailView.do?p_mat_type=d7345961987b50bf&control_no=79ea32272a249a42ffe0bdc3ef48d419,,,,확인
ha-youngsun-b75dcc4b,ha-youngsun,하영선,하영선,2012,[주제 강연] “복합 세계 정치와 한반도”,,논문,하영선,한국신학정보연구원,Vol.2012 No.10,,ko,,https://www.riss.kr/search/detail/DetailView.do?p_mat_type=1a0202e37d52c72d&control_no=30035263536d3d74ffe0bdc3ef48d419,,,,확인
ha-youngsun-4aaacb72,ha-youngsun,하영선,小此木政夫; 河英善,2012,日韓新時代と共生複合ネットワーク,,저서,,慶應義塾大学出版会,,,ja,,https://cir.nii.ac.jp/crid/1970867909835375030,,,,확인
ha-youngsun-3e6bf8cb,ha-youngsun,하영선,小此木政夫; 河英善,2012,日韓新時代と東アジア国際政治,,저서,,慶應義塾大学出版会,,,ja,,https://cir.nii.ac.jp/crid/1971430859798076211,,,,확인
ha-youngsun-53dc0201,ha-youngsun,하영선,小此木政夫; 河英善,2012,日韓新時代と経済協力,,저서,,慶應義塾大学出版会,,,ja,,https://cir.nii.ac.jp/crid/1970867909780875317,,,,확인
ha-youngsun-466a2812,ha-youngsun,하영선,하영선,2012,河英善 국제정치칼럼 : 1991-2011 . 2,,저서,하영선,동아시아연구원,,,ko,,https://www.riss.kr/search/detail/DetailView.do?p_mat_type=d7345961987b50bf&control_no=6621ed5b8a8b7507ffe0bdc3ef48d419,,,,확인
ha-youngsun-d16c01fb,ha-youngsun,하영선,하영선; 손열,2012,근대한국의 사회과학 개념형성사 . 2,,저서,하영선,창비,,,ko,,https://www.riss.kr/search/detail/DetailView.do?p_mat_type=d7345961987b50bf&control_no=55a516137e1922f4ffe0bdc3ef48d419,,,,확인
ha-youngsun-54380a5a,ha-youngsun,하영선,하영선,2012,김정은 체제의 미래와 한국의 전략: 공진(coevolution)전략의 본격적 모색,,기고,EAI 논평 제24호,동아시아연구원,,,ko,,http://www.hayoungsun.net/column.asp,,,,확인
ha-youngsun-2c11c80b,ha-youngsun,하영선,하영선,2012,동아시아질서 개념의 역사적 변천 2012,,논문,,,,,ko,,https://www.riss.kr/search/detail/DetailView.do?p_mat_type=d7345961987b50bf&control_no=55a516137e1922f4ffe0bdc3ef48d419,,,,확인
ha-youngsun-690a75a1,ha-youngsun,하영선,河英善; 남궁곤,2012,변환의 세계정치,,저서,하영선,을유문화사,,,ko,,https://www.riss.kr/search/detail/DetailView.do?p_mat_type=d7345961987b50bf&control_no=2ceab65d6060282affe0bdc3ef48d419,,,,확인
ha-youngsun-e818fca2,ha-youngsun,하영선,하영선; 김상배,2012,복합세계정치론,,저서,하영선,한울아카데미,,,ko,,https://www.riss.kr/search/detail/DetailView.do?p_mat_type=d7345961987b50bf&control_no=3f70f2143d1f3652ffe0bdc3ef48d419,,,,확인
ha-youngsun-cb549d65,ha-youngsun,하영선,河英善; 小此木政夫; 深川由起子; 정영록; 木村福成; 김양희; 김기석; 小川英治; 澤田康幸; 손열,2012,한일 신시대와 경제협력,,저서,하영선,한울,,,ko,,https://www.riss.kr/search/detail/DetailView.do?p_mat_type=d7345961987b50bf&control_no=3e9db376e196ec8effe0bdc3ef48d419,,,,확인
ha-youngsun-bbf4268c,ha-youngsun,하영선,河英善; 小此木政夫; 李元徳; 박영준; 添谷芳秀; 平岩俊司; 김호섭; 小針進; 西野純也; 박철희,2012,한일 신시대와 공생복합 네트워크,,저서,하영선,한울,,,ko,,https://www.riss.kr/search/detail/DetailView.do?p_mat_type=d7345961987b50bf&control_no=e4e46a6e397e0ec6ffe0bdc3ef48d419,,,,확인
ha-youngsun-c14427f2,ha-youngsun,하영선,河英善; 小此木政夫; 中西寛; 村田晃嗣; 田中明彦; 문흥호; 尹徳敏; 전재성; 이숙종; 田所昌幸,2012,한일 신시대와 동아시아 국제정치,,저서,하영선,한울아카데미,,,ko,,https://www.riss.kr/search/detail/DetailView.do?p_mat_type=d7345961987b50bf&control_no=e475d0188a275081ffe0bdc3ef48d419,,,,확인
kim-jonghak-331518ee,kim-jonghak,김종학,장인성; 김현철; 김종학,2012,근대한국 국제정치관 자료집 1: 개항·대한제국기,,편저,서울대학교 규장각한국학연구원 한국학 자료총서 16,서울대학교출판문화원,,404,ko,,https://www.aladin.co.kr/shop/wproduct.aspx?ItemId=19603928,,,,확인
kim-yongkoo-0a39afb6,kim-yongkoo,김용구,근대한국외교문서 편찬위원회 엮음 (편찬위원장 김용구),2012,근대한국외교문서 3 : 조일수호조규,,편저,,동북아역사재단,제3권,,ko,,https://www.aladin.co.kr/search/wsearchresult.aspx?SearchTarget=Book&SearchWord=%EA%B7%BC%EB%8C%80%ED%95%9C%EA%B5%AD%EC%99%B8%EA%B5%90%EB%AC%B8%EC%84%9C,,,,미검증
kim-yongkoo-dafeb07d,kim-yongkoo,김용구,근대한국외교문서 편찬위원회 엮음 (편찬위원장 김용구),2012,근대한국외교문서 4 : 조미수호통상조약,,편저,,동북아역사재단,제4권,,ko,,https://www.aladin.co.kr/search/wsearchresult.aspx?SearchTarget=Book&SearchWord=%EA%B7%BC%EB%8C%80%ED%95%9C%EA%B5%AD%EC%99%B8%EA%B5%90%EB%AC%B8%EC%84%9C,,,,미검증
kim-yongkoo-cd7a84e0,kim-yongkoo,김용구,근대한국외교문서 편찬위원회 엮음 (편찬위원장 김용구),2012,근대한국외교문서 5 : 조영수호통상조약,,편저,,동북아역사재단,제5권,,ko,,https://www.aladin.co.kr/search/wsearchresult.aspx?SearchTarget=Book&SearchWord=%EA%B7%BC%EB%8C%80%ED%95%9C%EA%B5%AD%EC%99%B8%EA%B5%90%EB%AC%B8%EC%84%9C,,,,미검증
kwon-minju-c5111f5f,kwon-minju,권민주,권민주,2012,1920년대 식민지 조선의 국제협조주의 비판 : 워싱턴체제 논쟁,,학위논문,권민주,서울대학교 대학원,,,ko,,https://www.riss.kr/search/detail/DetailView.do?p_mat_type=be54d9b8bc7cdb09&control_no=cedadf73edec38a8ffe0bdc3ef48d419,,,,확인
kwon-minju-5d476b52,kwon-minju,권민주,권민주,2012,식민지 한국의 국제협조주의,제10장 식민지 한국의 국제협조주의,장(章),근대한국의 사회과학 개념 형성사 2 (하영선·손열 편),창비,,,ko,,https://www.aladin.co.kr/shop/wproduct.aspx?ItemId=20081678,,,,확인
noh-jaebong-9b3344f9,noh-jaebong,노재봉,노재봉,2012,&lt;자유민주적 현실주의&gt; 입장에서 본 통일문제,,논문,신아세아,신아시아연구소,19(1),116-128,ko,,https://www.kci.go.kr/kciportal/ci/sereArticleSearch/ciSereArtiView.kci?sereArticleSearchBean.artiId=ART001645496,,,,확인
noh-jaebong-587805bd,noh-jaebong,노재봉,노재봉(盧在鳳)(ROH Jae Bong),2012,<자유민주적 현실주의> 입장에서 본 통일문제,,논문,노재봉,신아시아연구소(구 신아세아질서연구회),,,ko,,https://www.riss.kr/search/detail/DetailView.do?p_mat_type=1a0202e37d52c72d&control_no=c83eb0ec9bca391cffe0bdc3ef48d419,,,,확인
noh-jaebong-6ea4797e,noh-jaebong,노재봉,노재봉,2012,통일문제를 둘러싼 오해와 진실,,논문,노재봉,북한연구소,,,ko,,https://www.riss.kr/search/detail/DetailView.do?p_mat_type=1a0202e37d52c72d&control_no=4c454447bf9f8d1effe0bdc3ef48d419,,,,확인
song-jeeye-9c2741a1,song-jeeye,송지예,송지예(Song; Jeeye),2012,“민족자결”의 수용과 2·8 독립운동,,논문,한국동양정치사상사연구,한국동양정치사상사학회,11(1),179-209,ko,,https://www.kci.go.kr/kciportal/ci/sereArticleSearch/ciSereArtiView.kci?sereArticleSearchBean.artiId=ART001648672,,,,확인
choi-inho-55d82c97,choi-inho,최인호,최인호,2013,냉전과 인터넷 커뮤니케이션의구조 -정보기술의 국제정치적 구성,,논문,최인호,서울대학교 국제문제연구소,18,25-72,ko,,https://www.riss.kr/search/detail/DetailView.do?p_mat_type=1a0202e37d52c72d&control_no=14ab21d0b1bc6974ffe0bdc3ef48d419,,,,확인
choi-inho-e11aa586,choi-inho,최인호,최인호,2013,초기 인터넷의 개발과 냉전체제의 영향 : 정보기술의 국제정치적 구성,,학위논문,최인호,서울대학교 대학원,,,ko,,https://www.riss.kr/search/detail/DetailView.do?p_mat_type=be54d9b8bc7cdb09&control_no=2481f6870f5af74fffe0bdc3ef48d419,,files/choi-inho/choi-inho-e11aa586.pdf,CC BY-ND 2.0 KR,확인
chun-chaesung-8d6d88f9,chun-chaesung,전재성,김양규; 전재성; 조동호; 하영선,2013,3차 북핵실험과 한국의 대북정책,,논문,전재성,재단법인 동아시아연구원,Vol.- No.-,,ko,,https://www.riss.kr/search/detail/DetailView.do?p_mat_type=1a0202e37d52c72d&control_no=6a4eb0fd09d7b0c0e9810257f7042666,,,,확인
chun-chaesung-5f995948-2,chun-chaesung,전재성,Chaesung Chun,2013,South Korea’s Foreign Policy and East Asia,,장(章),Korea and East Asia,BRILL,,155-179,en,10.1163/9789004236479_011,https://doi.org/10.1163/9789004236479_011,,,,확인
chun-chaesung-44cdd05f,chun-chaesung,전재성,전재성; 외,2013,Trustpolitik: 박근혜정부의 국가안보전략 — 이론과 실제 탐색연구,,보고서,,통일연구원(KINU),,,ko,,https://ndlsearch.ndl.go.jp/search?cs=bib&keyword=%E5%85%A8%E5%9C%A8%E6%99%9F,,,,정정
chun-chaesung-039f9f54,chun-chaesung,전재성,Chaesung Chun,2013,U.S. Strategic Rebalancing to Asia: South Korea's Perspective,,논문,Asia policy,National Bureau of Asian Research,1(1),13-17,en,10.1353/asp.2013.0000,https://doi.org/10.1353/asp.2013.0000,,,,확인
chun-chaesung-9e5478b6,chun-chaesung,전재성,전재성,2013,미·중 간 ‘신형대국관계’ 전망과 한국의 외교전략,,논문,전재성,한국외교협회,,,ko,,https://www.riss.kr/search/detail/DetailView.do?p_mat_type=1a0202e37d52c72d&control_no=0573677f495d571eb7998d826d417196,,,,확인
chun-chaesung-05e514ae,chun-chaesung,전재성,하영선; 전재성; 박원곤; 조동호,2013,신대북정책 제안 : 신뢰프로세스의 진화를 위하여,,논문,전재성,재단법인 동아시아연구원,Vol.- No.-,,ko,,https://www.riss.kr/search/detail/DetailView.do?p_mat_type=1a0202e37d52c72d&control_no=bff6769110e4ffe9c85d2949c297615a,,,,확인
chun-chaesung-66893a9b,chun-chaesung,전재성,전재성,2013,한국 신정부의 외교전략 과제,,논문,전재성,한국외교협회,,,ko,,https://www.riss.kr/search/detail/DetailView.do?p_mat_type=1a0202e37d52c72d&control_no=3c60afbdbb08c4b77f7a54760bb41745,,,,확인
chun-chaesung-87d9e02b,chun-chaesung,전재성,손열; 송영관; 이승주; 이용욱; 전재성,2013,한국의 FTA 2.0 신전략 제안,,논문,전재성,재단법인 동아시아연구원,Vol.- No.-,,ko,,https://www.riss.kr/search/detail/DetailView.do?p_mat_type=1a0202e37d52c72d&control_no=bff6769110e4ffe97f7a54760bb41745,,,,정정필요
chun-chaesung-c3fa6bc2,chun-chaesung,전재성,전재성,2013,한국의 미래 국가전략과 중견국 외교론,,논문,전재성,한국국제정치학회,Vol.- No.147,,ko,,https://www.riss.kr/search/detail/DetailView.do?p_mat_type=1a0202e37d52c72d&control_no=d7d1e5f56145925db7998d826d417196,,,,확인
ha-youngsun-55bd36ef,ha-youngsun,하영선,하영선,2013,2013 12 월간조선 김창기,,논문,,,,,ko,,https://monthly.chosun.com/news/articleView.html?idxno=14381,,,,확인
ha-youngsun-bd6c3270,ha-youngsun,하영선,하영선,2013,2020 한국외교 10대과제 : 복합과 공진 = Toward 2020 ten agendas for South Korea's foreign policy,,저서,하영선,동아시아연구원,,,ko,,https://www.riss.kr/search/detail/DetailView.do?p_mat_type=d7345961987b50bf&control_no=40b46bd1bccd6652ffe0bdc3ef48d419,,,,확인
ha-youngsun-8d6d88f9,ha-youngsun,하영선,김양규; 전재성; 조동호; 하영선,2013,3차 북핵실험과 한국의 대북정책,,논문,하영선,재단법인 동아시아연구원,Vol.- No.-,,ko,,https://www.riss.kr/search/detail/DetailView.do?p_mat_type=1a0202e37d52c72d&control_no=6a4eb0fd09d7b0c0e9810257f7042666,,,,확인
ha-youngsun-85ead05b,ha-youngsun,하영선,김양규; 이동률; 전재성; 하영선,2013,미중정상회담 이후 한반도,,논문,하영선,재단법인 동아시아연구원,,,ko,,https://www.riss.kr/search/detail/DetailView.do?p_mat_type=1a0202e37d52c72d&control_no=6a4eb0fd09d7b0c07f7a54760bb41745,,,,확인
ha-youngsun-5919eea8,ha-youngsun,하영선,하영선; 전재성; 박원곤; 조동호,2013,신대북정책 제안,,논문,,,,,ko,,https://www.eai.or.kr/press/press_01_view.php?no=10441,,,,확인
ha-youngsun-05e514ae,ha-youngsun,하영선,하영선; 전재성; 박원곤; 조동호,2013,신대북정책 제안 : 신뢰프로세스의 진화를 위하여,,논문,하영선,재단법인 동아시아연구원,Vol.- No.-,,ko,,https://www.riss.kr/search/detail/DetailView.do?p_mat_type=1a0202e37d52c72d&control_no=36b2ceef3e42a5fce9810257f7042666,,,,확인
ha-youngsun-a96f79f8,ha-youngsun,하영선,하영선; 오코노기 마사오(小此木政夫); 한일신시대공동연구프로젝트,2013,신시대 한일 협력 7대 핵심과제 (국문판),,편저,,한울아카데미,ISBN 8946056045,,ko,,https://www.aladin.co.kr/shop/wproduct.aspx?ItemId=31814257,,,,정정
kim-jonghak-b4330a55,kim-jonghak,김종학,근대한국외교문서 편찬위원회; 김종학 공편,2013,近代韓國外交文書 제6-7권 (임오군란),,편저,,서울대학교출판문화원,,,ko,,https://psir.snu.ac.kr/people/c/P250724024619,,,,확인
kim-jonghak-510f68de,kim-jonghak,김종학,다보하시 기요시(田保橋潔) 저; 김종학 역,2013,근대 일선관계의 연구 (상),近代日鮮關係の硏究,역서,,일조각,,,ko,,https://psir.snu.ac.kr/people/c/P250724024619,,,,확인
kim-yongkoo-53a9ed82,kim-yongkoo,김용구,김용구,2013,世界观冲突的国际政治学 : 东洋之礼与西洋公法,,저서,김용구,中国社会科学出版社,,,ko,,https://www.riss.kr/search/detail/DetailView.do?p_mat_type=d7345961987b50bf&control_no=bf78d685b154a42affe0bdc3ef48d419,,,,확인
kim-yongkoo-2070bfa6,kim-yongkoo,김용구,김용구,2013,약탈제국주의와 한반도 : 세계외교사 흐름 속의 병인·신미양요,,저서,김용구,원,,,ko,,https://www.riss.kr/search/detail/DetailView.do?p_mat_type=d7345961987b50bf&control_no=6f004f062ba5be1effe0bdc3ef48d419,,,,확인
noh-jaebong-5fc5bc85,noh-jaebong,노재봉,노재봉; 유승우; 이찬열; 채수일; 세영; 이형권; 이봉희; 전성원; 차장원; 이계호; 이광재; 임경수; 전상직,2013,[취임사] 국가 기관에서 주민까지 아우르는 정책 절실 외,,논문,노재봉,한국자치학회,,,ko,,https://www.riss.kr/search/detail/DetailView.do?p_mat_type=1a0202e37d52c72d&control_no=21c391b692c84f0d7ecd42904f0c5d65,,,,미정
noh-jaebong-ec2390c8,noh-jaebong,노재봉,연세대학교 국가관리연구원 엮음; 구술: 박철언; 문희갑; 노재봉,2013,한국대통령 통치구술사료집 3: 노태우 대통령,,좌담,연세대학교 국가관리연구원 국가관리사료총서 13,선인,,352 p.,ko,,https://www.aladin.co.kr/shop/wproduct.aspx?ItemId=34305187,,,,확인
oh-inhwan-80557055,oh-inhwan,오인환,오인환,2013,구한말 프로테스탄티즘 윤리와 개화민족주의(1896-1900) : 조선그리스도인회보와 독립신문,,학위논문,오인환,서울대학교 대학원,,,ko,,https://www.riss.kr/search/detail/DetailView.do?p_mat_type=be54d9b8bc7cdb09&control_no=dca2cf93c28e83a5ffe0bdc3ef48d419,,files/oh-inhwan/oh-inhwan-80557055.pdf,CC BY-NC-ND 2.0 KR,확인
chun-chaesung-da39a3ee,chun-chaesung,전재성,Chaesung Chun; Sungbae Kim,2014,(Analysis on Diplomatic and Security Benefits of Unification and Strategies for Unification),,논문,SSRN Electronic Journal,RELX Group (Netherlands),,,en,10.2139/ssrn.2784588,https://doi.org/10.2139/ssrn.2784588,,,,확인
chun-chaesung-1c74c981,chun-chaesung,전재성,Chaesung Chun,2014,How Should the ROK and the US Stabilize a Peace Regime in the Korean Peninsula and Build a Stable Security Environment in Northeast Asia in order to Promote and Shape the Satisfactory Unification of the Korean Peninsula,,논문,Strategic Studies,The Institute of Strategic Studies,21(61),147-169,en,,https://openalex.org/W2121245360,,,,확인
chun-chaesung-a24e87a0,chun-chaesung,전재성,전재성,2014,South Korea’s Middle Power Strategy as a Foreign Strategy,,논문,미국학,미국학연구소,37(2),45-80,ko,10.18078/amstin.2014.37.2.002,https://www.kci.go.kr/kciportal/ci/sereArticleSearch/ciSereArtiView.kci?sereArticleSearchBean.artiId=ART001955644,,,,확인
chun-chaesung-755ab823,chun-chaesung,전재성,전재성,2014,국제정치 조직원리 논쟁과 위계론,,논문,국제정치논총,한국국제정치학회,54(2),7-45,ko,,https://www.kci.go.kr/kciportal/ci/sereArticleSearch/ciSereArtiView.kci?sereArticleSearchBean.artiId=ART001892458,,,,확인
chun-chaesung-963d80ce,chun-chaesung,전재성,전재성,2014,"국제정치학 이론에서 존재론, 인식론 논쟁과 성찰적 이론의 발전 가능성",,논문,한국정치연구,한국정치연구소,23(2),339-362,ko,,https://www.kci.go.kr/kciportal/ci/sereArticleSearch/ciSereArtiView.kci?sereArticleSearchBean.artiId=ART001889245,,,,확인
chun-chaesung-ced2c9ae,chun-chaesung,전재성,전재성,2014,네트워크 이론의 관점에서 본 북핵 문제와 6자 회담,,논문,국가안보와 전략,국가안보전략연구원,14(2),57-93,ko,,https://www.kci.go.kr/kciportal/ci/sereArticleSearch/ciSereArtiView.kci?sereArticleSearchBean.artiId=ART001892467,,,,확인
chun-chaesung-b1f54b36,chun-chaesung,전재성,전재성,2014,동아시아 국제정치 질서에 대한 체제 차원 분석: 복합조직원리론의 관점에서,,논문,국제지역연구,국제지역연구센터,18(4),3-28,ko,,https://www.kci.go.kr/kciportal/ci/sereArticleSearch/ciSereArtiView.kci?sereArticleSearchBean.artiId=ART001923249,,,,확인
chun-chaesung-29659cd5,chun-chaesung,전재성,전재성,2014,제2장 : 탈실증주의 국제정치학 인식론의 모색,,논문,전재성,서울대학교 국제문제연구소,Vol.20 No.-,,ko,,https://www.riss.kr/search/detail/DetailView.do?p_mat_type=1a0202e37d52c72d&control_no=18681bb67d9938007ecd42904f0c5d65,,,,확인
chun-chaesung-d2a3e1f2,chun-chaesung,전재성,전재성,2014,제주평화연구원 : Jpi 정책포럼 ; 통일 전략과 대북 전략의 조화 필요성,,논문,전재성,제주평화연구원,,,ko,,https://www.riss.kr/search/detail/DetailView.do?p_mat_type=1a0202e37d52c72d&control_no=44d7838507584634ffe0bdc3ef48d419,,,,확인
chun-chaesung-953e10ef,chun-chaesung,전재성,전재성; 외,2014,지속가능한 통일론의 모색,,장(章),지속가능한 통일론의 모색,한울아카데미,,,ko,,https://search.kyobobook.co.kr/search?chrcCode=1000303503&keyword=%EC%A0%84%EC%9E%AC%EC%84%B1,,,,확인
chun-chaesung-0e3dd214,chun-chaesung,전재성,전재성,2014,탈실증주의 국제정치학 인식론의 모색,,논문,세계정치,,20,71-112,ko,,https://s-space.snu.ac.kr/handle/10371/94980,,,,확인
chun-chaesung-48faa014,chun-chaesung,전재성,전재성,2014,통일 전략과 대북 전략의 조화 필요성,,논문,전재성,제주평화연구원,Vol.136 No.-,,ko,,https://www.riss.kr/search/detail/DetailView.do?p_mat_type=1a0202e37d52c72d&control_no=bfdd4d7d4d81253dd18150b21a227875,,,,확인
chun-chaesung-10af02e3,chun-chaesung,전재성,전재성,2014,통일의 외교안보 편익분석 및 대주변국 통일외교 전략,,저서,전재성,대외경제정책연구원,,,ko,,https://www.riss.kr/search/detail/DetailView.do?p_mat_type=d7345961987b50bf&control_no=62f80f46708b5112ffe0bdc3ef48d419,,,,확인
chun-chaesung-adfbe49c,chun-chaesung,전재성,전재성,2014,한국의 동아시아 지역전략과 한반도 전략의 현황과 과제,,논문,전재성,재단법인 동아시아연구원,,,ko,,https://www.riss.kr/search/detail/DetailView.do?p_mat_type=1a0202e37d52c72d&control_no=cb59624a061ee3a9b36097776a77e665,,,,확인
chun-chaesung-18ff2f6c,chun-chaesung,전재성,전재성,2014,한반도 통일을 촉진하고 만들어 가기 위한 한미양국의 평화체제 유지와 동북아지역의 안정적 안보환경 구축방안,,논문,전략연구,(사) 한국전략문제연구소,21(61),131-169,ko,,https://www.kci.go.kr/kciportal/ci/sereArticleSearch/ciSereArtiView.kci?sereArticleSearchBean.artiId=ART001865059,,,,확인
chun-chaesung-ca6aafdb,chun-chaesung,전재성,전재성,2014,헤이그 한미일 정상회담,,논문,전재성,재단법인 동아시아연구원,,,ko,,https://www.riss.kr/search/detail/DetailView.do?p_mat_type=1a0202e37d52c72d&control_no=6a4eb0fd09d7b0c04884a65323211ff0,,,,확인
ha-youngsun-7f68d098-3,ha-youngsun,하영선,하영선,2014,Nuclearization of small states and world order : the case of Korea,,학위논문,하영선,University Microfilms International,,,ko,,https://www.riss.kr/search/detail/DetailView.do?p_mat_type=be54d9b8bc7cdb09&control_no=441d14b995837e78ffe0bdc3ef48d419,,,,확인
ha-youngsun-b8ab87db-2,ha-youngsun,하영선,하영선,2014,네트워크 세계정치 : 은유에서 분석으로 [전자자료],,저서,하영선,OPMS,,,ko,,https://www.riss.kr/search/detail/DetailView.do?p_mat_type=d7345961987b50bf&control_no=6b7484c512149ff9ffe0bdc3ef48d419,,,,확인
ha-youngsun-8286a146,ha-youngsun,하영선,하영선,2014,북한 1972 진실 찾기: 7.4 공동성명의 추진과 폐기,,논문,하영선,재단법인 동아시아연구원,,,ko,,https://www.riss.kr/search/detail/DetailView.do?p_mat_type=1a0202e37d52c72d&control_no=0fc4344f371f237f7ecd42904f0c5d65,,,,확인
ha-youngsun-01d2ab91,ha-youngsun,하영선,하영선,2014,북한 2014 미로 찾기,,논문,하영선,재단법인 동아시아연구원,Vol.- No.-,,ko,,https://www.riss.kr/search/detail/DetailView.do?p_mat_type=1a0202e37d52c72d&control_no=6a4eb0fd09d7b0c0b7998d826d417196,,,,확인
ha-youngsun-c247450d,ha-youngsun,하영선,하영선,2014,아시아 공진질서 건축의 새 장을 열자,,논문,하영선,재단법인 동아시아연구원,,,ko,,https://www.riss.kr/search/detail/DetailView.do?p_mat_type=1a0202e37d52c72d&control_no=6a4eb0fd09d7b0c07ecd42904f0c5d65,,,,확인
ha-youngsun-a4b03821,ha-youngsun,하영선,하영선,2014,"한반도 신뢰 프로세스 2.0 : 억제, 관여, 신뢰의 복합 추진",,저서,하영선,동아시아연구원,,,ko,,https://www.riss.kr/search/detail/DetailView.do?p_mat_type=d7345961987b50bf&control_no=b2c0f68ae4ea2091ffe0bdc3ef48d419,,,,확인
ha-youngsun-0f1585dd,ha-youngsun,하영선,하영선,2014,한반도의 전쟁과 평화 재교( ),,논문,,,,,ko,,https://minumsa.minumsa.com/book/9833/,,,,확인
kim-jonghak-50a55069,kim-jonghak,김종학,김종학,2014,(국역) 을병일기,,저서,김종학,국립중앙도서관 도서관연구소,,,ko,,https://www.riss.kr/search/detail/DetailView.do?p_mat_type=d7345961987b50bf&control_no=1363f45d21fbfe6bffe0bdc3ef48d419,,,,확인
kim-jonghak-cd46e9dc,kim-jonghak,김종학,김종학,2014,이노우에 가쿠고로(井上角五郞)와 갑신정변(甲申政變): 미간사료 『井上角五郞自記年譜』에 기초하여,,논문,한국동양정치사상사연구,한국동양정치사상사학회,13(1),147-196,ko,,https://www.kci.go.kr/kciportal/ci/sereArticleSearch/ciSereArtiView.kci?sereArticleSearchBean.artiId=ART001862641,,,,확인
kim-yongkoo-23eda1ba-2,kim-yongkoo,김용구,金容九,2014,만국공법,,저서,,小花,,,ja,,https://cir.nii.ac.jp/crid/1970586434870636722,,,,확인
oh-inhwan-67c1a252,oh-inhwan,오인환,오인환(Oh; In-hwan),2014,7월 위기와 1차 세계대전 발발 원인에 대한 재고찰 - 독일과 러시아의 위협인식 -,,논문,군사,국방부군사편찬연구소,,31-63,ko,,https://www.kci.go.kr/kciportal/ci/sereArticleSearch/ciSereArtiView.kci?sereArticleSearchBean.artiId=ART001910781,,,,확인
chun-chaesung-3edbc1c4,chun-chaesung,전재성,전재성,2015,네트워크로 보는 세계 속의 북한,,편저,,늘품플러스,,,ko,,https://search.kyobobook.co.kr/search?chrcCode=1000303503&keyword=%EC%A0%84%EC%9E%AC%EC%84%B1&page=2,,,,정정
chun-chaesung-660c5e52,chun-chaesung,전재성,전재성,2015,미중 경쟁 속의 동아시아와 한반도,,저서,전재성,늘품플러스,,,ko,,https://www.riss.kr/search/detail/DetailView.do?p_mat_type=d7345961987b50bf&control_no=7d9f5452efbf1524ffe0bdc3ef48d419,,,,확인
chun-chaesung-5ab0f2cb,chun-chaesung,전재성,전재성,2015,"분단 70년의 국제환경, 대내구조, 남북 관계의 조명",,논문,통일정책연구,통일연구원,24(1),1-27,ko,,https://www.kci.go.kr/kciportal/ci/sereArticleSearch/ciSereArtiView.kci?sereArticleSearchBean.artiId=ART002011946,,,,확인
chun-chaesung-1f9f2e98,chun-chaesung,전재성,하영선; 손열; 이숙종; 이원덕; 전재성; 정재정,2015,신시대를 위한 한일의 공동진화,,논문,EAI 스페셜 리포트,재단법인 동아시아연구원,Vol.- No.-,,ko,,https://www.riss.kr/search/detail/DetailView.do?p_mat_type=1a0202e37d52c72d&control_no=bff6769110e4ffe94884a65323211ff0,,,,미정
chun-chaesung-90c3a5be,chun-chaesung,전재성,전재성; 외,2015,현대 국제관계이론과 한국,,장(章),현대 국제관계이론과 한국,사회평론아카데미,,,ko,,https://search.kyobobook.co.kr/search?chrcCode=1000303503&keyword=%EC%A0%84%EC%9E%AC%EC%84%B1,,,,확인
ha-youngsun-723d2c20,ha-youngsun,하영선,하영선,2015,1972 한반도와 주변4강 2014,,저서,하영선,EAI,,,ko,,https://www.riss.kr/search/detail/DetailView.do?p_mat_type=d7345961987b50bf&control_no=6f5637c260638f05ffe0bdc3ef48d419,,,,확인
ha-youngsun-ab17aae7,ha-youngsun,하영선,하영선,2015,개념사연구 회고와 전망,,논문,,,,,ko,,,,,,확인
ha-youngsun-b6eddc49,ha-youngsun,하영선,하영선,2015,김정은의 토정비결,,논문,EAI 하영선칼럼,,,,ko,,https://www.eai.or.kr/press/press_01_view.php?no=9497,,,,확인
ha-youngsun-e462f1c4-2,ha-youngsun,하영선,하영선,2015,변환의 세계정치 = Transformation of world politics,,저서,하영선,을유문화사,,,ko,,https://www.riss.kr/search/detail/DetailView.do?p_mat_type=d7345961987b50bf&control_no=9bd11089d5bdda54ffe0bdc3ef48d419,,,,확인
ha-youngsun-d0508dc4,ha-youngsun,하영선,하영선,2015,복합화 시대의 동아시아 신질서 건축,,논문,하영선칼럼,,,,ko,,https://www.eai.or.kr/press/press_01_view.php?no=9504,,,,확인
ha-youngsun-4f2c2187-2,ha-youngsun,하영선,John Baylis; Steve Smith; Patricia Owens; 하영선 외 옮김,2015,세계정치론 (2015년판),,역서,,을유문화사,ISBN 8932472890,,ko,,https://www.aladin.co.kr/shop/wproduct.aspx?ItemId=52627135,,,,확인
ha-youngsun-1f9f2e98,ha-youngsun,하영선,하영선; 손열; 이숙종; 이원덕; 전재성; 정재정,2015,신시대를 위한 한일의 공동진화,,논문,하영선,재단법인 동아시아연구원,Vol.- No.-,,ko,,https://www.riss.kr/search/detail/DetailView.do?p_mat_type=1a0202e37d52c72d&control_no=bff6769110e4ffe94884a65323211ff0,,,,확인
ha-youngsun-4360ed16,ha-youngsun,하영선,하영선; 손열,2015,아베담화와 8ㆍ15경축사를 넘어서,,논문,EAI 일본논평,,,,ko,,https://www.eai.or.kr/press/press_01_view.php?no=9503,,,,확인
kim-jonghak-1113f734,kim-jonghak,김종학,김종학,2015,"近代韓國外交文書 . 제10권 , 갑신정변 III",,저서,김종학,서울대학교출판문화원,,,ko,,https://www.riss.kr/search/detail/DetailView.do?p_mat_type=d7345961987b50bf&control_no=ca9217e730c581d0ffe0bdc3ef48d419,,,,확인
kim-jonghak-fbf06d6a,kim-jonghak,김종학,김종학,2015,"近代韓國外交文書 . 제11권 , 갑신정변 IV",,저서,김종학,서울대학교출판문화원,,,ko,,https://www.riss.kr/search/detail/DetailView.do?p_mat_type=d7345961987b50bf&control_no=d75f25cf4a0e1f59ffe0bdc3ef48d419,,,,확인
kim-jonghak-8d0e7223,kim-jonghak,김종학,근대한국외교문서 편찬위원회; 김종학 공편,2015,近代韓國外交文書 제8-9권 (갑신정변),,편저,,서울대학교출판문화원,,,ko,,https://psir.snu.ac.kr/people/c/P250724024619,,,,정정
kim-jonghak-781069d9,kim-jonghak,김종학,김종학,2015,"개화당의 기원과 비밀외교, 1879-1884",,학위논문,김종학,서울대학교 대학원,,,ko,,https://www.riss.kr/search/detail/DetailView.do?p_mat_type=be54d9b8bc7cdb09&control_no=c6fb6e6544ae361effe0bdc3ef48d419,,files/kim-jonghak/kim-jonghak-781069d9.pdf,CC BY-NC-ND 2.0 KR,확인
kim-yongkoo-647cbc53,kim-yongkoo,김용구,김용구,2015,"近代韓國外交文書 . 제6권 , 임오군란 Ⅰ",,저서,김용구,서울대학교출판문화원,,,ko,,https://www.riss.kr/search/detail/DetailView.do?p_mat_type=d7345961987b50bf&control_no=c882d06ee56fbbdaffe0bdc3ef48d419,,,,확인
kim-yongkoo-c646fea9,kim-yongkoo,김용구,김용구,2015,"近代韓國外交文書 . 제7권 , 임오군란 II",,저서,김용구,서울대학교출판문화원,,,ko,,https://www.riss.kr/search/detail/DetailView.do?p_mat_type=d7345961987b50bf&control_no=250c3735e2a6f7f8ffe0bdc3ef48d419,,,,확인
kim-yongkoo-f1b37ac9,kim-yongkoo,김용구,김용구,2015,"近代韓國外交文書 . 제8권 , 갑신정변 I",,저서,김용구,서울대학교출판문화원,,,ko,,https://www.riss.kr/search/detail/DetailView.do?p_mat_type=d7345961987b50bf&control_no=3a65b20e84995324ffe0bdc3ef48d419,,,,확인
kim-yongkoo-91fd8b56,kim-yongkoo,김용구,김용구,2015,"近代韓國外交文書 . 제9권 , 갑신정변 II",,저서,김용구,서울대학교출판문화원,,,ko,,https://www.riss.kr/search/detail/DetailView.do?p_mat_type=d7345961987b50bf&control_no=6f882dc29e6041d1ffe0bdc3ef48d419,,,,확인
kim-yongkoo-2b934bb3,kim-yongkoo,김용구,근대한국외교문서 편찬위원회 엮음 (편찬위원장 김용구),2015,근대한국외교문서 10 : 갑신정변 3,,편저,,서울대학교출판문화원,제10권,,ko,,https://www.aladin.co.kr/search/wsearchresult.aspx?SearchTarget=Book&SearchWord=%EA%B7%BC%EB%8C%80%ED%95%9C%EA%B5%AD%EC%99%B8%EA%B5%90%EB%AC%B8%EC%84%9C,,,,미검증
kim-yongkoo-58bb334e,kim-yongkoo,김용구,근대한국외교문서 편찬위원회 엮음 (편찬위원장 김용구),2015,근대한국외교문서 11 : 갑신정변 4,,편저,,서울대학교출판문화원,제11권,,ko,,https://www.aladin.co.kr/search/wsearchresult.aspx?SearchTarget=Book&SearchWord=%EA%B7%BC%EB%8C%80%ED%95%9C%EA%B5%AD%EC%99%B8%EA%B5%90%EB%AC%B8%EC%84%9C,,,,미검증
noh-jaebong-2bc7c6d7,noh-jaebong,노재봉,노재봉,2015,[신년사] “공공도덕 양성에 기초한 일체감 형성에 분발”,,논문,노재봉,한국자치학회,,,ko,,https://www.riss.kr/search/detail/DetailView.do?p_mat_type=1a0202e37d52c72d&control_no=a2742bcc66f56bf0b7998d826d417196,,,,미정
noh-jaebong-8d7cc243,noh-jaebong,노재봉,노재봉,2015,정치학적 대화,,저서,노재봉,성신여자대학교출판부,,,ko,,https://www.riss.kr/search/detail/DetailView.do?p_mat_type=d7345961987b50bf&control_no=341cc3f6e9854ac0ffe0bdc3ef48d419,,,,확인
ok-changjoon-77c1a47f,ok-changjoon,옥창준,옥창준,2015,냉전기 한국 지식인의 아시아 상상,,학위논문,옥창준,서울대학교 대학원,,,ko,,https://www.riss.kr/search/detail/DetailView.do?p_mat_type=be54d9b8bc7cdb09&control_no=a24ab35c9a6774d8ffe0bdc3ef48d419,,files/ok-changjoon/ok-changjoon-77c1a47f.pdf,CC BY-NC-ND 2.0 KR,확인
ok-changjoon-78066aa0,ok-changjoon,옥창준,옥창준,2015,냉전기 한국 지식인의 아시아 아프리카 상상,,논문,한국문화연구,한국문화연구원,28,81-107,ko,,https://www.kci.go.kr/kciportal/ci/sereArticleSearch/ciSereArtiView.kci?sereArticleSearchBean.artiId=ART002003704,,,,확인
ok-changjoon-9e2b7c98,ok-changjoon,옥창준,옥창준,2015,미국으로 간 ‘반둥 정신’ - 체스터 보울즈의 제3세계,,논문,사회와역사(구 한국사회사학회논문집),한국사회사학회,,263-303,ko,,https://www.kci.go.kr/kciportal/ci/sereArticleSearch/ciSereArtiView.kci?sereArticleSearchBean.artiId=ART002070766,,,,확인
ok-changjoon-11dc3a4d,ok-changjoon,옥창준,곽귀병; 김일환; 김채연; 옥창준,2015,평화기획으로 한국전쟁 다시 읽기?,,논문,사회와역사(구 한국사회사학회논문집),한국사회사학회,,355-369,ko,,https://www.kci.go.kr/kciportal/ci/sereArticleSearch/ciSereArtiView.kci?sereArticleSearchBean.artiId=ART002069462,,,,확인
song-jeeye-662d432a,song-jeeye,송지예,송지예,2015,남북대화 규범의 탄생- 구성주의 시각에서 본 1970년대 남북대화,,논문,한국정치외교사논총,한국정치외교사학회,37(1),201-234,ko,,https://www.kci.go.kr/kciportal/ci/sereArticleSearch/ciSereArtiView.kci?sereArticleSearchBean.artiId=ART002017675,,,,확인
chun-chaesung-6e395c47,chun-chaesung,전재성,전재성,2016,5차 핵실험 이후의 북한 핵문제와 우리의 대응 전략 방향,,논문,전략연구,(사) 한국전략문제연구소,23(3),7-38,ko,,https://www.kci.go.kr/kciportal/ci/sereArticleSearch/ciSereArtiView.kci?sereArticleSearchBean.artiId=ART002163357,,,,확인
chun-chaesung-23466b0b,chun-chaesung,전재성,Chaesung Chun,2016,East Asian Security and South Korea’s Middle Power Diplomacy,,장(章),Palgrave Macmillan US eBooks,Palgrave Macmillan,,15-34,en,10.1057/978-1-137-59359-7_2,https://doi.org/10.1057/978-1-137-59359-7_2,,,,확인
chun-chaesung-6b8f3159,chun-chaesung,전재성,전재성,2016,The ROK-US Alliance and North Korea’s Nuclear Crisis,,논문,Journal of Peace and Unification,통일학연구원,6(1),1-16,ko,10.31780/jpu.2016.6.1.1,https://www.kci.go.kr/kciportal/ci/sereArticleSearch/ciSereArtiView.kci?sereArticleSearchBean.artiId=ART002113953,,,,확인
chun-chaesung-d1e44d42,chun-chaesung,전재성,Chaesung Chun,2016,US-China Rivalry and South Korea’s Strategy,,장(章),Palgrave Macmillan US eBooks,Palgrave Macmillan,,125-143,en,10.1057/978-1-352-00023-8_7,https://doi.org/10.1057/978-1-352-00023-8_7,,,,확인
chun-chaesung-7724f940,chun-chaesung,전재성,전재성,2016,북한의 핵능력 고도화와 대북 경제제재 심화에 따른 동북아 국제관계 변화,,논문,통일정책연구,통일연구원,25(2),1-24,ko,,https://www.kci.go.kr/kciportal/ci/sereArticleSearch/ciSereArtiView.kci?sereArticleSearchBean.artiId=ART002178579,,,,확인
chun-chaesung-ed568df7,chun-chaesung,전재성,전재성,2016,북핵위기의 새로운 해법,,보고서,EAI 워킹페이퍼,,,1-16,ko,,https://psir.snu.ac.kr/people/c/P250731113817,,,,확인
chun-chaesung-8c82d8d0,chun-chaesung,전재성,전재성,2016,알렉산더 웬트(Alexander Wendt)의 양자사회과학에 대한 비판적 고찰,,논문,국제정치논총,한국국제정치학회,56(2),7-43,ko,,https://www.kci.go.kr/kciportal/ci/sereArticleSearch/ciSereArtiView.kci?sereArticleSearchBean.artiId=ART002124072,,,,확인
chun-chaesung-7f9d568d,chun-chaesung,전재성,신종호; 김석진; 성기영; 김상기; 안희창; 홍순직; 김영희; 전재성; 정은미; 외,2016,전환기 남북관계 영향 요인 및 향후 정책 방향,,보고서,KINU 연구총서 16-19,통일연구원(KINU),,,ko,,https://search.kyobobook.co.kr/search?chrcCode=1000303503&keyword=%EC%A0%84%EC%9E%AC%EC%84%B1&page=4,,,,확인
chun-chaesung-b612ffbc,chun-chaesung,전재성,전재성; 외,2016,한국의 중견국 외교,,장(章),한국의 중견국 외교,명인문화사,,,ko,,https://search.kyobobook.co.kr/search?chrcCode=1000303503&keyword=%EC%A0%84%EC%9E%AC%EC%84%B1&page=3,,,,확인
chun-chaesung-ce8bf580,chun-chaesung,전재성,전재성,2016,한미동맹의 동맹 딜레마와 향후 한국의 한미동맹 전략,,논문,국가안보와 전략,국가안보전략연구원,16(2),1-32,ko,,https://www.kci.go.kr/kciportal/ci/sereArticleSearch/ciSereArtiView.kci?sereArticleSearchBean.artiId=ART002120784,,,,확인
chun-chaesung-4da03f89,chun-chaesung,전재성,김계동; 전재성; 외,2016,현대 외교정책론(제3판),,장(章),현대 외교정책론,명인문화사,,,ko,,https://psir.snu.ac.kr/people/c/P250731113817,,,,확인
ha-youngsun-ed0507d9,ha-youngsun,하영선,하영선,2016,김정은 신년사와 핵실험,,논문,하영선칼럼,,,,ko,,https://www.eai.or.kr/press/press_01_view.php?no=9507,,,,확인
ha-youngsun-095b8a63,ha-youngsun,하영선,하영선,2016,북한 제7차 노동당 대회 감상법,,논문,하영선칼럼,,,,ko,,https://www.eai.or.kr/press/press_01_view.php?no=9509,,,,확인
ha-youngsun-ed568df7,ha-youngsun,하영선,하영선(엮음); 전재성(엮음); 김병연; 위성락; 이희옥,2016,북핵위기의 새로운 해법,,논문,하영선,재단법인 동아시아연구원,,,ko,,https://www.riss.kr/search/detail/DetailView.do?p_mat_type=1a0202e37d52c72d&control_no=4f9086baab0a5355d18150b21a227875,,,,확인
ha-youngsun-b352b9d6,ha-youngsun,하영선,하영선; 이헌미,2016,사행의 국제정치 : 16~19세기 조천·연행록 분석,,저서,하영선,아연출판부,,,ko,,https://www.riss.kr/search/detail/DetailView.do?p_mat_type=d7345961987b50bf&control_no=aa3fb6b60a48d008ffe0bdc3ef48d419,,,,확인
ha-youngsun-a96f79f8-2,ha-youngsun,하영선,하영선; 오코노기 마사오(小此木政夫); 한일신시대공동연구프로젝트,2016,신시대 한일 협력 7대 핵심과제 (중문판),,편저,,한울아카데미,ISBN 8946059303,,zh,,https://www.aladin.co.kr/shop/wproduct.aspx?ItemId=96434488,,,,정정
ha-youngsun-5ab1e359,ha-youngsun,하영선,하영선,2016,한반도의 전쟁과 평화,,장(章),"『문화의 안과 밖 7: 시민사회의 기획과 도전 — 근대성의 검토』(송호근·이진우·강정인·조은·하영선·곽준혁·박홍규·백낙청 공저, 312쪽)",민음사,,,ko,,https://minumsa.minumsa.com/book/9833/,,,,확인
kim-jonghak-6c202f49,kim-jonghak,김종학,김종학,2016,근대 일본의 조선 정책의 단면 : `자주지방(自主之邦)`의 의미와 그 해석,,논문,김종학,대한민국역사박물관,,,ko,,https://www.riss.kr/search/detail/DetailView.do?p_mat_type=1a0202e37d52c72d&control_no=33ca12b6653241b0c85d2949c297615a,,,,확인
kim-jonghak-510f68de-2,kim-jonghak,김종학,다보하시 기요시(田保橋潔) 저; 김종학 역,2016,근대 일선관계의 연구 (하),近代日鮮關係の硏究,역서,,일조각,,840,ko,,https://www.aladin.co.kr/shop/wproduct.aspx?ItemId=80600126,,,,확인
kim-jonghak-2bdd6775,kim-jonghak,김종학,会沢正志斎; 金鍾學,2016,신론,,저서,,세창출판사,,,ja,,https://cir.nii.ac.jp/crid/1970304959867686834,,,,확인
kim-jonghak-153e843b,kim-jonghak,김종학,김종학(Kim; Jong-Hak),2016,이동인(李東仁)의 비밀외교,,논문,김종학,한국동양정치사상사학회,Vol.15 No.2,,ko,,https://www.riss.kr/search/detail/DetailView.do?p_mat_type=1a0202e37d52c72d&control_no=0cc221aa822c5c8047de9c1710b0298d,,,,확인
kim-jonghak-44129aa1,kim-jonghak,김종학,김종학,2016,이동인(李東仁)의 비밀외교:개화당의 정치적 목적의 재검토,,논문,한국동양정치사상사연구,한국동양정치사상사학회,15(2),163-213,ko,,https://www.kci.go.kr/kciportal/ci/sereArticleSearch/ciSereArtiView.kci?sereArticleSearchBean.artiId=ART002150655,,,,확인
kim-jonghak-5fb8d52e,kim-jonghak,김종학,김종학,2016,조일수호조규 체결과정에서의 오경석의 막후활동: 개화당 기원의 재검토,,논문,한국정치외교사논총,한국정치외교사학회,38(1),5-40,ko,,https://www.kci.go.kr/kciportal/ci/sereArticleSearch/ciSereArtiView.kci?sereArticleSearchBean.artiId=ART002132930,,,,확인
kim-jonghak-0deea01f,kim-jonghak,김종학,김종학(Kim; Jong-Hak),2016,조일수호조규는 포함외교의 산물이었는가?,,논문,역사비평,역사문제연구소,,25-56,ko,,https://www.kci.go.kr/kciportal/ci/sereArticleSearch/ciSereArtiView.kci?sereArticleSearchBean.artiId=ART002088484,,,,확인
kwon-minju-0e022866,kwon-minju,권민주,하영선; 권민주; 정연(Yan Zheng),2016,"열하일기의 국제정치학: 청, 티베트, 그리고 조선","제5장 열하일기의 국제정치학 : 청, 티베트, 그리고 조선",장(章),"사행의 국제정치: 16~19세기 조천·연행록 분석 (하영선·이헌미 편, 아연동북아총서 25)",아연출판부(고려대학교 아세아문제연구소),,,ko,,https://www.aladin.co.kr/shop/wproduct.aspx?ItemId=93331857,,,,확인
noh-jaebong-b971c4b2,noh-jaebong,노재봉,Ro Jai-bong,2016,The Pursuit of Korean Revolution of Modernity,,논문,Journal of Contemporary Korean Studies,대한민국역사박물관,Vol.3 No.1,287-298,en,,https://www.riss.kr/search/detail/DetailView.do?p_mat_type=1a0202e37d52c72d&control_no=4b77a4bfdbc6c49f6aae8a972f9116fb,,,,확인
ok-changjoon-ff2ebf22,ok-changjoon,옥창준,옥창준,2016,윌리엄 스툭의 국제전 접근법과 한국전쟁 연구,,논문,미국학,미국학연구소,39(1),37-71,ko,,https://www.kci.go.kr/kciportal/ci/sereArticleSearch/ciSereArtiView.kci?sereArticleSearchBean.artiId=ART002119644,,,,확인
yong-chaeyoung-a5844d1b,yong-chaeyoung,용채영,용채영,2016,베스트팔렌 신화와 신성로마제국의 존속에 관한 연구(1495-1806),,학위논문,용채영,서울대학교 대학원,,,ko,,https://www.riss.kr/search/detail/DetailView.do?p_mat_type=be54d9b8bc7cdb09&control_no=cf78534c1a7ac304ffe0bdc3ef48d419,,files/yong-chaeyoung/yong-chaeyoung-a5844d1b.pdf,CC BY-NC-ND 2.0 KR,확인
chun-chaesung-f61955c1,chun-chaesung,전재성,전재성,2017,Cold War Structure and Culture in South Korea,,논문,Korean Social Science Journal,한국사회과학협의회,44(1),33-49,ko,10.36033/kssj.44.1.201706.33,https://www.kci.go.kr/kciportal/ci/sereArticleSearch/ciSereArtiView.kci?sereArticleSearchBean.artiId=ART002230397,,,,확인
chun-chaesung-ec885f1e,chun-chaesung,전재성,Chun Chaesung,2017,THE NORTH KOREAN NUCLEAR THREAT AND SOUTH KOREA'S DETERRENCE STRATEGY,,장(章),Georgetown University Press eBooks,Georgetown University Press,,113-128,en,10.2307/j.ctt1ps318b.12,https://doi.org/10.2307/j.ctt1ps318b.12,,,,확인
chun-chaesung-2957d4e3,chun-chaesung,전재성,전재성; 외,2017,뉴노멀 시대 미중 전략 경쟁 관계와 한반도에의 함의 1,,보고서,,통일연구원(KINU),,,ko,,https://search.kyobobook.co.kr/search?chrcCode=1000303503&keyword=%EC%A0%84%EC%9E%AC%EC%84%B1&page=2,,,,확인
chun-chaesung-52dffdfe,chun-chaesung,전재성,전재성; 외,2017,뉴노멀 시대 미중 전략 경쟁 관계와 한반도에의 함의 2,,보고서,,통일연구원(KINU),,,ko,,https://search.kyobobook.co.kr/search?chrcCode=1000303503&keyword=%EC%A0%84%EC%9E%AC%EC%84%B1&page=2,,,,확인
chun-chaesung-dbde60f0,chun-chaesung,전재성,민태은; 이기동; 이상근; 전재성; 외,2017,대북·통일정책 관련 주요 쟁점과 정책추진방향,,보고서,,통일연구원(KINU),,,ko,,https://search.kyobobook.co.kr/search?chrcCode=1000303503&keyword=%EC%A0%84%EC%9E%AC%EC%84%B1&page=2,,,,확인
chun-chaesung-43da4d28,chun-chaesung,전재성,전재성; 외,2017,대전환의 파도 한국의 선택,,장(章),대전환의 파도 한국의 선택,클라우드나인,,,ko,,https://search.kyobobook.co.kr/search?chrcCode=1000303503&keyword=%EC%A0%84%EC%9E%AC%EC%84%B1&page=3,,,,확인
chun-chaesung-837f7ff4,chun-chaesung,전재성,전재성 ( Chun Chaesung ),2017,동북아의 불완전한 주권국가들과 복합적 무정부상태,,논문,전재성,서울대학교 국제문제연구소,26,83-126,ko,,https://www.riss.kr/search/detail/DetailView.do?p_mat_type=1a0202e37d52c72d&control_no=aebd0606b63d2f534884a65323211ff0,,,,확인
chun-chaesung-d0774454,chun-chaesung,전재성,전재성,2017,복잡성과 복합성의 세계정치,,편저,세계정치 26,사회평론아카데미,,,ko,,https://search.kyobobook.co.kr/search?chrcCode=1000303503&keyword=%EC%A0%84%EC%9E%AC%EC%84%B1&page=3,,,,확인
chun-chaesung-ede366a3,chun-chaesung,전재성,전재성,2017,서문,,논문,세계정치,,26,5-11,ko,,https://s-space.snu.ac.kr/handle/10371/146951,,,,확인
chun-chaesung-c6349bde,chun-chaesung,전재성,전재성,2017,통일 지향 한미 간 안보협력 방안,,논문,전재성,한국전략문제연구소,Vol.2017 No.10,,ko,,https://www.riss.kr/search/detail/DetailView.do?p_mat_type=1a0202e37d52c72d&control_no=ef0008096455dc114884a65323211ff0,,,,확인
chun-chaesung-10af02e3-2,chun-chaesung,전재성,Chaesung Chun; Sungbae Kim,2017,통일의 외교안보 편익 분석 및 대주변국 통일외교 전략 (Analysis on Diplomatic and Security Benefits of Unification and Strategies for Unification),,논문,Policy analyses,,,,ko,,https://openalex.org/W3125623926,,,,확인
chun-chaesung-de4cb809,chun-chaesung,전재성,전재성,2017,트럼프 대통령의 아시아 순방: 미국의 대 아시아 전략 평가,,논문,전재성,재단법인 동아시아연구원,,,ko,,https://www.riss.kr/search/detail/DetailView.do?p_mat_type=1a0202e37d52c72d&control_no=27be9ac2085b318b47de9c1710b0298d,,,,확인
chun-chaesung-816a00dd,chun-chaesung,전재성,전재성,2017,트럼프 행정부의 등장과 한미동맹의 과제,,논문,전재성,재단법인 동아시아연구원,,,ko,,https://www.riss.kr/search/detail/DetailView.do?p_mat_type=1a0202e37d52c72d&control_no=05ac17bdc73de5c46aae8a972f9116fb,,,,확인
chun-chaesung-efdc27ee,chun-chaesung,전재성,전재성,2017,한미 정상회담과 대북 정책 공조의 과제,,논문,한반도 포커스,,40,39-47,ko,,https://psir.snu.ac.kr/people/c/P250731113817,,,,확인
ha-youngsun-6f988e5c,ha-youngsun,하영선,하영선,2017,미중의 아태질서 건축경쟁,,저서,하영선,동아시아연구원,,,ko,,https://www.riss.kr/search/detail/DetailView.do?p_mat_type=d7345961987b50bf&control_no=76e271668171ba97ffe0bdc3ef48d419,,,,확인
ha-youngsun-13794d00,ha-youngsun,하영선,하영선,2017,북핵위기 해결의 새 길 찾기,,논문,하영선,재단법인 동아시아연구원,,,ko,,https://www.riss.kr/search/detail/DetailView.do?p_mat_type=1a0202e37d52c72d&control_no=bea838bb25f739996aae8a972f9116fb,,,,확인
kim-jaeyoung-9897282b,kim-jaeyoung,김재영,김재영 ( Kim Jaeyoung ),2017,반공국가의 위기와 민족주의의 부상 ― 민주화 이후 한국의 대북정책과 대만의 대중정책에 관한 비교,,논문,김재영,서울대학교 국제문제연구소,,,ko,,https://www.riss.kr/search/detail/DetailView.do?p_mat_type=1a0202e37d52c72d&control_no=aebd0606b63d2f537f7a54760bb41745,,,,확인
kim-jonghak-2f4d2a7d,kim-jonghak,김종학,김종학,2017,1876년 조일수호조규 체결과정의 재구성 : '심행일기(沁行日記)'와 몇 가지 미간문헌에 기초하여,,논문,한국정치학회보,한국정치학회,51(5),185-215,ko,,https://www.kci.go.kr/kciportal/ci/sereArticleSearch/ciSereArtiView.kci?sereArticleSearchBean.artiId=ART002305585,,,,확인
kim-jonghak-cb7c387a,kim-jonghak,김종학,김종학,2017,개화당의 기원과 비밀외교,,저서,김종학,일조각,,,ko,,https://www.riss.kr/search/detail/DetailView.do?p_mat_type=d7345961987b50bf&control_no=8c21a16dd7bd6822ffe0bdc3ef48d419,,,,확인
kim-jonghak-84053d4f,kim-jonghak,김종학,김종학,2017,곤경에서의 탈출: 조일수호조규의 체결 과정,,장(章),"동북아역사재단 한일관계연구소 편, 『조일수호조규, 근대의 의미를 묻다』",청아출판사,,,ko,,https://www.yes24.com/product/goods/58180913,,,,확인
kim-jonghak-998fff1d,kim-jonghak,김종학,김종학,2017,국=가와 국/가-왕권을 둘러싼 정치투쟁과 대한제국-,,논문,개념과 소통,한림과학원,,5-45,ko,,https://www.kci.go.kr/kciportal/ci/sereArticleSearch/ciSereArtiView.kci?sereArticleSearchBean.artiId=ART002305445,,,,확인
kim-jonghak-85412d33,kim-jonghak,김종학,김종학,2017,흥선대원군의 탈성리학적 정치리더십,,장(章),"이희주 편, 『고종시대 정치리더십 연구』",한국학중앙연구원,,,ko,,https://psir.snu.ac.kr/people/c/P250724024619,,,,확인
lee-yonghee-e9413861,lee-yonghee,이용희,이용희(李用熙),2017,독시재 산고(讀史齋 散藁) — 동주 이용희 전집 6,,저서,연암서가,연암서가,동주 이용희 전집 6,626쪽,ko,,https://www.aladin.co.kr/shop/wproduct.aspx?ItemId=137072347,"『동주 이용희 전집』(연암서가, 2017) 수록본",,,확인
lee-yonghee-88a2c9dc,lee-yonghee,이용희,이용희,2017,"동주 이용희 전집 . 4 , 한국외교사와 한국외교",,저서,,연암서가,,,ko,,https://www.riss.kr/search/detail/DetailView.do?p_mat_type=d7345961987b50bf&control_no=bb75e822461c52feffe0bdc3ef48d419,"『동주 이용희 전집』(연암서가, 2017) 수록본",,,확인
lee-yonghee-651f0aab,lee-yonghee,이용희,이용희,2017,동주 이용희 전집 2 : 정치사상과 한국민족주의,,저서,,연암서가,,,ko,,https://www.riss.kr/search/detail/DetailView.do?p_mat_type=d7345961987b50bf&control_no=ba91e34352eb99bdffe0bdc3ef48d419,,,,확인
oh-inhwan-1602b3b2,oh-inhwan,오인환,오인환,2017,낭만적 현실주의자 모택동,,기고,EAI 사랑방 답사기,동아시아연구원(EAI),,,ko,,https://global.eai.or.kr/ko/reports/990086,,,,확인
ok-changjoon-330258f0,ok-changjoon,옥창준,Chang Joon OK; Min Hwan Kim,2017,From Korean War Experience to the Psychological Warfare Text: The Making and the Variations of The Reds take a City,,논문,Critical Review of History,Yuksabipyungsa,118,318-343,en,10.38080/crh.2017.02.118.318,https://doi.org/10.38080/crh.2017.02.118.318,,,,확인
ok-changjoon-d11fd042,ok-changjoon,옥창준,김민환; 옥창준,2017,"냉전의 텍스트화, 텍스트의 냉전화: The Reds Take a City의 탄생과 변주",,장(章),"열전 속 냉전, 냉전 속 열전: 냉전 아시아의 사상심리전 (백원담·강성현 엮음)",진인진,,135-162,ko,,https://www.yes24.com/product/goods/41792223,,,,확인
ok-changjoon-7d2dc69a,ok-changjoon,옥창준,백원담(토론자); 오드 아르네 베스타(토론자); 옥창준(번역자),2017,"북핵, 냉전, 동아시아, 세계",,논문,옥창준,새얼문화재단,Vol.96 No.-,,ko,,https://www.riss.kr/search/detail/DetailView.do?p_mat_type=1a0202e37d52c72d&control_no=aebf2ec2eca9658fe9810257f7042666,,,,확인
ok-changjoon-207a8c60,ok-changjoon,옥창준,옥창준(OK Chang Joon); 김민환(Kim Min Hwan),2017,사상심리전의 텍스트로서 한국전쟁―자유세계로의 확산과 동아시아적 귀환,,논문,역사비평,역사문제연구소,,318-343,ko,,https://www.kci.go.kr/kciportal/ci/sereArticleSearch/ciSereArtiView.kci?sereArticleSearchBean.artiId=ART002204484,,,,확인
ok-changjoon-0a3234ad,ok-changjoon,옥창준,옥창준,2017,이용희의 지식 체계 형성과 한국 국제정치학의 재구성,,논문,사이間SAI,국제한국문학문화학회,,89-131,ko,,https://www.kci.go.kr/kciportal/ci/sereArticleSearch/ciSereArtiView.kci?sereArticleSearchBean.artiId=ART002228998,,,,확인
yong-chaeyoung-c58cf884,yong-chaeyoung,용채영,용채영(Chaeyoung Yong); 은용수(Yong-Soo Eun),2017,국제정치학(IR)의 감정연구 : 비판적 검토와 이론적 제언,,논문,국제정치논총,한국국제정치학회,57(3),51-86,ko,,https://www.kci.go.kr/kciportal/ci/sereArticleSearch/ciSereArtiView.kci?sereArticleSearchBean.artiId=ART002267326,,,,확인
chun-chaesung-0f6d4bbf,chun-chaesung,전재성,김병로; 전재성; 박인휘,2018,(한국형 발전모델의) 대외관계사,,저서,,인간사랑,,,ko,,https://psir.snu.ac.kr/people/c/P250731113817,,,,확인
chun-chaesung-28aa74a2,chun-chaesung,전재성,신종호; 정성윤; 김재철; 민병원; 임수호; 전재성; 정재관; 차창훈; 외,2018,2030 미중관계 시나리오와 한반도,,보고서,KINU 연구총서 18-26,통일연구원(KINU),,,ko,,https://search.kyobobook.co.kr/search?chrcCode=1000303503&keyword=%EC%A0%84%EC%9E%AC%EC%84%B1&page=4,,,,확인
chun-chaesung-8d9e0ce7,chun-chaesung,전재성,Chaesung Chun,2018,The State and regional Order in East Asia,,저서,Oxford University Press eBooks,Oxford University Press,,,en,10.1093/oso/9780198828945.003.0010,https://doi.org/10.1093/oso/9780198828945.003.0010,,,,확인
chun-chaesung-0d3ba859,chun-chaesung,전재성,전재성,2018,[기고] 북핵 문제와 일본의 전략 - 일본 국가안보 1순위 ‘북핵’ 압박과 관여 실패 위기감,,논문,전재성,북한연구소,,,ko,,https://www.riss.kr/search/detail/DetailView.do?p_mat_type=1a0202e37d52c72d&control_no=c237ed5ba6d8d43e7f7a54760bb41745,,,,확인
chun-chaesung-d0086a41,chun-chaesung,전재성,전재성,2018,남북 · 북미 정상회담 합의 분석과 향후 과제,,논문,전재성,재단법인 동아시아연구원,,,ko,,https://www.riss.kr/search/detail/DetailView.do?p_mat_type=1a0202e37d52c72d&control_no=1ba9c4dfa9c8c4dbe9810257f7042666,,,,확인
chun-chaesung-675862ca,chun-chaesung,전재성,전재성,2018,동아시아 지역질서 이론 : 불완전 주권과 지역갈등,,저서,전재성,사회평론아카데미,,,ko,,https://www.riss.kr/search/detail/DetailView.do?p_mat_type=d7345961987b50bf&control_no=ecf34281994dbf72ffe0bdc3ef48d419,,,,확인
chun-chaesung-ac410bb4,chun-chaesung,전재성,전재성; 장기영,2018,동아시아 지역질서의 보편과 특수: 이론과 현실,,편저,,사회평론아카데미,,,ko,,https://psir.snu.ac.kr/people/c/P250731113817,,,,확인
chun-chaesung-92a2c8fe,chun-chaesung,전재성,하영선; 전재성,2018,북미정상회담이 남긴 숙제 제대로 풀기,,논문,전재성,재단법인 동아시아연구원,,,ko,,https://www.riss.kr/search/detail/DetailView.do?p_mat_type=1a0202e37d52c72d&control_no=5ad1e67637f254bc47de9c1710b0298d,,,,확인
chun-chaesung-a2ab2ff1,chun-chaesung,전재성,전재성; 외,2018,신흥 무대의 미중 경쟁,,장(章),신흥 무대의 미중 경쟁,한울아카데미,,,ko,,https://search.kyobobook.co.kr/search?chrcCode=1000303503&keyword=%EC%A0%84%EC%9E%AC%EC%84%B1&page=2,,,,확인
chun-chaesung-c98aad12,chun-chaesung,전재성,전재성,2018,판문점 선언 이후 새로운 도전들,,논문,전재성,재단법인 동아시아연구원,,,ko,,https://www.riss.kr/search/detail/DetailView.do?p_mat_type=1a0202e37d52c72d&control_no=6c33b73ea13f80f7b36097776a77e665,,,,확인
chun-chaesung-3f76dae9,chun-chaesung,전재성,하영선; 손열 엮음; 전재성; 외,2018,한국 사회과학 개념사,,장(章),한국 사회과학 개념사,한울아카데미,,,ko,,https://search.kyobobook.co.kr/search?chrcCode=1000303503&keyword=%EC%A0%84%EC%9E%AC%EC%84%B1,,,,확인
chun-chaesung-5c604bf3,chun-chaesung,전재성,전재성,2018,한반도 평화체제를 넘어 동북아 신질서 구축으로 가는 길,,논문,전재성,재단법인 동아시아연구원,,,ko,,https://www.riss.kr/search/detail/DetailView.do?p_mat_type=1a0202e37d52c72d&control_no=00ef9d9c7b73a6e1e9810257f7042666,,,,확인
ha-youngsun-1a0e7ac3,ha-youngsun,하영선,하영선; 전재성,2018,Tasks Ahead beyound the Stalemate,,논문,Global NK 논평,,,,en,,https://www.eai.or.kr/eng/press/press_01_view.php?no=9994,,,,확인
ha-youngsun-0afb7542,ha-youngsun,하영선,하영선,2018,김정은 신년사의 세 얼굴과 평창올림픽,,논문,하영선 칼럼,,,,ko,,https://www.eai.or.kr/press/press_01_view.php?no=9535,,,,확인
ha-youngsun-d8694879,ha-youngsun,하영선,하영선,2018,냉전기 한국 사회과학 개념사 총론 2018,,논문,하영선,대한민국역사박물관,,,ko,,https://www.riss.kr/search/detail/DetailView.do?p_mat_type=d7345961987b50bf&control_no=c28670494926edcdffe0bdc3ef48d419,,,,확인
ha-youngsun-92a2c8fe,ha-youngsun,하영선,하영선; 전재성,2018,북미정상회담이 남긴 숙제 제대로 풀기,,논문,하영선,재단법인 동아시아연구원,,,ko,,https://www.riss.kr/search/detail/DetailView.do?p_mat_type=1a0202e37d52c72d&control_no=5ad1e67637f254bc47de9c1710b0298d,,,,확인
ha-youngsun-2dde4453,ha-youngsun,하영선,하영선,2018,북한의 신전략노선 과 두 정상회담,,논문,하영선 칼럼,,,,ko,,https://www.eai.or.kr/press/press_01_view.php?no=9542,,,,확인
ha-youngsun-72559727,ha-youngsun,하영선,하영선,2018,서론 한국 개념사 연구의 새로운 지평을 찾아서2018,,논문,,,,,ko,,https://www.riss.kr/search/detail/DetailView.do?p_mat_type=d7345961987b50bf&control_no=c3be2cd80e88e54cffe0bdc3ef48d419,,,,확인
ha-youngsun-8c11971a,ha-youngsun,하영선,河英善; 金湘培,2018,신흥 무대의 미중 경쟁 : 정보세계정치학의 시각 = U.S.-China competition in the emerging stage : a perspective of world information politics,,저서,하영선,한울아카데미 한울엠플러스,,,ko,,https://www.riss.kr/search/detail/DetailView.do?p_mat_type=d7345961987b50bf&control_no=81ea0d94a8220486ffe0bdc3ef48d419,,,,확인
ha-youngsun-40caaee8,ha-youngsun,하영선,하영선; 손열,2018,한국 사회과학 개념사 : 조공에서 정보화까지,,저서,하영선,한울아카데미 한울엠플러스,,,ko,,https://www.riss.kr/search/detail/DetailView.do?p_mat_type=d7345961987b50bf&control_no=c3be2cd80e88e54cffe0bdc3ef48d419,,,,확인
heo-sujin-a16be682,heo-sujin,허수진,허수진,2018,지역질서 연구를 위한 구성주의 방법론 검토,,장(章),"전재성·장기영 편, 『동아시아 지역질서의 보편과 특수』, 제4장",사회평론아카데미,,,ko,,https://www.yes24.com/product/goods/64258202,,,,확인
kim-jonghak-67bc4a1e,kim-jonghak,김종학,Jonghak Kim,2018,The 19th Century International Law of the West and the Japanese Colonization of Korea: Political Meaning of a Self-reliant State,,논문,Yearbook of the Institute of East-Central Europe (Rocznik Instytutu Europy Środkowo-Wschodniej),"Institute of East-Central Europe, Lublin",Vol.16 Issue 2,,en,,https://psir.snu.ac.kr/people/c/P250724024619,,,,확인
kim-jonghak-558f01b9,kim-jonghak,김종학,근대한국외교문서 편찬위원회; 김종학 공편,2018,近代韓國外交文書 제12-13권 (거문도사건),,편저,,서울대학교출판문화원,,,ko,,https://psir.snu.ac.kr/people/c/P250724024619,,,,확인
kim-jonghak-08792a64,kim-jonghak,김종학,김종학,2018,일본의 근대 실증사학의 에토스(ethos)와 다보하시 기요시(田保橋潔)의 조선사 연구,,논문,한국문화연구,한국문화연구원,34,39-73,ko,,https://www.kci.go.kr/kciportal/ci/sereArticleSearch/ciSereArtiView.kci?sereArticleSearchBean.artiId=ART002359416,,,,확인
kim-yongkoo-17dff2bd,kim-yongkoo,김용구,근대한국외교문서 편찬위원회 엮음 (편찬위원장 김용구),2018,근대한국외교문서 12 : 거문도 사건 1,,편저,,서울대학교출판문화원,제12권,,ko,,https://www.aladin.co.kr/search/wsearchresult.aspx?SearchTarget=Book&SearchWord=%EA%B7%BC%EB%8C%80%ED%95%9C%EA%B5%AD%EC%99%B8%EA%B5%90%EB%AC%B8%EC%84%9C,,,,미검증
kim-yongkoo-05283d7f,kim-yongkoo,김용구,근대한국외교문서 편찬위원회 엮음 (편찬위원장 김용구),2018,근대한국외교문서 13 : 거문도 사건 2,,편저,,서울대학교출판문화원,제13권,,ko,,https://www.aladin.co.kr/search/wsearchresult.aspx?SearchTarget=Book&SearchWord=%EA%B7%BC%EB%8C%80%ED%95%9C%EA%B5%AD%EC%99%B8%EA%B5%90%EB%AC%B8%EC%84%9C,,,,미검증
kim-yongkoo-7d7cc41d,kim-yongkoo,김용구,金容九,2018,"러시아의 만주・한반도 정책사, 17～19세기",,저서,,푸른역사,,,ja,,https://cir.nii.ac.jp/crid/1971430859811725508,,,,확인
lee-yonghee-7d636427,lee-yonghee,이용희,이용희,2018,동주 이용희 전집 1~10 (전10권),,저서,연암서가,연암서가,전10권,"총 4,746쪽",ko,,https://www.aladin.co.kr/shop/wproduct.aspx?ItemId=137893052,"『동주 이용희 전집』(연암서가, 2017) 수록본",,,확인
noh-jaebong-71dee8c4,noh-jaebong,노재봉,노재봉,2018,"정치학적대화 . 2 , 한국 자유민주주의와 그 적들",,저서,노재봉,북앤피플,,,ko,,https://www.riss.kr/search/detail/DetailView.do?p_mat_type=d7345961987b50bf&control_no=790ed4e02509c94fffe0bdc3ef48d419,,,,확인
noh-jaebong-a82f7b77,noh-jaebong,노재봉,노재봉; 김영호; 서명구; 유광호; 조성환,2018,한국 자유민주주의와 그 적들,,저서,노재봉,북앤피플,,,ko,,https://www.riss.kr/search/detail/DetailView.do?p_mat_type=d7345961987b50bf&control_no=485b1dfb14fb1fb5ffe0bdc3ef48d419,,,,확인
ok-changjoon-eb892658,ok-changjoon,옥창준,辛珠柏; 김보현; 金聖甫; 김영선; 김예림; 김원; 김인수; 옥창준,2018,근대화론과 냉전 지식 체계,,저서,옥창준,혜안,,,ko,,https://www.riss.kr/search/detail/DetailView.do?p_mat_type=d7345961987b50bf&control_no=9eb60358ca62cee5ffe0bdc3ef48d419,,,,확인
ok-changjoon-0a3234ad-2,ok-changjoon,옥창준,옥창준,2018,이용희의 지식 체계 형성과 한국 국제정치학의 재구성,,장(章),"근대화론과 냉전 지식 체계 (신주백 엮음, 연세대 국학연구원 사회인문학총서) 제2부",혜안,,,ko,,https://www.yes24.com/product/goods/60638527,,,,확인
yong-chaeyoung-51b9b44f,yong-chaeyoung,용채영,Chaeyoung Yong,2018,Reflecting a “Pluralist Turn” in International Relations,,논문,International Studies Review,Oxford University Press (OUP),20(3),537-538,en,10.1093/isr/viy040,https://doi.org/10.1093/isr/viy040,,,,확인
yong-chaeyoung-8d256a12,yong-chaeyoung,용채영,은용수 ( Eun Yong-soo ); 용채영 ( Yong Chaeyoung ),2018,"국제정치학 감정연구의 쟁점, 함의, 그리고 향배",,논문,용채영,서울대학교 국제문제연구소,,,ko,,https://www.riss.kr/search/detail/DetailView.do?p_mat_type=1a0202e37d52c72d&control_no=da3ab177aa470ca2c85d2949c297615a,,,,확인
chun-chaesung-a9b27967,chun-chaesung,전재성,전재성,2019,[미국미래 2030] 미국 패권의 미래 : 트럼프 이후 미국은 어디로? (5) - 트럼프 정부 미국외교 정책의 현 황과 미국의 미래,,논문,전재성,재단법인 동아시아연구원,Vol.- No.-,,ko,,https://www.riss.kr/search/detail/DetailView.do?p_mat_type=1a0202e37d52c72d&control_no=7e3e828a24daf8f87ecd42904f0c5d65,,,,확인
chun-chaesung-ee6dd917,chun-chaesung,전재성,전재성,2019,[북한 바로 읽기 12] 북한 신년사와 2019년 북핵 문제 전망,,논문,전재성,재단법인 동아시아연구원,,,ko,,https://www.riss.kr/search/detail/DetailView.do?p_mat_type=1a0202e37d52c72d&control_no=c06b3355dd4705ecc85d2949c297615a,,,,확인
chun-chaesung-02505741,chun-chaesung,전재성,전재성,2019,[북한 바로 읽기 14] 3차 북미 정상회담으로 가는 길목에서,,논문,전재성,재단법인 동아시아연구원,,,ko,,https://www.riss.kr/search/detail/DetailView.do?p_mat_type=1a0202e37d52c72d&control_no=b906e68ba53e5fa97ecd42904f0c5d65,,,,확인
chun-chaesung-8cee1c17,chun-chaesung,전재성,全在晟,2019,근대 주권국가체제의 형성과 진화,近代主権国家体制の形成と進化,장(章),国際関係―その歴史的考察(第18回日韓・韓日歴史家会議報告書),日韓文化交流基金,,,ja,,https://ndlsearch.ndl.go.jp/books/R100000002-I029642447,,,,확인
chun-chaesung-bb0e2c99,chun-chaesung,전재성,전재성; 외,2019,뉴노멀시대 미중관계 변화와 한국의 대북 통일전략,,보고서,,통일연구원(KINU),,,ko,,https://search.kyobobook.co.kr/search?chrcCode=1000303503&keyword=%EC%A0%84%EC%9E%AC%EC%84%B1&page=3,,,,확인
chun-chaesung-74cc376d,chun-chaesung,전재성,전재성; 외,2019,독일 통합과 한국,,장(章),독일 통합과 한국,사회평론아카데미,,,ko,,https://search.kyobobook.co.kr/search?chrcCode=1000303503&keyword=%EC%A0%84%EC%9E%AC%EC%84%B1&page=2,,,,확인
chun-chaesung-2cd41e90,chun-chaesung,전재성,전재성; 외,2019,미래국가론,,장(章),미래국가론,사회평론아카데미,,,ko,,https://search.kyobobook.co.kr/search?chrcCode=1000303503&keyword=%EC%A0%84%EC%9E%AC%EC%84%B1&page=2,,,,확인
chun-chaesung-00c839db,chun-chaesung,전재성,백진경; 전재성,2019,북한의 생화학무기와 완전한 비핵화의 길,,논문,전재성,재단법인 동아시아연구원,,,ko,,https://www.riss.kr/search/detail/DetailView.do?p_mat_type=1a0202e37d52c72d&control_no=2b94eb9a103342bfc85d2949c297615a,,,,확인
chun-chaesung-3dfa7044,chun-chaesung,전재성,전재성,2019,북핵과 북미 관계: 미국 주도 질서 속 북한의 주권적 지위 문제,,논문,한국과 국제정치,극동문제연구소,35(1),95-126,ko,10.17331/kwp.2019.35.1.004,https://www.kci.go.kr/kciportal/ci/sereArticleSearch/ciSereArtiView.kci?sereArticleSearchBean.artiId=ART002449838,,,,확인
chun-chaesung-39a21825,chun-chaesung,전재성,전재성,2019,주권과 국제정치 : 근대 주권국가체제의 제국적 성격,,저서,전재성,서울대학교출판문화원,,,ko,,https://www.riss.kr/search/detail/DetailView.do?p_mat_type=d7345961987b50bf&control_no=82503c9a054e151effe0bdc3ef48d419,,,,확인
chun-chaesung-0ad11432,chun-chaesung,전재성,전재성,2019,탈식민 국제정치학 이론과 한국,,논문,국제정치논총,한국국제정치학회,59(4),173-206,ko,,https://www.kci.go.kr/kciportal/ci/sereArticleSearch/ciSereArtiView.kci?sereArticleSearchBean.artiId=ART002540012,,,,확인
chun-chaesung-80ea6443,chun-chaesung,전재성,허수진(Heo; Sujin); 전재성(Chun; Chaesung),2019,프랑코 통치 하 스페인의 모로코 영토 협상: 존재론적 안보로서 스페인의 제국적 정체성,,논문,국제정치논총,한국국제정치학회,59(3),89-124,ko,,https://www.kci.go.kr/kciportal/ci/sereArticleSearch/ciSereArtiView.kci?sereArticleSearchBean.artiId=ART002506751,,,,확인
ha-youngsun-98243a82,ha-youngsun,하영선,하영선,2019,2019 04조선일보 포스트 하노이 류현정,,논문,,,,,ko,,https://www.chosun.com/site/data/html_dir/2019/04/03/2019040300974.html,,,,확인
ha-youngsun-ac6ab442,ha-youngsun,하영선,하영선,2019,2019 11신동아허문명이 만난 사람,,논문,,,,,ko,,https://shindonga.donga.com/people/article/all/13/1880391/1,,,,확인
ha-youngsun-11f3c23a,ha-youngsun,하영선,하영선,2019,2019 북한 바로 읽기,,논문,,,,,ko,,https://www.eai.or.kr/press/press_01_view.php?no=11849,,,,확인
ha-youngsun-698d028c,ha-youngsun,하영선,하영선,2019,The History of Conceptual Bifurcation of Peace in the Two Koreas,,논문,워킹페이퍼,,,,en,,https://www.eai.or.kr/eng/press/press_01_view.php?no=11120,,,,확인
ha-youngsun-8c5bbca3,ha-youngsun,하영선,하영선,2019,Towards a Successful Third US-North Korea Summit,,논문,Global NK 논평,,,,en,,https://www.eai.or.kr/eng/press/press_01_view.php?no=9998,,,,확인
ha-youngsun-84bf3fc3,ha-youngsun,하영선,하영선,2019,근대한국의 문명개념 도입사 (2019수정) 2,,논문,,,,,ko,,https://www.riss.kr/search/detail/DetailView.do?p_mat_type=d7345961987b50bf&control_no=e6eb65f5106b2046ffe0bdc3ef48d419,,,,확인
ha-youngsun-166885f9,ha-youngsun,하영선,하영선,2019,김정은 2019년 신년사와 완전 비핵화의 과제,,논문,하영선 칼럼,,,,ko,,https://www.eai.or.kr/press/press_01_view.php?no=9418,,,,확인
ha-youngsun-cf488f82,ha-youngsun,하영선,하영선,2019,사랑의 세계정치 : 전쟁과 평화,,저서,하영선,한울아카데미 한울엠플러스,,,ko,,https://www.riss.kr/search/detail/DetailView.do?p_mat_type=d7345961987b50bf&control_no=efed0de27a8d931effe0bdc3ef48d419,,,,확인
ha-youngsun-78a27253,ha-youngsun,하영선,하영선,2019,성공적인 3차 북미정상회담이 되려면,,논문,하영선 칼럼,,,,ko,,https://www.eai.or.kr/press/press_01_view.php?no=9424,,,,확인
ha-youngsun-f3bae73e,ha-youngsun,하영선,BaylisJohn; SmithSteve; OwensPatricia; 河英善,2019,세계정치론 : 세계정치의 모든 것을 담은 종합 개론서,,저서,,을유문화사,,,ja,,https://cir.nii.ac.jp/crid/1971993809767293482,,,,확인
ha-youngsun-09c0cd08,ha-youngsun,하영선,하영선; 전재성,2019,인도ㆍ태평양을 둘러싼 미중의 포석 전개와 한국의 4대 미래 과제,,논문,EAI 특별기획논평,,,,ko,,https://www.eai.or.kr/press/press_01_view.php?no=9432,,,,확인
ha-youngsun-241436b3,ha-youngsun,하영선,하영선,2019,한국 외교사 바로보기 : 전통과 근대 = A new perspective on the diplomatic history of Korea : tradition and modernity,,저서,하영선,한울아카데미 한울엠플러스,,,ko,,https://www.riss.kr/search/detail/DetailView.do?p_mat_type=d7345961987b50bf&control_no=e6eb65f5106b2046ffe0bdc3ef48d419,,,,확인
ha-youngsun-2ea2c3b3,ha-youngsun,하영선,하영선,2019,"한국의 대외관계와 외교사 . [5] , 현대편(1)",,저서,하영선,동북아역사재단,,,ko,,https://www.riss.kr/search/detail/DetailView.do?p_mat_type=d7345961987b50bf&control_no=83fbf8dc43b891ecffe0bdc3ef48d419,,,,미정
heo-sujin-80ea6443,heo-sujin,허수진,허수진(Heo; Sujin); 전재성(Chun; Chaesung),2019,프랑코 통치 하 스페인의 모로코 영토 협상: 존재론적 안보로서 스페인의 제국적 정체성,,논문,국제정치논총,한국국제정치학회,59(3),89-124,ko,,https://www.kci.go.kr/kciportal/ci/sereArticleSearch/ciSereArtiView.kci?sereArticleSearchBean.artiId=ART002506751,,,,확인
heo-sujin-afe8e088,heo-sujin,허수진,허수진,2019,프랑코 통치 하 스페인의 제국 정체성과 모로코 영토외교(1940) : 존재론적 안보 접근,,학위논문,허수진,서울대학교 대학원,,,ko,,https://www.riss.kr/search/detail/DetailView.do?p_mat_type=be54d9b8bc7cdb09&control_no=73b57b74ad5003afffe0bdc3ef48d419,,,,확인
kim-jonghak-1ba08061,kim-jonghak,김종학,김종학,2019,갑신정변,,장(章),"동북아역사재단 한국외교사편찬위원회 편, 『한국의 대외관계와 외교사(근대편)』(동북아역사재단 연구총서 77)",동북아역사재단,,,ko,,http://www.yes24.com/Product/Goods/69283042,,,,미검증
kim-jonghak-920899e0,kim-jonghak,김종학,김종학,2019,강제동원 문제의 역사적 전개와 향후 전망,,논문,김종학,국립외교원 외교안보연구소,,,ko,,https://www.riss.kr/search/detail/DetailView.do?p_mat_type=1a0202e37d52c72d&control_no=3856e5fad5f46cf17ecd42904f0c5d65,,,,확인
kim-jonghak-9248b208,kim-jonghak,김종학,김종학,2019,근대 초기 조일 간 국교단절과 재개과정의 역사적 함의,,논문,김종학,국립외교원 외교안보연구소,,,ko,,https://www.riss.kr/search/detail/DetailView.do?p_mat_type=1a0202e37d52c72d&control_no=ea67918f93a4fec37f7a54760bb41745,,,,확인
kim-jonghak-8b4e203a,kim-jonghak,김종학,김종학,2019,운요호사건과 조일수호조규,,장(章),"남상구 편, 『20개 주제로 본 한일 역사 쟁점』",동북아역사재단,,,ko,,https://psir.snu.ac.kr/people/c/P250724024619,,,,확인
kim-jonghak-b61f1d28,kim-jonghak,김종학,김종학,2019,일제강점기 강제동원의 실태와 한국병합의 역사적 쟁점,,논문,김종학,국립외교원 외교안보연구소,,,ko,,https://www.riss.kr/search/detail/DetailView.do?p_mat_type=1a0202e37d52c72d&control_no=01f2da9c6523845c7ecd42904f0c5d65,,,,확인
kim-jonghak-52515105,kim-jonghak,김종학,김종학,2019,임오군란,,장(章),"동북아역사재단 한국외교사편찬위원회 편, 『한국의 대외관계와 외교사(근대편)』(동북아역사재단 연구총서 77)",동북아역사재단,,,ko,,http://www.yes24.com/Product/Goods/69283042,,,,미검증
ok-changjoon-e3f23fb9,ok-changjoon,옥창준,옥창준(玉昌埈),2019,남방정책의 계보학 : 아세아민족반공연맹부터 신남방정책까지,,논문,옥창준,새얼문화재단,Vol.104 No.-,62-82,ko,,https://www.riss.kr/search/detail/DetailView.do?p_mat_type=1a0202e37d52c72d&control_no=63db627dd093f12e4884a65323211ff0,,,,확인
ok-changjoon-7de97337,ok-changjoon,옥창준,옥창준,2019,이론의 종속과 종속의 이론 - 1970년대 중반~1980년대 한국 사회과학 학계와 종속이론,,논문,역사문제연구,역사문제연구소,41,13-46,ko,,https://www.kci.go.kr/kciportal/ci/sereArticleSearch/ciSereArtiView.kci?sereArticleSearchBean.artiId=ART002463555,,,,확인
yong-chaeyoung-8c702d78,yong-chaeyoung,용채영,Chaeyoung Yong; Minchul Kim,2019,Can states trust each other?,,논문,History of European Ideas,Informa UK Limited,45(4),603-612,en,10.1080/01916599.2019.1582226,https://doi.org/10.1080/01916599.2019.1582226,,,,확인
choi-inho-39f9814f,choi-inho,최인호,Inho Choi,2020,‘Chinese’ hegemony from a Korean <i>shi</i> perspective: aretocracy in the early modern East Asia,,논문,International Relations of the Asia-Pacific,Oxford University Press (OUP),22(3),347-374,en,10.1093/irap/lcaa019,https://doi.org/10.1093/irap/lcaa019,,,,확인
chun-chaesung-cec22269,chun-chaesung,전재성,전재성,2020,"[BTS매력론] BTS의 글로벌 매력 이야기 : BTS, 한국에서 성장한 세계인",,논문,전재성,재단법인 동아시아연구원,,,ko,,https://www.riss.kr/search/detail/DetailView.do?p_mat_type=1a0202e37d52c72d&control_no=e1646c2cd772e3be6aae8a972f9116fb,,,,확인
chun-chaesung-ea212af8,chun-chaesung,전재성,전재성,2020,"[바이든 후보의 외교정책, 미국의 리더십 회복과 세계질서 변화를 가져올 수 있나? ②] 바이든 미국 민주당 대통령 후보의 외교정책 공약과 미래의 세계질서",,논문,전재성,재단법인 동아시아연구원,,,ko,,https://www.riss.kr/search/detail/DetailView.do?p_mat_type=1a0202e37d52c72d&control_no=eabdc9d090c83cd8b36097776a77e665,,,,확인
chun-chaesung-3b283133,chun-chaesung,전재성,전재성; 외,2020,강대국 경쟁과 관련국의 대응,,보고서,,통일연구원(KINU),,,ko,,https://search.kyobobook.co.kr/search?chrcCode=1000303503&keyword=%EC%A0%84%EC%9E%AC%EC%84%B1&page=3,,,,확인
chun-chaesung-cba9fe23,chun-chaesung,전재성,백진경; 전재성,2020,대북 복합전략의 현재와 향후 과제,,논문,전재성,재단법인 동아시아연구원,,,ko,,https://www.riss.kr/search/detail/DetailView.do?p_mat_type=1a0202e37d52c72d&control_no=1e597a70b20799efb36097776a77e665,,,,확인
chun-chaesung-1463abf3,chun-chaesung,전재성,전재성,2020,동북아 국제정치이론 : 불완전 주권국가들의 국제정치 = Theorizing northeast asian international relations : politics among incomplete sovereign states,,저서,전재성,한울아카데미 한울엠플러스,,,ko,,https://www.riss.kr/search/detail/DetailView.do?p_mat_type=d7345961987b50bf&control_no=ecd9b2c189b01f38ffe0bdc3ef48d419,,,,확인
chun-chaesung-1754b39b,chun-chaesung,전재성,전재성,2020,아·태 에너지 협력 구상: 미중 전략 경쟁의 심화와 아·태 지역의 미래,,보고서,EAI 스페셜 리포트,,,1-25,ko,,https://psir.snu.ac.kr/people/c/P250731113817,,,,확인
chun-chaesung-5eb27f3e,chun-chaesung,전재성,전재성,2020,주권과 비교지역질서,,저서,전재성,사회평론아카데미,,,ko,,https://www.riss.kr/search/detail/DetailView.do?p_mat_type=d7345961987b50bf&control_no=948bfb425a0eff09ffe0bdc3ef48d419,,,,확인
chun-chaesung-fed87fa4,chun-chaesung,전재성,김상배; 이승주; 전재성,2020,중견국 외교의 세계정치: 글로벌-지역-국내 삼중구조 속의 대응전략,,편저,,사회평론아카데미,,,ko,,https://psir.snu.ac.kr/people/c/P250731113817,,,,확인
chun-chaesung-bf55677d,chun-chaesung,전재성,전재성,2020,코로나 사태 이후의 국제정치 변화,,논문,전재성,철학문화연구소,Vol.126 No.-,,ko,,https://www.riss.kr/search/detail/DetailView.do?p_mat_type=1a0202e37d52c72d&control_no=ba8d7d48d13226894884a65323211ff0,,,,확인
chun-chaesung-665157a5,chun-chaesung,전재성,전재성,2020,트럼프 정부 외교 3년의 평가와 한ㆍ미관계,,논문,전재성,한국외교협회,,,ko,,https://www.riss.kr/search/detail/DetailView.do?p_mat_type=1a0202e37d52c72d&control_no=4c3bf85e029bb2307f7a54760bb41745,,,,확인
ha-youngsun-7267a8f5,ha-youngsun,하영선,하영선,2020,2020성균 팬데믹과 미중 경쟁 시대 2020,,논문,,,,,ko,,https://www.riss.kr/search/detail/DetailView.do?p_mat_type=1a0202e37d52c72d&control_no=230820bd7ce47d7be9810257f7042666,,,,확인
ha-youngsun-4488ec9c,ha-youngsun,하영선,한준; 손열; 최샛별; 河英善; 김수정; 이혜은; 안미향; 전재성,2020,BTS의 글로벌 매력 이야기 = Narrating the global attractiveness of BTS,,저서,EAI 워킹페이퍼,동아시아연구원,,,ja,,https://cir.nii.ac.jp/crid/1970304959928844930,,,,확인
ha-youngsun-76c8b062,ha-youngsun,하영선,하영선; 전재성,2020,Security Cooperation between South Korea and the United States,,논문,EAI 워킹페이퍼,,,,en,,https://www.eai.or.kr/eng/press/press_01_view.php?no=11148,,,,확인
ha-youngsun-e561a2a2-2,ha-youngsun,하영선,Young-Sun Ha,2020,The Korean Military Balance: Myth and Reality,,장(章),The Future of South Korean–U.S. Security Relations,Routledge,,89-101,en,10.4324/9780429311123-10,https://doi.org/10.4324/9780429311123-10,,,,확인
ha-youngsun-c79b1bb0,ha-youngsun,하영선,Young-Sun Ha,2020,The Soviet Military Buildup in the Far East: Implications for the Security of South Korea,,장(章),The Soviet Far East Military Buildup,Routledge,,141-154,en,10.4324/9781003108917-10,https://doi.org/10.4324/9781003108917-10,,,,확인
ha-youngsun-96a8f91f,ha-youngsun,하영선,하영선,2020,[BTS매력론] BTS의 글로벌 매력 이야기 : BTS의 매력과 21세기 신문명,,논문,하영선,재단법인 동아시아연구원,,,ko,,https://www.riss.kr/search/detail/DetailView.do?p_mat_type=1a0202e37d52c72d&control_no=b86fca8f1d3d53a6b7998d826d417196,,,,확인
ha-youngsun-aad7a436,ha-youngsun,하영선,하영선,2020,[신년기획 특별논평 시리즈 - EAI 2020 전망과 전략 1 북한의 2020년,,논문,,,,,ko,,https://www.eai.or.kr/press/press_01_view.php?no=9459,,,,확인
ha-youngsun-1e351ec6,ha-youngsun,하영선,河英善,2020,"传染病大流行与 中美竞争时代, 共生与爱的 世界政治是否能实现?",,논문,성균관대학교 성균중국연구소,성균중국관찰,,,ko,,https://www.riss.kr/search/detail/DetailView.do?p_mat_type=1a0202e37d52c72d&control_no=047224e1e5b582397ecd42904f0c5d65,,,,확인
ha-youngsun-f398a92c,ha-youngsun,하영선,하영선,2020,세계정세 2020 11조선인터넷 송의달,,논문,,,,,ko,,https://www.chosun.com/national/people/2020/11/27/UYCTOHSA6JEGJODQKUKXLGOQUQ/,,,,확인
ha-youngsun-bd99fed0,ha-youngsun,하영선,하영선,2020,"팬데믹과 미중 경쟁 시대, 공생과 사랑의 세계정치는 (불)가능한가?",,논문,하영선,성균관대학교 성균중국연구소,,,ko,,https://www.riss.kr/search/detail/DetailView.do?p_mat_type=1a0202e37d52c72d&control_no=230820bd7ce47d7be9810257f7042666,,,,확인
ha-youngsun-79ad1632,ha-youngsun,하영선,하영선,2020,폭파된 연락사무소의 미래,,논문,하영선,재단법인 동아시아연구원,,,ko,,https://www.riss.kr/search/detail/DetailView.do?p_mat_type=1a0202e37d52c72d&control_no=51d7629326ab6505b7998d826d417196,,,,확인
heo-sujin-96c5c07f,heo-sujin,허수진,허수진,2020,국제법상 국가관할권 적용 기준에 대한 연구,,학위논문,허수진,전남대학교 대학원,,,ko,,https://www.riss.kr/search/detail/DetailView.do?p_mat_type=be54d9b8bc7cdb09&control_no=ebbbf7ee1e334015ffe0bdc3ef48d419,,,,미정
kim-jonghak-4ed02673,kim-jonghak,김종학,Jong-Hak Kim,2020,The Introduction of ‘Gae-wha(開化)’ and the Political Change in Modern Korea(1876-1895),,논문,한국문화,,(90),267-302,en,10.22943/han.2020..90.008,https://doi.org/10.22943/han.2020..90.008,,,,확인
kim-jonghak-bf72d8ee,kim-jonghak,김종학,김종학,2020,‘개화’의 수용과 근대 정치변동(1876~1895),,논문,한국문화,규장각한국학연구원,90,267-302,ko,,https://www.kci.go.kr/kciportal/ci/sereArticleSearch/ciSereArtiView.kci?sereArticleSearchBean.artiId=ART002606477,,,,확인
kim-jonghak-7fd40e00,kim-jonghak,김종학,김종학,2020,근대 일본 외무당국의 대한인식과 그 함의,,논문,김종학,국립외교원 외교안보연구소,,,ko,,https://www.riss.kr/search/detail/DetailView.do?p_mat_type=1a0202e37d52c72d&control_no=af6d777e084b64727ecd42904f0c5d65,,,,확인
kim-jonghak-db11183b,kim-jonghak,김종학,동북아역사재단 한일역사문제연구소 편; 김종학 공저,2020,청일전쟁과 근대 동아시아의 세력전이,,저서,동북아역사재단 연구총서 112,동북아역사재단,,330,ko,,https://www.aladin.co.kr/shop/wproduct.aspx?ItemId=262373357,,,,정정
kim-jonghak-db1d3280,kim-jonghak,김종학,김종학,2020,한국은 중국의 일부였는가? : 한중관계사 속에서 ‘속국’의 의미,,논문,김종학,국립외교원 외교안보연구소,,,ko,,https://www.riss.kr/search/detail/DetailView.do?p_mat_type=1a0202e37d52c72d&control_no=af6d777e084b6472b7998d826d417196,,,,확인
kim-jonghak-1dbcca6c,kim-jonghak,김종학,동북아역사재단 편; 김종학 공편·해제,2020,한일조약자료집(1876~1910): 근대외교로 포장된 침략,,편저,,동북아역사재단,,,ko,,https://psir.snu.ac.kr/people/c/P250724024619,,,,확인
kim-yongkoo-37325b01,kim-yongkoo,김용구,김용구,2020,잊혀진 동아시아 외교사 전문가들 : 구미 출신 동아시아 연구자의 생애와 저작,,저서,김용구,푸른역사,,,ko,,https://www.riss.kr/search/detail/DetailView.do?p_mat_type=d7345961987b50bf&control_no=e2de032b929b583fffe0bdc3ef48d419,,,,확인
kwon-minju-2ee267e0,kwon-minju,권민주,Minju Kwon; Jeeye Song,2020,The Korean War and Lottery: The Legislation of the Patriotic Lottery,,논문,사회와역사,Korean Social History Association,128(0),125-165,en,10.37743/sah.128.4,https://doi.org/10.37743/sah.128.4,,,,확인
kwon-minju-535ab426,kwon-minju,권민주,권민주 ( Kwon Minju ); 송지예 ( Song Jeeye ),2020,한국전쟁과 복권 — 애국복권 입법,,논문,사회와역사(구 한국사회사학회논문집),한국사회사학회,,125-165,ko,,https://www.kci.go.kr/kciportal/ci/sereArticleSearch/ciSereArtiView.kci?sereArticleSearchBean.artiId=ART002679120,,,,확인
ok-changjoon-fd870488,ok-changjoon,옥창준,Kyu-Jin Choi; Chang Joon OK,2020,Contrapuntal Reading on the Writings of Chong-Sik Lee and Bruce Cumings,,논문,The Historical Journal,Soosun Historical Association,74,349-381,en,10.20457/sha.74.11,https://doi.org/10.20457/sha.74.11,,,,확인
ok-changjoon-02dbc1ae,ok-changjoon,옥창준,옥창준,2020,냉전기 북한의 상상 지리와 ‘평양 선언',,논문,통일과 평화,통일평화연구원,12(1),5-45,ko,,https://www.kci.go.kr/kciportal/ci/sereArticleSearch/ciSereArtiView.kci?sereArticleSearchBean.artiId=ART002609063,,,,확인
ok-changjoon-63452d2d,ok-changjoon,옥창준,옥창준 ( Ok Chang Joon ); 최규진 ( Choi Kyu-jin ),2020,이정식과 브루스 커밍스 저술에 대한 대위법(對位法)적 독해,,논문,사림,수선사학회,,349-381,ko,,https://www.kci.go.kr/kciportal/ci/sereArticleSearch/ciSereArtiView.kci?sereArticleSearchBean.artiId=ART002644530,,,,확인
song-jeeye-2ee267e0,song-jeeye,송지예,Minju Kwon; Jeeye Song,2020,The Korean War and Lottery: The Legislation of the Patriotic Lottery,,논문,Society and History,Korean Social History Association,128(0),125-165,en,10.37743/sah.128.4,https://doi.org/10.37743/sah.128.4,,,,확인
song-jeeye-535ab426,song-jeeye,송지예,권민주 ( Kwon Minju ); 송지예 ( Song Jeeye ),2020,한국전쟁과 복권 — 애국복권 입법,,논문,사회와역사(구 한국사회사학회논문집),한국사회사학회,,125-165,ko,,https://www.kci.go.kr/kciportal/ci/sereArticleSearch/ciSereArtiView.kci?sereArticleSearchBean.artiId=ART002679120,,,,확인
yong-chaeyoung-38cf340f,yong-chaeyoung,용채영,Chaeyoung Yong,2020,Global emotion studies in IR,,장(章),Going beyond Parochialism and Fragmentation in the Study of International Relations,Routledge,,113-133,en,10.4324/9781315161334-8,https://doi.org/10.4324/9781315161334-8,,,,확인
chun-chaesung-edd352e7,chun-chaesung,전재성,전재성,2021,2022 EAI 신정부 외교정책 제언 시리즈 2_대미정책: 포괄적 한미동맹을 위한 신정부의 과제,,논문,전재성,재단법인 동아시아연구원,,,ko,,https://www.riss.kr/search/detail/DetailView.do?p_mat_type=1a0202e37d52c72d&control_no=61ab92d3e8c34188e9810257f7042666,,,,확인
chun-chaesung-7579c309,chun-chaesung,전재성,전재성; 외,2021,2022 신정부 외교정책 제언,,보고서,,동아시아연구원(EAI),,,ko,,https://search.kyobobook.co.kr/search?chrcCode=1000303503&keyword=%EC%A0%84%EC%9E%AC%EC%84%B1&page=3,,,,확인
chun-chaesung-e5b697c5,chun-chaesung,전재성,김상배 엮음; 전재성; 외,2021,4차 산업혁명과 첨단 방위산업: 신흥권력 경쟁의 세계정치,,장(章),4차 산업혁명과 첨단 방위산업,한울아카데미,,,ko,,https://psir.snu.ac.kr/people/c/P250731113817,,,,확인
chun-chaesung-02ba56a9,chun-chaesung,전재성,전재성,2021,미·중 간 전략 경쟁과 남북관계,,논문,전재성,경남대학교 극동문제연구소,,,ko,,https://www.riss.kr/search/detail/DetailView.do?p_mat_type=1a0202e37d52c72d&control_no=6b48fb03efd05065d18150b21a227875,,,,확인
chun-chaesung-75daa9d0,chun-chaesung,전재성,전재성,2021,바이든 시대의 미중 관계를 보는 한국의 시각,,논문,전재성,성균관대학교 성균중국연구소,,,ko,,https://www.riss.kr/search/detail/DetailView.do?p_mat_type=1a0202e37d52c72d&control_no=762093a71a5200b6d18150b21a227875,,,,확인
chun-chaesung-fece1c5f,chun-chaesung,전재성,전재성; 외,2021,세계질서의 재편과 신한반도체제,,보고서,,통일연구원(KINU),,,ko,,https://search.kyobobook.co.kr/search?chrcCode=1000303503&keyword=%EC%A0%84%EC%9E%AC%EC%84%B1&page=2,,,,확인
chun-chaesung-58db424c,chun-chaesung,전재성,최진욱 편저; 김재한; 전재성; 외,2021,신 외교안보 방정식: 네트워크 경쟁과 전략문화,,장(章),신 외교안보 방정식,CSCS(전략문화연구센터),,,ko,,https://psir.snu.ac.kr/people/c/P250731113817,,,,확인
chun-chaesung-7126adfc,chun-chaesung,전재성,김흥규 엮음; 전재성; 외,2021,신국제질서와 한국외교전략,,장(章),신국제질서와 한국외교전략,명인문화사,,,ko,,https://search.kyobobook.co.kr/search?chrcCode=1000303503&keyword=%EC%A0%84%EC%9E%AC%EC%84%B1,,,,확인
ha-youngsun-1913c46f,ha-youngsun,하영선,하영선,2021,(2022) 신정부 외교정책 제언 : 신정부의 공생 외교 재건축,,저서,하영선,동아시아연구원,,,ko,,https://www.riss.kr/search/detail/DetailView.do?p_mat_type=d7345961987b50bf&control_no=c8888a6b126420a8ffe0bdc3ef48d419,,,,확인
ha-youngsun-323ab94f,ha-youngsun,하영선,하영선,2021,2022 EAI 신정부 외교정책 제언 시리즈 1 서론,,논문,EAI 워킹페이퍼,,,,ko,,https://www.eai.or.kr/press/press_01_view.php?no=10664,,,,확인
ha-youngsun-a89a3ae8,ha-youngsun,하영선,하영선,2021,2022 EAI 신정부 외교정책 제언 시리즈 1_신정부의 공생 외교 재건축,,논문,하영선,재단법인 동아시아연구원,,,ko,,https://www.riss.kr/search/detail/DetailView.do?p_mat_type=1a0202e37d52c72d&control_no=61ab92d3e8c34188d18150b21a227875,,,,확인
ha-youngsun-924e5734,ha-youngsun,하영선,김병연; 하영선,2021,2022 EAI 신정부 외교정책 제언 시리즈 4_대북정책: 북한 비핵화와 21세기 생존 번영을 위한 신구상,,논문,하영선,재단법인 동아시아연구원,,,ko,,https://www.riss.kr/search/detail/DetailView.do?p_mat_type=1a0202e37d52c72d&control_no=4291e631b6c8053ed18150b21a227875,,,,확인
ha-youngsun-6b4bf71d,ha-youngsun,하영선,하영선,2021,4 북한노동당 제8차 대회,,논문,신년기획 특별논평 시리즈 - EAI 한국외교 2021 전망과 전략,,,,ko,,https://www.eai.or.kr/press/press_01_view.php?no=9584,,,,확인
ha-youngsun-cc855ec2,ha-youngsun,하영선,하영선,2021,The 8th Congress of the Workers` Party of Korea (WPK),,논문,Global NK 논평,,,,en,,https://www.eai.or.kr/eng/press/press_01_view.php?no=10055,,,,확인
ha-youngsun-df883b24,ha-youngsun,하영선,하영선; 문용일,2021,미·중 정상회담 독해법: 미국의 ‘경쟁’ vs. 중국의 ‘복합’,,논문,하영선,재단법인 동아시아연구원,Vol.- No.-,,ko,,https://www.riss.kr/search/detail/DetailView.do?p_mat_type=1a0202e37d52c72d&control_no=c1c8c998a2b4d71ae9810257f7042666,,,,확인
ha-youngsun-0f87d8e1,ha-youngsun,하영선,하영선; 문용일,2021,미ㆍ중 정상회담 독해법,,논문,EAI 이슈브리핑,,,,ko,,https://www.eai.or.kr/press/press_01_view.php?no=9640,,,,확인
ha-youngsun-72a19d72,ha-youngsun,하영선,하영선; 손열,2021,미중경쟁 2050 1 단계별 확대와 타협의 모색,,논문,EAI 스페셜리포트,,,,ko,,https://www.eai.or.kr/press/press_01_view.php?no=11293,,,,확인
ha-youngsun-29eabe6b,ha-youngsun,하영선,하영선,2021,코로나이후 세계질서 연구 복합 공생의 새로운 시각2021,,논문,,,,,ko,,,,,,확인
kim-jonghak-07b0841e,kim-jonghak,김종학,김종학,2021,(국역) 조선사무서 . 1-5,,저서,김종학,부산광역시 문화유산과 시사편찬실,,,ko,,https://www.riss.kr/search/detail/DetailView.do?p_mat_type=d7345961987b50bf&control_no=202d6e899bdd9775ffe0bdc3ef48d419,,,,확인
kim-jonghak-9fd2d454,kim-jonghak,김종학,Kim Jong-hak,2021,Seeking Korean Neutralization in 19th Century: Yu Gil-Jun's On Neutrality and Sino-Korean Relations,,보고서,IFANS PERSPECTIVES,국립외교원 외교안보연구소 (Institute of Foreign Affairs and National Security),,,en,,https://psir.snu.ac.kr/people/c/P250724024619,,,,확인
kim-jonghak-a9eeea85,kim-jonghak,김종학,Kim Jong-hak,2021,Was Korea Ever a Part of China?: A Historical Review,,보고서,IFANS PERSPECTIVES (2021.2.9),국립외교원 외교안보연구소 (Institute of Foreign Affairs and National Security),,,en,,https://www.ifans.go.kr/knda/ifans/kor/pblct/PblctView.do?clCode=P18&pblctDtaSn=13726&koreanEngSe=KOR,,,,확인
kim-jonghak-23ea5738,kim-jonghak,김종학,김종학,2021,근대 일본외교의 '무사상성(無思想性)'과 조선 인식(1868~1894),,장(章),"『일본, 한국을 상상하다: 한국 인식의 역사와 현재』(강동국·김시덕·김종학·김호섭·신상목·이원덕 공저)",선인,,,ko,,https://www.aladin.co.kr/shop/wproduct.aspx?ItemId=272358652,,,,확인
kim-jonghak-49361659,kim-jonghak,김종학,김종학,2021,담여 김용구와 한국 외교사,,장(章),"김용구, 『김용구 연구회고록』",연암서가,,,ko,,https://psir.snu.ac.kr/people/c/P250724024619,,,,확인
kim-jonghak-6b4909b0,kim-jonghak,김종학,김종학,2021,"자존과 원칙의 힘 - 40년 외교관의 통상외교현장 스케치 -(조태열 저. 나남, 2021, 393쪽)",,논문,김종학,한국외교협회,,,ko,,https://www.riss.kr/search/detail/DetailView.do?p_mat_type=1a0202e37d52c72d&control_no=ddfed28556ebf6dde9810257f7042666,,,,확인
kim-jonghak-d183543b,kim-jonghak,김종학,김종학,2021,중국의 국사 교육과 ‘중화민족’의 의미: 고중(高中) 통편교재(統編敎材) 「歷史: 中外歷史綱要(上)」의 사례,,논문,김종학,국립외교원 외교안보연구소,,,ko,,https://www.riss.kr/search/detail/DetailView.do?p_mat_type=1a0202e37d52c72d&control_no=d08eb44fbcaea4ef6aae8a972f9116fb,,,,확인
kim-jonghak-f8bad2c3,kim-jonghak,김종학,김종학,2021,한반도 공동보장 구상의 역사적 기원: 19세기 벨기에·불가리아의 사례와 유길준의 「중립론」,,논문,김종학,국립외교원 외교안보연구소,,,ko,,https://www.riss.kr/search/detail/DetailView.do?p_mat_type=1a0202e37d52c72d&control_no=bba7a46fcbe374a3c85d2949c297615a,,,,확인
kim-jonghak-a1fdafb7,kim-jonghak,김종학,김종학,2021,흥선대원군 평전 : 근대이행기 조선 정치사의 이면,,저서,김종학,선인,,,ko,,https://www.riss.kr/search/detail/DetailView.do?p_mat_type=d7345961987b50bf&control_no=8cee74d5e811e2d0ffe0bdc3ef48d419,,,,확인
kim-yongkoo-79fba16c,kim-yongkoo,김용구,김용구,2021,김용구 연구 회고록 : 한국 국제정치학 발전을 위한 60년의 사색,,저서,김용구,연암서가,,,ko,,https://www.riss.kr/search/detail/DetailView.do?p_mat_type=d7345961987b50bf&control_no=1820968bf053ac72ffe0bdc3ef48d419,,,,확인
noh-jaebong-63949a1b,noh-jaebong,노재봉,국립외교원 외교안보연구소 외교사연구센터 편; 강근택; 김장환; 김학준; 노재봉; 문동석; 박양천; 박철언; 오준; 유종하; 이규형; 임동원; 정달호,2021,남북한 UN 동시가입,,좌담,한국외교사 구술회의 03,선인,,,ko,,https://www.yes24.com/product/goods/103952375,,,,확인
ok-changjoon-e87b4d8a,ok-changjoon,옥창준,옥창준,2021,"'평화사'의 가능성을 모색하는 전략적 글쓰기 [서평] 김태우, 『냉전의 마녀들: 한국전쟁과 여성주의 평화운동』(창비, 2021)",,서평,웹진 역사랑 20호 (한국역사연구회),,,,ko,,http://www.koreanhistory.org/8942,,,,확인
ok-changjoon-a94bb0c7,ok-changjoon,옥창준,Chang Joon OK,2021,A Contested ‘Pacific’: Reinterpretation of 1949 Pacific ‘Alliance’,,논문,"YEOKSA YEONGU, The Journal of History",The Institute For History Studies,40,257-293,en,10.31552/jh.2021.01.40.257,https://doi.org/10.31552/jh.2021.01.40.257,,,,확인
ok-changjoon-5190079b,ok-changjoon,옥창준,옥창준(OK; Chang Joon),2021,경합하는 ‘태평양’ 구상: 1949년 태평양 ‘동맹’의 재해석,,논문,역사연구,역사학연구소,Vol.- No.40,257-293,ko,,https://www.kci.go.kr/kciportal/ci/sereArticleSearch/ciSereArtiView.kci?sereArticleSearchBean.artiId=ART002683307,,,,확인
ok-changjoon-02c9ec4f,ok-changjoon,옥창준,옥창준,2021,남방정책의 계보학,,장(章),1919와 1949: 21세기 한·중 '역사 다시쓰기'와 '다른 세계' (백원담 엮음) 제5장,진인진,,205-228,ko,,https://www.yes24.com/product/goods/102801102,,,,확인
ok-changjoon-e0a93eb4,ok-changjoon,옥창준,옥창준,2021,"사상사로 본 한국 현대사 [서평] 홍정완(2021), 『한국 사회과학의 기원: 이데올로기와 근대화의 이론 체계』, 역사비평사, 413쪽.",,논문,인문논총,인문학연구원,78(4),417-430,ko,,https://www.kci.go.kr/kciportal/ci/sereArticleSearch/ciSereArtiView.kci?sereArticleSearchBean.artiId=ART002783849,,,,확인
ok-changjoon-63452d2d-2,ok-changjoon,옥창준,옥창준; 최규진,2021,이정식과 브루스 커밍스 저술에 대한 대위법(對位法)적 독해,,장(章),동아시아 지역 연구와 탈식민 운동 (이진일 엮음) 제3부 탈식민 운동과 지역,선인,,,ko,,https://www.yes24.com/product/goods/102505484,,,,확인
ok-changjoon-cca7ea68,ok-changjoon,옥창준,옥창준(OK; Chang?Joon),2021,"한국학의 위상학: 한국에서 열린 최초의 한국학 국제학술회의(‘한국의 전통과 변천’, 1969)를 중심으로",,논문,한국학,한국학중앙연구원,44(1),145-179,ko,,https://www.kci.go.kr/kciportal/ci/sereArticleSearch/ciSereArtiView.kci?sereArticleSearchBean.artiId=ART002693449,,,,확인
ok-changjoon-066cd369,ok-changjoon,옥창준,구갑우; 이혜정; 신욱희; 옥창준; 오정현; 량미화; 은용수,2021,한반도 국제관계사의 재인식,,저서,옥창준,사회평론아카데미,,,ko,,https://www.riss.kr/search/detail/DetailView.do?p_mat_type=d7345961987b50bf&control_no=ecf42908742b19beffe0bdc3ef48d419,,,,확인
ok-changjoon-bc41e446,ok-changjoon,옥창준,옥창준,2021,현실로서의 냉전과 한국 국제정치학의 형성－조효원과 이용희의 냉전 국제정치론을 중심으로－,,논문,한국학연구,한국학연구소,,379-406,ko,,https://www.kci.go.kr/kciportal/ci/sereArticleSearch/ciSereArtiView.kci?sereArticleSearchBean.artiId=ART002783232,,,,확인
choi-inho-b94f480b,choi-inho,최인호,Inho Choi,2022,On being Chinese and being complexified: Chinese IR as a transcultural project,,논문,Review of International Studies,Cambridge University Press (CUP),49(3),471-490,en,10.1017/s0260210522000481,https://doi.org/10.1017/s0260210522000481,,,,확인
choi-inho-596a4cf7,choi-inho,최인호,Inho Choi,2022,Virtue Rules: The Evolution of the Virtue of State in East Asian International Orders,,학위논문,"Ph.D. dissertation, Department of Political Science, Johns Hopkins University",Johns Hopkins University,,,en,,https://jscholarship.library.jhu.edu/items/d1bc9097-61ba-43c0-97b4-85f59f783be4,,,,확인
chun-chaesung-ae1bcc26,chun-chaesung,전재성,구갑우; 전재성; 외,2022,"INSS 국가행동분석 미국: 『포린어페어스』 100년의 미국 외교 담론, 1922-2022",,장(章),INSS 국가행동분석 미국,국가안보전략연구원,,,ko,,https://psir.snu.ac.kr/people/c/P250731113817,,,,확인
chun-chaesung-1f6c0e0c,chun-chaesung,전재성,전재성,2022,미래 50년 한반도 국제정치와 한국의 선택,,논문,한국과 국제정치,극동문제연구소,38(1),257-295,ko,,https://www.kci.go.kr/kciportal/ci/sereArticleSearch/ciSereArtiView.kci?sereArticleSearchBean.artiId=ART002825391,,,,확인
chun-chaesung-fcd6fead,chun-chaesung,전재성,전재성; 외,2022,미중전략 경쟁시대 한국의 복합 대응 전략,,보고서,,통일연구원(KINU),,,ko,,https://search.kyobobook.co.kr/search?chrcCode=1000303503&keyword=%EC%A0%84%EC%9E%AC%EC%84%B1&page=3,,,,확인
chun-chaesung-091d6ce0,chun-chaesung,전재성,전재성,2022,북한 핵문제에 관한 평화적 해결의 조건과 전망,,논문,전재성,경남대학교 극동문제연구소,,,ko,,https://www.riss.kr/search/detail/DetailView.do?p_mat_type=1a0202e37d52c72d&control_no=2fb5f49a8fbf9d536aae8a972f9116fb,,,,확인
chun-chaesung-9b281c86,chun-chaesung,전재성,김상배; 전재성; 외,2022,지구화 시대의 공공외교(개정판),,장(章),지구화 시대의 공공외교,사회평론아카데미,,,ko,,https://psir.snu.ac.kr/people/c/P250731113817,,,,확인
chun-chaesung-528e1ca0,chun-chaesung,전재성,김상배 엮음; 전재성; 외,2022,코로나19와 신흥안보의 세계정치: 팬데믹의 복합지정학,,장(章),코로나19와 신흥안보의 세계정치,사회평론아카데미,,,ko,,https://psir.snu.ac.kr/people/c/P250731113817,,,,확인
chun-chaesung-55567040,chun-chaesung,전재성,전재성,2022,투키디데스 함정과 미중 관계의 미래,,논문,전재성,대우재단,,,ko,,https://www.riss.kr/search/detail/DetailView.do?p_mat_type=1a0202e37d52c72d&control_no=d932d6ed87140e85e9810257f7042666,,,,확인
chun-chaesung-643a53c7,chun-chaesung,전재성,이승주; 전재성; 김상배; 외,2022,패권의 미래: 미중 전략 경쟁과 새로운 국제질서,,장(章),패권의 미래,21세기북스,,,ko,,https://psir.snu.ac.kr/people/c/P250731113817,,,,확인
chun-chaesung-5fcb3118,chun-chaesung,전재성,전재성; 외,2022,평화학이란 무엇인가: 계보와 쟁점,,장(章),평화학이란 무엇인가: 계보와 쟁점,서울대학교출판문화원,,,ko,,https://search.kyobobook.co.kr/search?chrcCode=1000303503&keyword=%EC%A0%84%EC%9E%AC%EC%84%B1,,,,확인
chun-chaesung-d6a2a11b,chun-chaesung,전재성,박명규; 박영호; 김상준; 전재성,2022,한반도 평화 신 로드맵: 평화공존형 중간단계 구상,,저서,포스텍 융합문명연구원 평화 총서 01,나남출판,,,ko,,https://ndlsearch.ndl.go.jp/search?cs=bib&keyword=%E5%85%A8%E5%9C%A8%E6%99%9F,,,,정정
chun-chaesung-4da03f89-2,chun-chaesung,전재성,김계동; 전재성; 외,2022,현대 외교정책론(제4판),,장(章),현대 외교정책론,명인문화사,,,ko,,https://search.kyobobook.co.kr/search?chrcCode=1000303503&keyword=%EC%A0%84%EC%9E%AC%EC%84%B1,,,,확인
ha-youngsun-e2044bcd,ha-youngsun,하영선,하영선,2022,2022 2022차기행정부의외교안보과제,,논문,EAI신년대담,,,,ko,,https://www.eai.or.kr/press/press_01_view.php?no=11968,,,,확인
ha-youngsun-3ce05530,ha-youngsun,하영선,하영선,2022,2022매경 인터뷰,,논문,,,,,ko,,https://www.mk.co.kr/news/politics/10431028,,,,확인
ha-youngsun-6af6bfd2,ha-youngsun,하영선,하영선,2022,2022전 국민이 BTS처럼 되는 날 송의달,,논문,,,,,ko,,https://www.chosun.com/culture-life/2022/06/12/3CG33OJ3E5AQFBYVA7NVAMY4OY/,,,,확인
ha-youngsun-3c12128f,ha-youngsun,하영선,하영선,2022,김정은 위원장의 마음 읽기,,논문,Global NK 논평,,,,ko,,https://www.eai.or.kr/press/press_01_view.php?no=9648,,,,확인
ha-youngsun-69ddd977,ha-youngsun,하영선,하영선,2022,조선인터넷 인터뷰 (송의달),,좌담,,,,,ko,,https://www.chosun.com/culture-life/2022/06/12/3CG33OJ3E5AQFBYVA7NVAMY4OY/,,,,확인
ha-youngsun-4f2c2187-3,ha-youngsun,하영선,John Baylis; Steve Smith; Patricia Owens; 하영선 외 옮김,2022,세계정치론 (제8판),"The Globalization of World Politics, 7th ed. (2020)",역서,,을유문화사,ISBN 9788932474762,632쪽,ko,,https://www.aladin.co.kr/shop/wproduct.aspx?ItemId=300347596,,,,확인
ha-youngsun-f6f9bc18,ha-youngsun,하영선,하영선,2022,역사 속의 젊은 그들 : 18세기 북학파에서 21세기 복합파까지,,저서,하영선,EAI(동아시아연구원),,,ko,,https://www.riss.kr/search/detail/DetailView.do?p_mat_type=d7345961987b50bf&control_no=3424b21f99c3b3a8ffe0bdc3ef48d419,,,,확인
ha-youngsun-d9723211,ha-youngsun,하영선,하영선 외 5인,2022,한미정상회담에서 신정부가 해야 할 일들,,논문,EAI 스페셜리포트,,,,ko,,https://www.eai.or.kr/press/press_01_view.php?no=11320,,,,확인
heo-sujin-371d00aa,heo-sujin,허수진,Patrick Thaddeus Jackson; Sujin Heo,2022,Working on relationalism,,논문,New Perspectives: Interdisciplinary Journal of Central & East European Politics and International Relations,SAGE,30(2),157-169,en,10.1177/2336825X221089202,https://journals.sagepub.com/doi/abs/10.1177/2336825X221089202,,,,확인
kim-jaeyoung-28f5b2c0,kim-jaeyoung,김재영,Jaeyoung Kim,2022,The agency of secondary states in order transition in the Indo-Pacific,,논문,The Pacific Review,Informa UK Limited,37(1),1-29,en,10.1080/09512748.2022.2125049,https://doi.org/10.1080/09512748.2022.2125049,,,,확인
kim-jonghak-fc65d892,kim-jonghak,김종학,김종학,2022,(국역) 조선사무서 . 2,,저서,김종학,부산광역시 문화유산과 시사편찬실,,,ko,,https://www.riss.kr/search/detail/DetailView.do?p_mat_type=d7345961987b50bf&control_no=26f0552fca7dc16affe0bdc3ef48d419,,,,확인
kim-jonghak-adf345f6,kim-jonghak,김종학,김종학 역; 이미진 역,2022,(국역) 한직일기,漢直日記,역서,서울사료총서 19,서울역사편찬원,,406,ko,,https://m.yes24.com/Goods/Detail/140186340,,,,확인
kim-jonghak-295a182b,kim-jonghak,김종학,김종학,2022,‘ 신(新) 영일동맹’의 전망: 20세기 초 영일동맹과의 역사적 비교,,논문,김종학,국립외교원 외교안보연구소,,,ko,,https://www.riss.kr/search/detail/DetailView.do?p_mat_type=1a0202e37d52c72d&control_no=10ab9c91d1251aa26aae8a972f9116fb,,,,확인
kim-jonghak-135dcf7a,kim-jonghak,김종학,김종학,2022,근대 이행기 한반도 중립화론의 전개 (1882-1905),,논문,김종학,국립외교원 외교안보연구소,,,ko,,https://www.riss.kr/search/detail/DetailView.do?p_mat_type=1a0202e37d52c72d&control_no=fabf7aa4b0c809eb7ecd42904f0c5d65,,,,확인
kim-jonghak-2cb08d67,kim-jonghak,김종학,김종학,2022,삼각관계 체계이론으로 본 근대 한·중·일 관계의 전개(1871-1907),,논문,세계정치,,36,57-93,ko,,https://s-space.snu.ac.kr/handle/10371/237214,,,,확인
kim-jonghak-69a244a5,kim-jonghak,김종학,김종학,2022,"서평: 김용구, 『김용구 연구회고록』(연암서가, 2021)",,서평,『학술원통신』 제346호 (2022.5.1),,제346호,,ko,,https://psir.snu.ac.kr/people/c/P250724024619,,,,확인
kim-jonghak-480780f2,kim-jonghak,김종학,김종학,2022,역사시론 — 근대 중국의 대한정책과 역사적 기억,,기고,『월간조선』 2022년 8월호,조선뉴스프레스,,,ko,,https://psir.snu.ac.kr/people/c/P250724024619,,,,확인
kim-jonghak-05920ccd,kim-jonghak,김종학,김종학(Kim; Jong Hak),2022,조일수호조규(1876) 체결 전후 강위(姜瑋)의 대일인식: 연행(燕行)의 견문과 근대적 외교로의 사상적 전환,,논문,한국동양정치사상사연구,한국동양정치사상사학회,21(1),1-37,ko,,https://www.kci.go.kr/kciportal/ci/sereArticleSearch/ciSereArtiView.kci?sereArticleSearchBean.artiId=ART002827665,,,,확인
kwon-minju-40a9beda,kwon-minju,권민주,Minju Kwon,2022,Blacklisted Rebels: Commitment to Child Rights in Armed Conflict,,학위논문,Figshare,Figshare (United Kingdom),,,en,10.7274/sn009w06d85,https://doi.org/10.7274/sn009w06d85,,,,확인
kwon-minju-17a0bfbb,kwon-minju,권민주,Minju Kwon,2022,The United Nations in the Indo-Pacific Era and Competition for Legitimacy in East Asia,,기고,"Global NK, Research Reviews (2022년 8월 29일)",East Asia Institute (EAI),,,en,,https://www.globalnk.org/note/view?cd=NOT000025,,,,확인
kwon-minju-2487b79f,kwon-minju,권민주,권민주,2022,"「인권」장 번역 (존 베일리스·스티브 스미스·퍼트리샤 오언스 편, 『세계정치론』 제8판)","The Globalization of World Politics, 8th ed., Ch. 31 Human Rights",역서,"세계정치론 제8판(국제 3판), 하영선 외 옮김",을유문화사,,,ko,,http://www.eulyoo.co.kr/books/book_view.php?idx=2497,,,,정정
kwon-minju-00231ddd,kwon-minju,권민주,권민주,2022,인도태평양 시대 유엔과 동북아시아의 정당성 경쟁,,논문,통일과 평화,통일평화연구원,14(1),5-63,ko,,https://www.kci.go.kr/kciportal/ci/sereArticleSearch/ciSereArtiView.kci?sereArticleSearchBean.artiId=ART002857462,,,,확인
ok-changjoon-739a71be,ok-changjoon,옥창준,Chang Joon Ok,2022,International Friendship: The Gifts from Africa (수록 에세이),"CHE Onejoon, International Friendship. The Gifts from Africa",장(章),"International Friendship: The Gifts from Africa (ed. Sun A Moon; 기고자 Charles K. Armstrong, CHE Onejoon, Seon-Ryeong Cho, Inga Lāce, Joanna Lehan, Chang Joon Ok, Sean O'Toole)",Kehrer Verlag (Heidelberg),,192쪽 중 수록,en,,https://www.kehrerverlag.com/en/che-onjoon-international-friendship-the-gifts-from-africa-978-3-96900-026-7,,,,확인
ok-changjoon-cbed6e8a,ok-changjoon,옥창준,옥창준,2022,냉전 초기 한국 국제정치 지식의 재구성,,학위논문,옥창준,서울대학교 대학원,,,ko,,https://www.riss.kr/search/detail/DetailView.do?p_mat_type=be54d9b8bc7cdb09&control_no=5f6dc70b9b398f1dffe0bdc3ef48d419,,files/ok-changjoon/ok-changjoon-cbed6e8a.pdf,CC BY-NC-ND 2.0 KR,확인
choi-inho-fe1d4bcb,choi-inho,최인호,Inho Choi,2023,A Non-Liberal Foundation For Robust Democracy,,기고,Noema Magazine,Berggruen Institute,,,en,,https://www.noemamag.com/a-non-liberal-foundation-for-robust-democracy/,,,,확인
choi-inho-e597b888,choi-inho,최인호,최인호,2023,사대의 국제정치이론: 일어난 미래로서 병자호란,,논문,국제정치논총,한국국제정치학회,63(1),43-86,ko,,https://www.kci.go.kr/kciportal/ci/sereArticleSearch/ciSereArtiView.kci?sereArticleSearchBean.artiId=ART002940977,,,,확인
chun-chaesung-d1de962e,chun-chaesung,전재성,전재성,2023,[EAI 워킹페이퍼] 한일협력의 미래비전 시리즈3_한일 안보협력,,논문,전재성,재단법인 동아시아연구원,,,ko,,https://www.riss.kr/search/detail/DetailView.do?p_mat_type=1a0202e37d52c72d&control_no=b35f31842e7d1bf2c85d2949c297615a,,,,확인
chun-chaesung-11f75dde,chun-chaesung,전재성,신범식 엮음; 전재성; 외,2023,국제 안보환경의 도전과 한반도,,장(章),국제 안보환경의 도전과 한반도,사회평론아카데미,,,ko,,https://psir.snu.ac.kr/people/c/P250731113817,,,,확인
chun-chaesung-a02773ca,chun-chaesung,전재성,전재성,2023,세계안보질서의 변화와 우크라이나 전쟁,,논문,한반도 포커스,,2023년 3호,2-14,ko,,https://psir.snu.ac.kr/people/c/P250731113817,,,,확인
chun-chaesung-06cf3e9b,chun-chaesung,전재성,김상배 엮음; 전재성; 외,2023,신흥평화의 세계정치,,장(章),신흥평화의 세계정치,사회평론아카데미,,,ko,,https://search.kyobobook.co.kr/search?chrcCode=1000303503&keyword=%EC%A0%84%EC%9E%AC%EC%84%B1,,,,확인
chun-chaesung-8bec30b1,chun-chaesung,전재성,전재성,2023,우크라이나 전쟁이 국제 안보정세와 한반도에 미치는 영향과 함의,,논문,국방정책연구,한국국방연구원,38(4),7-38,ko,,https://www.kci.go.kr/kciportal/ci/sereArticleSearch/ciSereArtiView.kci?sereArticleSearchBean.artiId=ART002923378,,,,확인
chun-chaesung-644aa798,chun-chaesung,전재성,전재성; 외,2023,한국의 외교정책과 대외관계,,장(章),한국의 외교정책과 대외관계,명인문화사,,,ko,,https://search.kyobobook.co.kr/search?chrcCode=1000303503&keyword=%EC%A0%84%EC%9E%AC%EC%84%B1,,,,확인
chun-chaesung-4c0677da,chun-chaesung,전재성,전재성,2023,한미일 캠프 데이비드 정상회담의 전략적 함의와 향후 과제,,논문,통일정책연구,통일연구원,32(2),1-32,ko,,https://www.kci.go.kr/kciportal/ci/sereArticleSearch/ciSereArtiView.kci?sereArticleSearchBean.artiId=ART003030149,,,,확인
chun-chaesung-0ede72b2,chun-chaesung,전재성,전재성,2023,한반도 정전체제와 북핵체제를 넘어: 불완전 주권성의 전개와 극복,,논문,한국과 국제정치,극동문제연구소,39(1),43-80,ko,,https://www.kci.go.kr/kciportal/ci/sereArticleSearch/ciSereArtiView.kci?sereArticleSearchBean.artiId=ART002944172,,,,확인
ha-youngsun-bd4a1cfb,ha-youngsun,하영선,하영선,2023,2023 신동아 독자 핵무장,,논문,,,,,ko,,https://shindonga.donga.com/inter/article/all/13/3987949/1,,,,확인
ha-youngsun-22c82d4e,ha-youngsun,하영선,하영선 외 5인,2023,관리된 경쟁 과 발전권 확보 사이에서,,논문,APEC 미중정상회담 스페셜리포트,,,,ko,,https://www.eai.or.kr/press/press_01_view.php?no=11358,,,,확인
ha-youngsun-416d3ed2,ha-youngsun,하영선,하영선; 손열; 전재성; 김양규,2023,"서론 미중 핵군축, 핵확산과 핵테러 방지, 북한 비핵화를 통한 대타협 모색",,논문,미중 핵 대타혐 스페셜리포트,,,,ko,,https://www.eai.or.kr/press/press_01_view.php?no=11348,,,,확인
ha-youngsun-fab7d7fe,ha-youngsun,하영선,하영선 외 6인,2023,윤석열 정부 1년 평가 및 4년 과제 1,,논문,EAI 스페셜리포트 시리즈,,,,ko,,https://www.eai.or.kr/press/press_01_view.php?no=11338,,,,확인
kim-jonghak-8abc0fc4,kim-jonghak,김종학,김종학,2023,(국역) 조선사무서 . 3,,저서,김종학,부산광역시 문화유산과 시사편찬실,,,ko,,https://www.riss.kr/search/detail/DetailView.do?p_mat_type=d7345961987b50bf&control_no=1846612c4b7a7e74ffe0bdc3ef48d419,,,,확인
kim-jonghak-34fac6c4,kim-jonghak,김종학,Jonghak Kim,2023,Revisiting the Origin of Modern Korea-Japan Relations: the Unyōkan Incident (1875) and the Treaty of Kanghwa (1876),,논문,The Journal of Northeast Asian History,Northeast Asian History Foundation,Vol.19 No.2,75-108,en,10.23037/jnah.2023.19.2.003,https://accesson.kr/jnah/v.19/2/75/57202,,,,확인
kim-jonghak-ee80b8a7,kim-jonghak,김종학,김종학(Kim; Jong-Hak),2023,‘宗主權’이라는 말의 국제정치적 기원에 관하여: 1890년대 말 일본에서의 번역 경위와 동아시아로의 전파,,논문,국제정치논총,한국국제정치학회,63(4),7-48,ko,,https://www.kci.go.kr/kciportal/ci/sereArticleSearch/ciSereArtiView.kci?sereArticleSearchBean.artiId=ART003026270,,,,확인
kim-jonghak-7088ff43,kim-jonghak,김종학,김종학(Kim; Jong-Hak),2023,조선교구 설정(1831)의 정치사적 의미,,논문,김종학,평화나눔연구소,Vol.4 No.1,,ko,,https://www.riss.kr/search/detail/DetailView.do?p_mat_type=1a0202e37d52c72d&control_no=babadac925897ce87ecd42904f0c5d65,,,,확인
ok-changjoon-c55f3696,ok-changjoon,옥창준,옥창준,2023,"과거로 미래 만들기 백영서 지음, 『동아시아담론의 계보와 미래: 대안체제의 길』(나남출판, 2022)을 읽고",,논문,아시아리뷰,아시아연구소,13(1),291-300,ko,,https://www.kci.go.kr/kciportal/ci/sereArticleSearch/ciSereArtiView.kci?sereArticleSearchBean.artiId=ART002954216,,,,확인
ok-changjoon-69ca2cc3,ok-changjoon,옥창준,옥창준(서평자),2023,글로벌 세미-노스에서 글로벌 사우스 읽기 : 『반둥 이후: 글로벌 사우스의 국제정치사회학』 | 김태균 | 진인진 | 2023,,논문,옥창준,새얼문화재단,,,ko,,https://www.riss.kr/search/detail/DetailView.do?p_mat_type=1a0202e37d52c72d&control_no=01e01864a1c4359d47de9c1710b0298d,,,,확인
ok-changjoon-b5d1dd33,ok-changjoon,옥창준,옥창준,2023,냉전 초기 한국의 지정학 서사 —숙명의 지정학에서 운명의 지정학으로—,,논문,개념과 소통,한림과학원,,277-321,ko,,https://www.kci.go.kr/kciportal/ci/sereArticleSearch/ciSereArtiView.kci?sereArticleSearchBean.artiId=ART003044208,,,,확인
ok-changjoon-54ae2c97,ok-changjoon,옥창준,옥창준,2023,냉전이라는 '현실'을 포착하는 두 시선: 조효원과 이용희의 국제정치론,,장(章),이용희의 정치학과 정치사상 (장인성·장진성·김태진·기유정·이경미·옥창준·장세진) 제3부 제6장,연암서가,,,ko,,https://www.yes24.com/product/goods/118806800,,,,확인
ok-changjoon-161d26d3,ok-changjoon,옥창준,옥창준,2023,이선근의 1930~1940년대 역사 해석과 ‘조선 정신’,,논문,동북아역사논총,동북아역사재단,,337-368,ko,,https://www.kci.go.kr/kciportal/ci/sereArticleSearch/ciSereArtiView.kci?sereArticleSearchBean.artiId=ART003028590,,,,확인
song-jeeye-dab448f3,song-jeeye,송지예,Jeeye Song,2023,Treaty-Making and Colonization in East Asia: Vietnam and Korea in the 19th Century,,학위논문,"Ph.D. dissertation, Department of Political Science, University of Florida (Dissertation Chair: A. A. Hozic)",University of Florida,,,en,,https://commencement.ufl.edu/media/commencementufledu/past-commencement-pdf/past-commencement-programs/commencement-pdf/Doc-Summer-23.pdf,,,,확인
yong-chaeyoung-f8dc6f06,yong-chaeyoung,용채영,Chaeyoung Yong,2023,The dynamics of anger in protests and security debates in Japan (1948-1960),,학위논문,"School of International Relations, University of St Andrews (PhD thesis)",University of St Andrews,,,en,10.17630/sta/556,https://hdl.handle.net/10023/28077,,,,확인
choi-inho-9529248b,choi-inho,최인호,Inho Choi; Minju Kwon,2024,Ontological complexity of interpolity orders: the encounter between Chosŏn and Tibet in Qing,,논문,European Journal of International Relations,SAGE Publications,31(1),28-52,en,10.1177/13540661241228470,https://doi.org/10.1177/13540661241228470,,,,확인
choi-inho-652e452b,choi-inho,최인호,최인호,2024,"객관, 주체, 그리고 타자의 국제정치학: 타자 만남의 목표, 이론, 방법",,논문,국제정치논총,한국국제정치학회,64(4),7-49,ko,,https://www.kci.go.kr/kciportal/ci/sereArticleSearch/ciSereArtiView.kci?sereArticleSearchBean.artiId=ART003147997,,,,확인
choi-inho-c86c9022,choi-inho,최인호,최인호,2024,인류세와 행성질서: 마음권의 공화국,,논문,한국정치학회보,한국정치학회,58(4),5-26,ko,,https://www.kci.go.kr/kciportal/ci/sereArticleSearch/ciSereArtiView.kci?sereArticleSearchBean.artiId=ART003158106,,,,확인
chun-chaesung-bed0af97,chun-chaesung,전재성,Chaesung Chun,2024,Navigating the North Korean Nuclear Challenge Amid US-China Strategic Competition,,논문,Korea-US-China Trilateral Relations in the Xi Jinping Era,Rowman & Littlefield Publishers,,225-242,en,10.5040/9798881869991.ch-9,https://doi.org/10.5040/9798881869991.ch-9,,,,확인
chun-chaesung-42d2c1c3,chun-chaesung,전재성,전재성,2024,[제7장] 신냉전 담론과 한국의 국가전략,,논문,전재성,경남대학교 극동문제연구소,,,ko,,https://www.riss.kr/search/detail/DetailView.do?p_mat_type=1a0202e37d52c72d&control_no=c7e230636064ae2047de9c1710b0298d,,,,확인
chun-chaesung-352e8680,chun-chaesung,전재성,전재성,2024,미중경제전쟁과 한국의 선택 시리즈6_미중 전략경쟁 속 군사인공지능의 정치경제,,논문,전재성,재단법인 동아시아연구원,,,ko,,https://www.riss.kr/search/detail/DetailView.do?p_mat_type=1a0202e37d52c72d&control_no=403d6bc815e6908a47de9c1710b0298d,,,,확인
chun-chaesung-c97a2005,chun-chaesung,전재성,전재성,2024,북미관계의 권역이론적 분석을 위한 시론,,논문,한국과 국제정치,극동문제연구소,40(1),233-280,ko,,https://www.kci.go.kr/kciportal/ci/sereArticleSearch/ciSereArtiView.kci?sereArticleSearchBean.artiId=ART003063917,,,,확인
ha-youngsun-62ab1ff9,ha-youngsun,하영선,하영선; 김양규,2024,북한의 대남노선 전환 바로 읽기: 대한민국의 궤멸 vs. 김정은 정권의 종말,,논문,하영선,재단법인 동아시아연구원,,,ko,,https://www.riss.kr/search/detail/DetailView.do?p_mat_type=1a0202e37d52c72d&control_no=545e3c525b33bc887ecd42904f0c5d65,,,,확인
ha-youngsun-91de1b06,ha-youngsun,하영선,하영선,2024,"하영선,김양규 북한의 대남노선 전환 바로 읽기",,논문,EAI 이슈브리핑,,,,ko,,https://www.eai.or.kr/press/press_01_view.php?no=9776,,,,확인
heo-sujin-125a47b1,heo-sujin,허수진,Patrick Thaddeus Jackson; Sujin Heo,2024,Constructivism,,장(章),"Richard Devetak and Daniel R. McCarthy (eds.), An Introduction to International Relations, 4th ed., ch. 7",Cambridge University Press,,95-107,en,10.1017/9781009315234.010,https://doi.org/10.1017/9781009315234.010,,,,확인
kim-jaeyoung-7001f9ec,kim-jaeyoung,김재영,Jaeyoung Kim,2024,"The Rise and Fall of Status-Seekers: Commitment, Strategy, and International Political Change in East Asia",,학위논문,"Ph.D. dissertation, Department of Political Science, McGill University",McGill University,,,en,10.82308/26515,https://mcgill.scholaris.ca/items/7a11db46-29ad-4232-be01-d1b02cb57330,,,,확인
kim-jonghak-f8be5b30,kim-jonghak,김종학,김종학,2024,(국역)조선사무서 . 4,,저서,김종학,부산광역시,,,ko,,https://www.riss.kr/search/detail/DetailView.do?p_mat_type=d7345961987b50bf&control_no=8586059ab7b1f6f7ffe0bdc3ef48d419,,,,확인
kim-jonghak-0a299e5d,kim-jonghak,김종학,Jonghak Kim,2024,New Perspectives on the Study of Korean Diplomatic History: Diplomatic Documents of Korea (2009-2018) and Korea's Foreign Relations and Diplomatic History (2019),,논문,The Journal of Northeast Asian History,Northeast Asian History Foundation,Vol.20 No.2 (Summer),,en,,https://psir.snu.ac.kr/people/c/P250724024619,,,,확인
kim-jonghak-9fe2db39,kim-jonghak,김종학,KIM Jong-hak,2024,On the International Political Origins of the Term Sōshuken: The Process of Its Translation in Late 1890s Japan and Its Transmission in East Asia,,논문,The Seoul Journal of Japanese Studies,"Institute for Japanese Studies, Seoul National University",Vol.10,,en,,https://ijs.snu.ac.kr/en/publications/seoul_journal_of_japanese_studies?mode=view&bookidx=174,,,,확인
kim-jonghak-9ababa2d,kim-jonghak,김종학,김종학(토론자); 신형철(토론자); 홍종욱(토론자); 박훈(토론자),2024,『위험한 일본책』 북토크 : 박훈,,논문,김종학,서울대학교 동아문화연구소,61,215-249,ko,,https://www.riss.kr/search/detail/DetailView.do?p_mat_type=1a0202e37d52c72d&control_no=0de60f7a458c6959c85d2949c297615a,,,,확인
kim-jonghak-4f2dc158,kim-jonghak,김종학,김종학,2024,근대 일본에서의 ‘종주권’ 개념의 발명 — 1880년대 후반 조청 관계에 대한 인식과 개념적 전유 —,,논문,개념과 소통,한림과학원,,291-332,ko,,https://www.kci.go.kr/kciportal/ci/sereArticleSearch/ciSereArtiView.kci?sereArticleSearchBean.artiId=ART003167448,,,,확인
kim-jonghak-d13ffd97,kim-jonghak,김종학,김종학,2024,문명개화,,장(章),"한국국학진흥원 편, 『한국근현대유학사상총서』",선인,,,ko,,https://psir.snu.ac.kr/people/c/P250724024619,,,,정정
kim-jonghak-e8b8349c,kim-jonghak,김종학,김종학,2024,역사시론 — '宗主權' 개념과 韓中관계,,기고,『월간조선』 2024년 3월호,조선뉴스프레스,,,ko,,https://psir.snu.ac.kr/people/c/P250724024619,,,,확인
kwon-minju-417483fc,kwon-minju,권민주,Iara Gonzalez-Ascencio; Minju Kwon,2024,Cohabitation with criminals: civilian women’s everyday cooperation with Mexican drug cartels,,논문,International Feminist Journal of Politics,Taylor & Francis,27(2),304-326,en,10.1080/14616742.2024.2396851,https://doi.org/10.1080/14616742.2024.2396851,,,,확인
kwon-minju-9529248b,kwon-minju,권민주,Inho Choi; Minju Kwon,2024,Ontological complexity of interpolity orders: the encounter between Chosŏn and Tibet in Qing,,논문,European Journal of International Relations,SAGE Publishing,31(1),28-52,en,10.1177/13540661241228470,https://doi.org/10.1177/13540661241228470,,,,확인
kwon-minju-2e065eda,kwon-minju,권민주,Minju Kwon; Ya Su,2024,Relatively Unworthy Victims? Middle-Aged Women as Rape Survivors,,논문,Violence Against Women,SAGE Publishing,30(8),1804-1824,en,10.1177/10778012241243050,https://doi.org/10.1177/10778012241243050,,,,확인
kwon-minju-c4f03d99,kwon-minju,권민주,Minju Kwon; Kaye Valdez,2024,Sarcasm or sexism? Media framing of Duterte’s misogynistic speeches,,논문,Asian Journal of Women s Studies,Taylor & Francis,30(2),85-109,en,10.1080/12259276.2024.2367809,https://doi.org/10.1080/12259276.2024.2367809,,,,확인
oh-inhwan-ba7f5027,oh-inhwan,오인환,Inhwan Oh,2024,"An Interactive Theory of Power Projection: Naval Power Shift, the Contagion Effect, and Alignment Opportunity",,학위논문,,"Boston College, Department of Political Science (Ph.D. dissertation)",,,en,,http://hdl.handle.net/2345/bc-ir:109936,,,,확인
ok-changjoon-8656e7cd,ok-changjoon,옥창준,; Chang-joon Ok,2024,Between the “Forgotten War” and the “Unknown War”,,논문,The Korean Society of the History of Historiography,The Korean Society of the History of Historiography,50,115-147,en,10.29186/kjhh.2024.50.115,https://doi.org/10.29186/kjhh.2024.50.115,,,,확인
ok-changjoon-98c3bbba,ok-changjoon,옥창준,Chang Joon OK,2024,Price of Contribution: From Science and Technology to ‘National’ Science and Technology,,논문,Critical Review of History,Yuksabipyungsa,148,144-166,en,10.38080/crh.2024.08.148.144,https://doi.org/10.38080/crh.2024.08.148.144,,,,확인
ok-changjoon-c4a0bde4,ok-changjoon,옥창준,옥창준,2024,‘잊힌 전쟁’과 ‘알려지지 않은 전쟁’ 사이에서 －미국 학계의 한국전쟁 연구 동향과 미국 한국학－,,논문,韓國史學史學報,한국사학사학회,,115-147,ko,,https://www.kci.go.kr/kciportal/ci/sereArticleSearch/ciSereArtiView.kci?sereArticleSearchBean.artiId=ART003163718,,,,확인
ok-changjoon-933b67a8,ok-changjoon,옥창준,옥창준,2024,"경제 · 인문사회연구회를 통해 본 한국형 국책연구기관의 역사 : 경로, 정체성, 비교지평",,논문,옥창준,역사비평사,,,ko,,https://www.riss.kr/search/detail/DetailView.do?p_mat_type=1a0202e37d52c72d&control_no=e2d210b4df6535e7b7998d826d417196,,,,확인
ok-changjoon-30120d6e,ok-changjoon,옥창준,옥창준,2024,국제적 시각으로 본 전쟁 『한국전란1년지』 다시 읽기,,논문,옥창준,동북아역사재단,,,ko,,https://www.riss.kr/search/detail/DetailView.do?p_mat_type=1a0202e37d52c72d&control_no=cb8fe7eaa8de5fc54884a65323211ff0,,,,확인
ok-changjoon-e30d8efa,ok-changjoon,옥창준,옥창준,2024,외교사라는 서사 만들기 : 신기석과 탈식민 한국외교사 연구의 성립 사정,,논문,아세아연구,아세아문제연구원,67(1),231-256,ko,,https://www.kci.go.kr/kciportal/ci/sereArticleSearch/ciSereArtiView.kci?sereArticleSearchBean.artiId=ART003065380,,,,확인
ok-changjoon-4c43757d,ok-changjoon,옥창준,옥창준,2024,출연(出捐)의 대가―‘과학기술’에서 ‘국가과학기술’로,,논문,역사비평,역사문제연구소,,144-166,ko,,https://www.kci.go.kr/kciportal/ci/sereArticleSearch/ciSereArtiView.kci?sereArticleSearchBean.artiId=ART003109199,,,,확인
ok-changjoon-d3eca363,ok-changjoon,옥창준,옥창준,2024,한국화하는 국제정치학 : 한국국제정치학회의 초기 활동을 중심으로,,논문,역사문제연구,역사문제연구소,54,55-86,ko,,https://www.kci.go.kr/kciportal/ci/sereArticleSearch/ciSereArtiView.kci?sereArticleSearchBean.artiId=ART003106603,,,,확인
ok-changjoon-8f5fb64d,ok-changjoon,옥창준,옥창준,2024,해제: 현실주의 이론가 미어샤이머에 대한 오해와 사실,,장(章),"존 J. 미어샤이머·서배스천 로사토 지음, 권지현 옮김, 『국가는 어떻게 생각하는가』 해제",서해문집,,,ko,,https://www.aladin.co.kr/shop/wproduct.aspx?ItemId=342571178,,,,확인
ok-changjoon-124b1110,ok-changjoon,옥창준,옥창준(玉昌埈),2024,흔들리는 ‘언덕 위의 도성’ : 미국-이스라엘의 특별한 관계사,,논문,옥창준,새얼문화재단,,,ko,,https://www.riss.kr/search/detail/DetailView.do?p_mat_type=1a0202e37d52c72d&control_no=1051556f97079e1cb7998d826d417196,,,,확인
song-jeeye-476fa70e,song-jeeye,송지예,송지예,2024,냉전기 통일 베트남의 국제정치 인식의 전환 : 공산당 전당대회 보고서와 Tạp chí Cộng sản을 중심으로,,논문,아세아연구,아세아문제연구원,67(4),377-416,ko,,https://www.kci.go.kr/kciportal/ci/sereArticleSearch/ciSereArtiView.kci?sereArticleSearchBean.artiId=ART003159597,,,,확인
choi-inho-e995e7ce,choi-inho,최인호,Inho Choi,2025,Non-Western Interpolity Orders and Sociocultural Forces: the <i>shi</i> in the Early Modern East Asian Order,,논문,The Chinese Journal of International Politics,Oxford University Press (OUP),18(4),496-519,en,10.1093/cjip/poaf015,https://doi.org/10.1093/cjip/poaf015,,,,확인
chun-chaesung-93320451,chun-chaesung,전재성,신범식 엮음; 전재성; 외,2025,글로벌사우스의 부상과 국제정치 변동,,장(章),글로벌사우스의 부상과 국제정치 변동,사회평론아카데미,,,ko,,https://search.kyobobook.co.kr/search?chrcCode=1000303503&keyword=%EC%A0%84%EC%9E%AC%EC%84%B1,,,,확인
chun-chaesung-2eeb8c2c,chun-chaesung,전재성,전재성,2025,미래 세계정치질서와 권역이론,,저서,전재성,EAI(동아시아연구원),,,ko,,https://www.riss.kr/search/detail/DetailView.do?p_mat_type=d7345961987b50bf&control_no=d84a6f55f2afa54cffe0bdc3ef48d419,,,,확인
chun-chaesung-f9947583,chun-chaesung,전재성,전재성; 외,2025,"트럼프의 귀환, 미국의 미래",,장(章),"트럼프의 귀환, 미국의 미래",동아시아연구원(EAI),,,ko,,https://search.kyobobook.co.kr/search?chrcCode=1000303503&keyword=%EC%A0%84%EC%9E%AC%EC%84%B1&page=2,,,,확인
heo-sujin-40c6e2b7,heo-sujin,허수진,Patrick Thaddeus Jackson; Sujin Heo,2025,Ways of Knowing: A Relational Account,,장(章),"Berit Bliesemann de Guevara, Katarzyna Kaczmarska, Xymena Kurowska, Birgit Poopuu and Andrea Warnecke (eds.), Knowledge and Expertise in International Politics: A Handbook, ch. 52",Oxford University Press,,794-811,en,10.1093/oso/9780192871145.003.0052,https://doi.org/10.1093/oso/9780192871145.003.0052,,,,확인
kim-jaeyoung-6a38a38f,kim-jaeyoung,김재영,Andrej Krickovic; Jaeyoung Kim,2025,Conclusion:,,장(章),The New Cold War and the Remaking of Regions,Georgetown University Press,,231-252,en,10.2307/jj.20785739.15,https://doi.org/10.2307/jj.20785739.15,,,,확인
kim-jonghak-f55f2209,kim-jonghak,김종학,김종학(金鍾學),2025,"[강화도조약(1876)에서 을사조약까지 구한말 외교] “한국, 침략받을 때 한 방 먹이지도 못할 만큼 無力” (시어도어 루스벨트)",,논문,김종학,조선뉴스프레스,,,ko,,https://www.riss.kr/search/detail/DetailView.do?p_mat_type=1a0202e37d52c72d&control_no=9df33e6c397d9e74e9810257f7042666,,,,확인
kim-jonghak-4b624804,kim-jonghak,김종학,김종학,2025,故 담여 김용구 한림과학원장과 한국외교사 연구,,기고,『한림지성』 Vol.8,한림대학교 도헌학술원,Vol.8,,ko,,https://psir.snu.ac.kr/people/c/P250724024619,,,,확인
kim-jonghak-1847920b,kim-jonghak,김종학,김종학 공역,2025,국역 조선사무서 제5권,朝鮮事務書,역서,,부산광역시 시사편찬위원회,,,ko,,https://psir.snu.ac.kr/people/c/P250724024619,,,,확인
kim-jonghak-291a073c,kim-jonghak,김종학,김종학,2025,근대 동아시아 역사학에서 ‘종주권’ 개념의 형성 - 20세기 초 중국 청화학파(淸華學派)의 외교사 연구를 중심으로,,논문,인문논총,인문학연구원,82(3),293-332,ko,,https://www.kci.go.kr/kciportal/ci/sereArticleSearch/ciSereArtiView.kci?sereArticleSearchBean.artiId=ART003244314,,,,확인
kwon-minju-346cc4d7,kwon-minju,권민주,Minju Kwon; ChaeYoung Yong,2025,Global Human Rights Institutions,,장(章),"The Sage Handbook of Peace and Conflict Studies (eds. Maia Carter Hallward, Ji Eun Kim, Cecile Mouly, Timothy Seidel, Zubairu Wai)",SAGE Publications,,,en,10.4135/9781036204440.n45,https://doi.org/10.4135/9781036204440.n45,,,,확인
kwon-minju-9e3f960f,kwon-minju,권민주,Minju Kwon,2025,Short-haired modern girls: colonial Korean women’s fashion as the standards of civilization,,논문,European Journal of International Relations,SAGE Publishing,31(3),561-585,en,10.1177/13540661251322652,https://doi.org/10.1177/13540661251322652,,,,확인
kwon-minju-cf4ec313,kwon-minju,권민주,권민주; 백지영; 이승욱,2025,‘낙오지역(Left-Behind Places)’과 영국 레벨링업(Levelling-Up) 정책에 대한 비판적 고찰,,논문,공간과 사회,한국공간환경학회,35(4),494-531,ko,,https://www.kci.go.kr/kciportal/ci/sereArticleSearch/ciSereArtiView.kci?sereArticleSearchBean.artiId=ART003298552,,,,미정
oh-inhwan-f072b5cf,oh-inhwan,오인환,오인환,2025,"1차 세계대전 원인론에 대한 다른 시선: 세르비아를 둘러싼 오스트리아-헝가리 제국의 군사력 사용의지와 러시아의 군사동원, 1908-1914",,논문,한국정치외교사논총,한국정치외교사학회,47(1),95-133,ko,,https://www.kci.go.kr/kciportal/ci/sereArticleSearch/ciSereArtiView.kci?sereArticleSearchBean.artiId=ART003231812,,,,확인
oh-inhwan-edba49c0,oh-inhwan,오인환,Inhwan Oh,2025,"Japan’s Status-Driven Restraint Despite Racial Humiliation, 1921–1936",,논문,The Journal of American-East Asian Relations,Walter de Gruyter GmbH,32(3),239-267,en,10.1163/18765610-32030007,https://doi.org/10.1163/18765610-32030007,,,,확인
oh-inhwan-f9886e88,oh-inhwan,오인환,손열; 오인환; 이아림,2025,[EAI 여론브리핑] 2025년 EAI-API-KEI 제1회 한미일 국민 상호인식조사 및 제12회 한일 국민 상호인식조사 결과 분석,,보고서,EAI 여론브리핑,동아시아연구원(EAI),,,ko,,https://global.eai.or.kr/ko/reports/13370,,,,확인
oh-inhwan-4158c286,oh-inhwan,오인환,김양규; 오인환,2025,[EAI 이슈브리핑] 한국인의 한미일-북중러 블록화 인식과 핵무장 지지 여론 분석: 2025 EAI 동아시아 인식조사 결과 분석,,보고서,EAI 이슈브리핑,동아시아연구원(EAI),,,ko,,https://www.eai.or.kr/project/project_01_view.php?no=9830&project=178,,,,확인
oh-inhwan-f25b3ba9,oh-inhwan,오인환,오인환,2025,[Global NK 논평] 미국 해양패권의 미래와 한국의 전략: 한미 조선협력과 대북 정책을 둘러싼 미국 의회의 역할,,기고,Global NK 논평,동아시아연구원(EAI),,,ko,,https://global.eai.or.kr/ko/reports/13399,,,,확인
oh-inhwan-d639868f,oh-inhwan,오인환,오인환,2025,"[Global NK 논평] 미중해양세력전이, 1차 해양방어선, 그리고 한반도",,기고,Global NK 논평,동아시아연구원(EAI),,,ko,,https://global.eai.or.kr/ko/reports/9825,,,,확인
ok-changjoon-f98b9b20,ok-changjoon,옥창준,Chang-Joon Ok,2025,Searching for the geopolitical equilibrium between Land Power and Sea Power in East Asia: Focusing on Kang Man-Gil’s geopolitical ideas,,논문,The Journal for the Studies of Korean History,The Society for Studies of Korean History,98,69-97,en,10.21490/jskh.2025.2.98.69,https://doi.org/10.21490/jskh.2025.2.98.69,,,,확인
ok-changjoon-03b8edd8,ok-changjoon,옥창준,Chang Joon OK,2025,"The Competition of Alliance and Non-alignment : 1954 Geneva, Colombo and Bogor",,논문,Critical Review of History,Yuksabipyungsa,153,14-43,en,10.38080/crh.2025.11.153.14,https://doi.org/10.38080/crh.2025.11.153.14,,,,확인
ok-changjoon-04fc5436,ok-changjoon,옥창준,옥창준,2025,"[기획의 말] 해방 80년, 반둥 70년: 냉전기 아시아의 중립·비동맹의 역사와 평화의 상상력",,논문,옥창준,역사비평사,Vol.- No.153,10-13,ko,,https://www.riss.kr/search/detail/DetailView.do?p_mat_type=1a0202e37d52c72d&control_no=7c79fea3075b05386aae8a972f9116fb,,,,확인
ok-changjoon-f2cccf18,ok-changjoon,옥창준,옥창준,2025,[옥창준 칼럼] 보이지 않는 한국학,,기고,경인일보 오피니언 (2025-12-08),,,,ko,,https://v.daum.net/v/20251208185306167,,,,확인
ok-changjoon-b61bfbcf,ok-changjoon,옥창준,옥창준,2025,[옥창준 칼럼] 연루의 한국학,,기고,경인일보 오피니언 (2025-10-27),,,,ko,,https://www.kyeongin.com/article/1754051,,,,확인
ok-changjoon-b6700bd6,ok-changjoon,옥창준,옥창준,2025,[옥창준 칼럼] 탈한국의 한국학,,기고,경인일보 오피니언 (2025-09-08),,,,ko,,https://www.kyeongin.com/article/1751067,,,,확인
ok-changjoon-8ff67202,ok-changjoon,옥창준,옥창준,2025,[옥창준 칼럼] 한국학 연구자가 된다는 것,,기고,경인일보 오피니언 (2025-06-16),,,,ko,,https://www.kyeongin.com/article/1743193,,,,확인
ok-changjoon-6248e8b3,ok-changjoon,옥창준,옥창준,2025,[옥창준 칼럼] 한국학적으로 생각하기,,기고,경인일보 오피니언 (2025-02-10),,,,ko,,https://www.kyeongin.com/article/1728823,,,,확인
ok-changjoon-ca3b0760,ok-changjoon,옥창준,옥창준,2025,"‘동맹’과 ‘비동맹’의 각축―1954년 제네바, 콜롬보, 보고르",,논문,역사비평,역사문제연구소,Vol.- No.153,14-43,ko,,https://www.kci.go.kr/kciportal/ci/sereArticleSearch/ciSereArtiView.kci?sereArticleSearchBean.artiId=ART003271640,,,,확인
ok-changjoon-b016a54d,ok-changjoon,옥창준,옥창준,2025,강만길 지정학의 지정학,,논문,韓國史學報,고려사학회,,69-97,ko,,https://www.kci.go.kr/kciportal/ci/sereArticleSearch/ciSereArtiView.kci?sereArticleSearchBean.artiId=ART003182030,,,,확인
ok-changjoon-5a6254e0,ok-changjoon,옥창준,옥창준,2025,달의 뒷면―‘태평양 연구자’로서 브루스 커밍스,,논문,역사비평,역사문제연구소,,341-361,ko,,https://www.kci.go.kr/kciportal/ci/sereArticleSearch/ciSereArtiView.kci?sereArticleSearchBean.artiId=ART003212754,,,,확인
ok-changjoon-afb669f5,ok-changjoon,옥창준,옥창준(玉昌埈),2025,러시아의 백년 전쟁 : 크림전쟁과 한국전쟁,,논문,옥창준,동북아역사재단,,,ko,,https://www.riss.kr/search/detail/DetailView.do?p_mat_type=1a0202e37d52c72d&control_no=0691d97ead936cacb7998d826d417196,,,,확인
ok-changjoon-98d6ae51,ok-changjoon,옥창준,옥창준,2025,오지의 지질학자가 남긴 연구 기록 — 『김용구 연구 회고록』,,서평,서울리뷰오브북스 18호 (특집 '혼돈 그리고 그 너머'),알렙/서울리뷰,,,ko,,https://www.yes24.com/product/goods/147647560,,,,확인
ok-changjoon-e51d3965,ok-changjoon,옥창준,옥창준,2025,해제: 현재사로서의 냉전사,,장(章),"오드 아르네 베스타 지음, 유강은 옮김, 『냉전: 우리 시대를 만든 냉전의 세계사』 해제",서해문집,,,ko,,https://www.aladin.co.kr/shop/wproduct.aspx?ItemId=359784052,,,,확인
roh-kayeon-470d825a,roh-kayeon,노가연,Kayeon Roh,2025,"Emperor at Home, King Abroad: Coexistence of Multiple Emperors in Historical East Asia",,기타,"2025 USC Graduate Conference in Korean Studies, Panel 1 ""Sinitic Heritages in Korea and Beyond"" (2025-02-07, USC Ronald Tutor Campus Center) — 학술회의 발표문(미간행)",USC Korean Studies Institute,,,en,,https://dornsife.usc.edu/ksi/wp-content/uploads/sites/87/2025/01/2025-Grad-Conference-in-Korean-Studies-Program_012725.pdf,,,,확인
yong-chaeyoung-c78531ea,yong-chaeyoung,용채영,Chaeyoung Yong,2025,Emotional practices of anger: the case of the anti-Japan-US security treaty (Anpo) protests (1959–60),,논문,Cambridge Review of International Affairs,Informa UK Limited,39(2),308-334,en,10.1080/09557571.2025.2604746,https://doi.org/10.1080/09557571.2025.2604746,,,,확인
yong-chaeyoung-346cc4d7,yong-chaeyoung,용채영,Minju Kwon; Chaeyoung Yong,2025,Global Human Rights Institutions,,장(章),"The Sage Handbook of Peace and Conflict Studies, ed. Maia Carter Hallward, Ji Eun Kim, Cécile Mouly, Timothy Seidel and Zubairu Wai, ch. 39",Sage,,,en,,https://www.sagepub.com/en-us/nam/the-sage-handbook-of-peace-and-conflict-studies/book286258,,,,확인
yong-chaeyoung-27aee7dc,yong-chaeyoung,용채영,Chaeyoung Yong,2025,Trauma Time and Memory in Understanding Gender-Based Violence,,논문,Millennium: Journal of International Studies,SAGE Publications,53(3),603-630,en,10.1177/03058298251366685,https://doi.org/10.1177/03058298251366685,,,,확인
choi-inho-e7849339,choi-inho,최인호,Inho Choi,2026,10 Neo- Confucianism as Cosmopolitan Democracy: Impartial Mind as a Solution to the Legitimation Gap,,장(章),Beyond the Nation-State,University of Hawaii Press,,216-239,en,10.1515/9798880703463-012,https://doi.org/10.1515/9798880703463-012,,,,확인
choi-inho-eb317d4e,choi-inho,최인호,,2026,"Historical Intersections of Climatic Change and Power Transitions: Ecological Pressure, Differential Adaptability, and the U.S.-China Power Transition in the Anthropocene",,논문,International Relations of the Asia-Pacific,Oxford University Press,,,en,10.1093/irap/lcag009,https://pub.orcid.org/v3.0/0000-0003-2826-5775/works,,,,정정
chun-chaesung-67252ba0,chun-chaesung,전재성,서정건; 김태형; 마상윤; 박범섭; 박현석; 우병득; 이경석; 이병재; 이세희; 전재성; 천자현; 최현진; 외,2026,국익을 설계하다,,장(章),국익을 설계하다,박영사,,,ko,,https://search.kyobobook.co.kr/search?chrcCode=1000303503&keyword=%EC%A0%84%EC%9E%AC%EC%84%B1&page=2,,,,확인
chun-chaesung-64e06ac1,chun-chaesung,전재성,서울대학교 정치외교학부 교수진; 박성우; 전재성; 김종학; 외,2026,국제정치학,,장(章),국제정치학,박영사,,,ko,,https://search.kyobobook.co.kr/search?chrcCode=1000303503&keyword=%EC%A0%84%EC%9E%AC%EC%84%B1,,,,확인
chun-chaesung-0059d1cc,chun-chaesung,전재성,전재성,2026,글로벌 패권의 미래 = The future of global hegemony,,저서,전재성,아카넷,,,ko,,https://www.riss.kr/search/detail/DetailView.do?p_mat_type=d7345961987b50bf&control_no=e68d4d4f968c6025ffe0bdc3ef48d419,,,,확인
chun-chaesung-f6c071df,chun-chaesung,전재성,전재성,2026,미국 주도 자유주의 국제질서 이후 세계질서 및 지역질서 변화 — 다권역 질서의 도래,,논문,세계정치(서울대학교 국제문제연구소),,40,,ko,,https://www.snuiis.re.kr/sub5/5_1.php?mode=view&number=1809&page=1&b_name=gan1,,,,확인
chun-chaesung-f9969576,chun-chaesung,전재성,서울대학교 국제문제연구소 엮음; 전재성; 외,2026,지역연구의 전환과 세계정치의 이해,,장(章),지역연구의 전환과 세계정치의 이해(세계정치 40),사회평론아카데미,,,ko,,https://search.kyobobook.co.kr/search?chrcCode=1000303503&keyword=%EC%A0%84%EC%9E%AC%EC%84%B1,,,,확인
chun-chaesung-d9b2eac2,chun-chaesung,전재성,전재성; 외,2026,"통일, 해야 한다",,장(章),"통일, 해야 한다",북랩,,,ko,,https://search.kyobobook.co.kr/search?chrcCode=1000303503&keyword=%EC%A0%84%EC%9E%AC%EC%84%B1,,,,확인
kim-jaeyoung-bfe42405,kim-jaeyoung,김재영,Jaeyoung Kim,2026,"Review of Divergent Worlds: What the Ancient Mediterranean and Indian Ocean Can Tell Us About the Future of International Order, by Amitav Acharya and Manjeet S. Pardesi",,서평,Contemporary Southeast Asia,ISEAS – Yusof Ishak Institute,48(1),212-214,en,,https://bookshop.iseas.edu.sg/publication/8006,,,,확인
kim-jonghak-b564e29b,kim-jonghak,김종학,Jong-Hak Kim,2026,The Paradox of the “Sokguk(屬國)” Discourse in the Protectoratization of the Korean Empire : Reinterpreting the 1905 Eulsa Treaty,,논문,The Korea-Japan Historical Review,The Korea-Japan Historical Society,91,267-303,en,10.18496/kjhr.2026.2.91.267,https://doi.org/10.18496/kjhr.2026.2.91.267,,,,확인
kim-jonghak-0445a21c,kim-jonghak,김종학,Jong-Hak Kim,2026,The Problem of “Simkyo” (尋交): Moriyama Shigeru’s Negotiations in Busan before the Treaty of Ganghwa (1876),,논문,지역과 역사,The Pukyung Institute for Korean History,58(0),5-42,en,10.19120/cy.2026.4.58.5,https://doi.org/10.19120/cy.2026.4.58.5,,,,확인
kim-jonghak-57b10bce,kim-jonghak,김종학,김종학,2026,‘심교(尋交)’의 과제: 강화도조약(1876) 이전 모리야마 시게루(森山茂)의 부산에서의 교섭,,논문,지역과 역사,부경역사연구소,,5-42,ko,,https://www.kci.go.kr/kciportal/ci/sereArticleSearch/ciSereArtiView.kci?sereArticleSearchBean.artiId=ART003335907,,,,확인
kim-jonghak-52f6c2b5,kim-jonghak,김종학,김종학(金鍾學),2026,“모든 허물은 약한 데 있을 뿐” : 강화도조약의 체결 경위와 역사적 교훈,,논문,김종학,조선뉴스프레스,,,ko,,https://www.riss.kr/search/detail/DetailView.do?p_mat_type=1a0202e37d52c72d&control_no=34e7d2ec3e3028aad18150b21a227875,,,,확인
kim-jonghak-e6a224f6,kim-jonghak,김종학,김종학,2026,대한제국의 보호국화와 ‘속국’ 담론의 역설: 을사조약(1905)의 재해석,,논문,한일관계사연구,한일관계사학회,,267-304,ko,,https://www.kci.go.kr/kciportal/ci/sereArticleSearch/ciSereArtiView.kci?sereArticleSearchBean.artiId=ART003313655,,,,확인
kim-jonghak-ec8e4549,kim-jonghak,김종학,김종학,2026,백암 박은식의 국혼(國魂) 개념: 문명주의와 혈연 민족주의의 사상적 교차,,논문,한국동양정치사상사연구,한국동양정치사상사학회,25(1),109-142,ko,,https://www.kci.go.kr/kciportal/ci/sereArticleSearch/ciSereArtiView.kci?sereArticleSearchBean.artiId=ART003307126,,,,확인
kwon-minju-99944fef,kwon-minju,권민주,Minju Kwon,2026,All but the Death Penalty: Incomplete Protection for Civilian Internee Mothers,,논문,Feminist Legal Studies,Springer Science+Business Media,,,en,10.1007/s10691-026-09603-9,https://doi.org/10.1007/s10691-026-09603-9,,,,확인
kwon-minju-91e4903f,kwon-minju,권민주,Minju Kwon; Wukki Kim,2026,Mandates through the rule of law: United Nations missions and foreign direct investment,,논문,World Development Perspectives,Elsevier BV,42,100780-100780,en,10.1016/j.wdp.2026.100780,https://doi.org/10.1016/j.wdp.2026.100780,,,,확인
oh-inhwan-ff31eb6a,oh-inhwan,오인환,Inhwan Oh,2026,A view from South Korea,,기고,"""New research hub assesses shared security challenges in the Indo-Pacific and Euro-Atlantic,"" The Strategist",Australian Strategic Policy Institute (ASPI),,,en,,https://www.aspistrategist.org.au/new-research-hub-assesses-shared-security-challenges-in-the-indo-pacific-and-euro-atlantic/,,,,확인
oh-inhwan-4245779e,oh-inhwan,오인환,Chaesung Chun; Inhwan Oh,2026,New Spheres of Conflicting Orders: A Lack of Consensus Promises Confusion and Competition,,기고,"Council of Councils Global Memo, ""The World Reorders: The Complications of a Return to Spheres of Influence""",Council on Foreign Relations,,,en,,https://www.cfr.org/councilofcouncils/global-memo/the-world-reorders-the-complications-of-a-return-to-spheres-of-influence/,,,,확인
oh-inhwan-2172fb03,oh-inhwan,오인환,전재성; 오인환,2026,[CoC 글로벌 메모] 충돌하는 질서의 새로운 권역: 합의 부재로 인한 혼란과 경쟁,,기고,EAI 논평·이슈브리핑 (CFR Council of Councils Global Memo 국문판),동아시아연구원(EAI),,,ko,,https://global.eai.or.kr/ko/reports/13503,,,,확인
oh-inhwan-fd26515b,oh-inhwan,오인환,전재성; 오인환; 최인호,2026,[EAI 이슈브리핑] 미국-이란 분쟁이 향후 북미 정상회담에 미칠 영향 분석,,보고서,EAI 이슈브리핑,동아시아연구원(EAI),,,ko,,https://global.eai.or.kr/ko/reports/13510,,,,확인
oh-inhwan-e30ec513,oh-inhwan,오인환,오인환,2026,[EAI·중앙SUNDAY 공동기획] '워싱턴 해군 군축체제'가 15년간 작동할 수 있었던 까닭,,기고,중앙SUNDAY (EAI 공동기획),동아시아연구원(EAI)·중앙SUNDAY,,,ko,,https://global.eai.or.kr/ko/reports/13575,,,,확인
oh-inhwan-ef513ab9,oh-inhwan,오인환,오인환,2026,"[Global NK 논평] 트럼프의 황금함대 구상, MASGA, 그리고 ICE Pact",,기고,Global NK 논평,동아시아연구원(EAI),,,ko,,https://www.eai.or.kr/press/press_01_view.php?no=13481,,,,확인
oh-inhwan-52a46a68,oh-inhwan,오인환,오인환,2026,"[NATO-IP4 포럼] ② 미·중 해양세력전이와 인태–유럽동맹의 재조정: NATO-IP4 해양네트워크의 가능성과 도전, 그리고 동맹 위계의 재구성",,기타,EAI 멀티미디어(영상 발표·전문 수록),동아시아연구원(EAI),,,ko,,https://global.eai.or.kr/ko/reports/13500,,,,확인
oh-inhwan-e02eee3d,oh-inhwan,오인환,오인환,2026,"[NATO-IP4 포럼] ③ 미국-이란 전쟁이 드러낸 주변 전역의 1차 해양방어선과 해상수송로, 그리고 항행의 자유",,기타,EAI 멀티미디어(영상 발표·전문 수록),동아시아연구원(EAI),,,ko,,https://global.eai.or.kr/ko/reports/13598,,,,확인
oh-inhwan-6571ae68,oh-inhwan,오인환,오인환,2026,[The Indo-Pacific and Euro-Atlantic Hub for Shared Security Challenges Regional Kick-Off] 불안정한 혼합 질서 속 NATO-IP4: 파편화에 맞서는 중견국의 연결,,기타,EAI 멀티미디어(2026-02-24 NATO 지역 출범식 기조발언 영상·전문),동아시아연구원(EAI),,,ko,,https://global.eai.or.kr/ko/reports/13515,,,,확인
oh-inhwan-50fce69c,oh-inhwan,오인환,오인환,2026,[한국의 대북전략] ① 한반도 개체화 전략 시론: 북한의 안보-정당성 딜레마 폐기와 한국의 중장기 대북전략,,기타,EAI 멀티미디어(영상 발표·전문 수록),동아시아연구원(EAI),,,ko,,https://global.eai.or.kr/ko/reports/13590,,,,확인
oh-inhwan-dce986bc,oh-inhwan,오인환,오인환,2026,인도-태평양과 유럽-대서양 지역의 공동 안보 과제: 한국의 관점,,기고,EAI 논평·이슈브리핑 (ASPI The Strategist 기고 국문판),동아시아연구원(EAI),,,ko,,https://global.eai.or.kr/ko/reports/13527,,,,확인
oh-inhwan-6b049078,oh-inhwan,오인환,오인환,2026,태평양도서국포럼 대중 규탄 성명 무산: 원인 분석과 한미 대응방안,,보고서,EAI Global Current Watch,동아시아연구원(EAI),,,ko,,https://global.eai.or.kr/ko/reports/990332,,,,확인
oh-inhwan-a9b74d46,oh-inhwan,오인환,오인환,2026,팔라우 PIF 정상회의 대만 초청: 서태평양 미중 해양세력경쟁의 함의와 한국,,보고서,EAI Global Current Watch,동아시아연구원(EAI),,,ko,,https://global.eai.or.kr/ko/reports/990346,,,,확인
oh-inhwan-8a172fd8,oh-inhwan,오인환,오인환,2026,한국 핵잠수함 개발 논쟁과 북한의 대응 담론: 장보고-N계획을 둘러싼 남북 안보 긴장과 지역 핵도미노 프레임 분석(2024-2026),,보고서,EAI Global Current Watch,동아시아연구원(EAI),,,ko,,https://global.eai.or.kr/ko/reports/990345,,,,확인
ok-changjoon-6514d188,ok-changjoon,옥창준,Chang-Joon Ok,2026,International Law as Iconotext: Visualizing Its Global History through a Graphic Novel,,논문,The Journal of Western History,Journal of Western History,74(0),289-299,en,10.16894/jowh.74.9,https://doi.org/10.16894/jowh.74.9,,,,확인
ok-changjoon-3d994a32,ok-changjoon,옥창준,옥창준,2026,[옥창준 칼럼] 두쫀쿠의 한국학,,기고,경인일보 오피니언 (2026-03-16),,,,ko,,https://www.kyeongin.com/article/1760317,,,,확인
ok-changjoon-903ec19c,ok-changjoon,옥창준,옥창준,2026,[옥창준 칼럼] 서사의 한국학,,기고,경인일보 오피니언 (2026-05-11),,,,ko,,https://www.kyeongin.com/article/1763375,,,,확인
ok-changjoon-b17ed229,ok-changjoon,옥창준,옥창준,2026,[옥창준 칼럼] 연결의 한국학,,기고,경인일보 오피니언 (2026-08-17),,,,ko,,https://www.kyeongin.com/article/1769127,,,,확인
ok-changjoon-962672ab,ok-changjoon,옥창준,옥창준,2026,[옥창준 칼럼] 을지로의 한국학,,기고,경인일보 오피니언 (2026-06-29),,,,ko,,https://www.kyeongin.com/article/1766413,,,,확인
ok-changjoon-6e559c74,ok-changjoon,옥창준,김도민 ( Kim ); 옥창준 ( Ok ); 장문석 ( Jang ); 허은 ( Heo ); 문미라 ( Moon ),2026,"‘한반도 냉전사’ 쓰기의 도전과 과제 『냉전의 진영 너머로: 남북한의 중립·비동맹·제3세계 외교(1948~1976)』 (역사비평사, 2025)",,논문,옥창준,역사문제연구소,Vol.59 No.-,317-371,ko,,https://www.riss.kr/search/detail/DetailView.do?p_mat_type=1a0202e37d52c72d&control_no=3297c39e19b8c5174884a65323211ff0,,,,확인
ok-changjoon-1cda072f,ok-changjoon,옥창준,옥창준,2026,"그래픽노블로 본 국제법의 역사― 올리비에 코르텐·피에르 클랭 지음, 제라르 브도레 그림, 『국제법의 역사: 살라망카에서 관타나모까지』",,논문,서양사연구,한국서양사연구회,,289-299,ko,,https://www.kci.go.kr/kciportal/ci/sereArticleSearch/ciSereArtiView.kci?sereArticleSearchBean.artiId=ART003345925,,,,확인
ok-changjoon-02dbc1ae-2,ok-changjoon,옥창준,옥창준,2026,냉전기 북한의 상상 지리와 '평양 선언',,장(章),오늘의 한국 현대사 2: 분단과 냉전 (정용욱 외) 제1부 냉전과 개발,푸른역사,,,ko,,https://www.yes24.com/product/goods/173933780,,,,확인
ok-changjoon-78066aa0-2,ok-changjoon,옥창준,옥창준,2026,냉전기 한국 지식인의 아시아 아프리카 상상,,장(章),『청맥』의 시간들: 1960년대 한국의 지식장과 탈냉전의 아포리아 (공임순 외) 제1부 제4장,소명출판,,,ko,,https://www.yes24.com/product/goods/190806147,,,,확인
ok-changjoon-0f22b665,ok-changjoon,옥창준,옥창준,2026,"한국인과 국제안 - 김도민(2025), 『냉전의 진영 너머로: 남북한의 중립·비동맹· 제3세계 외교(1948~1976)』, 역사비평사, 568쪽",,논문,인문논총,인문학연구원,83(1),715-735,ko,,https://www.kci.go.kr/kciportal/ci/sereArticleSearch/ciSereArtiView.kci?sereArticleSearchBean.artiId=ART003315163,,,,확인
song-jeeye-5ffb0778,song-jeeye,송지예,송지예,2026,을사보호조약의 효력을 둘러싼 논쟁 - 주한 러시아 총영사의 인가장 문제에서 나타난 러일 외교 갈등,,논문,인문논총,인문학연구원,83(2),177-224,ko,,https://www.kci.go.kr/kciportal/ci/sereArticleSearch/ciSereArtiView.kci?sereArticleSearchBean.artiId=ART003345823,,,,확인
chun-chaesung-ede366a3-2,chun-chaesung,전재성,전재성,,서문,,논문,세계정치(Journal of World Politics),,26,5-11,ko,,https://s-space.snu.ac.kr/handle/10371/146951,,,,확인
ha-youngsun-b14e1bc9,ha-youngsun,하영선,하영선,,"敎授任用關係 著述集 : 서울大學校 : the case of Korea . 1 , Nuclerization of small states and world order",,기타,하영선,[서울大學校],,,ko,,https://www.riss.kr/search/detail/DetailView.do?p_mat_type=d7345961987b50bf&control_no=ddf3e23eec7c9d78,,,,확인
ha-youngsun-97525fb2,ha-youngsun,하영선,하영선,,21세기 동아시아 신질서 건축과 한국의 적합외교,,논문,,,,,ko,,,,,,확인
ha-youngsun-dde7f06f-3,ha-youngsun,하영선,하영선,,21세기 미국군사의 역사적 전망,,논문,미국학,,23,147-168,ko,,https://s-space.snu.ac.kr/handle/10371/88536,,,,확인
ha-youngsun-dc3476d9,ha-youngsun,하영선,하영선,,21세기 아태 신질서 건축 신흥주인공과 무대,,논문,,,,,ko,,https://www.riss.kr/search/detail/DetailView.do?p_mat_type=d7345961987b50bf&control_no=81ea0d94a8220486ffe0bdc3ef48d419,,,,확인
ha-youngsun-8e1c453d,ha-youngsun,하영선,하영선,,매력론 — BTS의 글로벌 매력 (제3장),,논문,,,,,ko,,https://www.eai.or.kr/press/press_01_view.php?no=11465,,,,확인
ha-youngsun-aaa508f3,ha-youngsun,하영선,하영선,,국제군사관계 기초자료,,논문,,,,,ko,,https://www.riss.kr/search/detail/DetailView.do?p_mat_type=1a0202e37d52c72d&control_no=5ede6e5a671838bf,,,,확인
ha-youngsun-1a25f4bf,ha-youngsun,하영선,하영선,,남북한 평화 개념의 분단사,,논문,,,,,ko,,https://www.riss.kr/search/detail/DetailView.do?p_mat_type=d7345961987b50bf&control_no=c28670494926edcdffe0bdc3ef48d419,,,,확인
ha-youngsun-614d162e-2,ha-youngsun,하영선,하영선,,냉전과 한국,,논문,,,,,ko,,https://www.riss.kr/search/detail/DetailView.do?p_mat_type=1a0202e37d52c72d&control_no=7f3639064067db91,,,,확인
ha-youngsun-79f35161,ha-youngsun,하영선,하영선,,네트워크 지식국가,,논문,,,,,ko,,https://www.riss.kr/search/detail/DetailView.do?p_mat_type=d7345961987b50bf&control_no=d7fac6328b31c051ffe0bdc3ef48d419,,,,확인
ha-youngsun-f2035640,ha-youngsun,하영선,하영선,,동아시아복합네트워크의 구축,,논문,,,,,ko,,,,,,확인
ha-youngsun-b8363edb,ha-youngsun,하영선,하영선,,동아연,,논문,,,,,ko,,https://www.eai.or.kr/press/press_01_view.php?no=10495,,,,확인
ha-youngsun-35bf610b,ha-youngsun,하영선,하영선,,미국의 지구조종과 동북아,,논문,,,,,ko,,,,,,확인
ha-youngsun-18ba5626,ha-youngsun,하영선,하영선,,변환의 세계정치와 한반도,,논문,,,,,ko,,https://www.riss.kr/search/detail/DetailView.do?p_mat_type=d7345961987b50bf&control_no=8b4d1c469e51e168ffe0bdc3ef48d419,,,,확인
ha-youngsun-ad4663a4,ha-youngsun,하영선,하영선,,복합네트워크세계정치학,,논문,,,,,ko,,https://www.riss.kr/search/detail/DetailView.do?p_mat_type=d7345961987b50bf&control_no=f5993f1e2d146a88ffe0bdc3ef48d419,,,,확인
ha-youngsun-9dffc703,ha-youngsun,하영선,하영선,,복합세계정치론 회고와 전망,,논문,,,,,ko,,https://www.riss.kr/search/detail/DetailView.do?p_mat_type=d7345961987b50bf&control_no=3f70f2143d1f3652ffe0bdc3ef48d419,,,,확인
ha-youngsun-fe5dbb47,ha-youngsun,하영선,하영선,,북한의 한국전쟁분석,,논문,,,,,ko,,https://www.riss.kr/search/detail/DetailView.do?p_mat_type=1a0202e37d52c72d&control_no=ff21de45a8362d0b,,,,확인
ha-youngsun-6dde182e,ha-youngsun,하영선,하영선,,북핵문제와 한반도평화(헌정회0711),,논문,,,,,ko,,,,,,확인
ha-youngsun-769ae61c,ha-youngsun,하영선,하영선,,사랑의 세계정치 0816,,논문,,,,,ko,,https://www.riss.kr/search/detail/DetailView.do?p_mat_type=d7345961987b50bf&control_no=efed0de27a8d931effe0bdc3ef48d419,,,,확인
ha-youngsun-8b8beb0b,ha-youngsun,하영선,하영선,,새로운 국제정치이론을 찾아서 - 세계질서,,논문,,,,,ko,,https://www.dbpia.co.kr/journal/articleDetail?nodeId=NODE01001777,,,,확인
ha-youngsun-20b3b524,ha-youngsun,하영선,하영선,,새로운 국제정치이론을 찾아서 전쟁연구,,논문,,,,,ko,,https://www.riss.kr/search/detail/DetailView.do?p_mat_type=1a0202e37d52c72d&control_no=94a526b9aceb5a50,,,,확인
ha-youngsun-d65d4a4f,ha-youngsun,하영선,하영선,,새로운 국제정치이론을 찾아서 평화연구,,논문,,,,,ko,,https://www.dbpia.co.kr/journal/articleDetail?nodeId=NODE00998722,,,,확인
ha-youngsun-e71fea90,ha-youngsun,하영선,하영선,,"서평 李昊宰 , 「핵의 세계와 한국핵정책」",,논문,,,,,ko,,https://www.dbpia.co.kr/journal/articleDetail?nodeId=NODE00998751,,,,확인
ha-youngsun-087efec8-3,ha-youngsun,하영선,하영선,,신세계 군사질서,,논문,,,,,ko,,https://www.dbpia.co.kr/journal/articleDetail?nodeId=NODE00107194,,,,확인
ha-youngsun-495a1e56,ha-youngsun,하영선,하영선,,아태 신질서 4 0과 신흥무대,,논문,,,,,ko,,,,,,확인
ha-youngsun-7368997d,ha-youngsun,하영선,하영선,,역사속의 젊은 그들,,논문,,,,,ko,,https://www.eai.or.kr/press/press_01_view.php?no=11471,,,,확인
ha-youngsun-72ba3f09,ha-youngsun,하영선,하영선,,이중섭과 피카소,,논문,,,,,ko,,,,,,확인
ha-youngsun-bcfca3ab,ha-youngsun,하영선,하영선,,클라우제비츠 미래전,,논문,,,,,ko,,,,,,확인
ha-youngsun-3ba9c623,ha-youngsun,하영선,하영선,,폭력외교연구,,논문,,,,,ko,,https://www.riss.kr/search/detail/DetailView.do?p_mat_type=1a0202e37d52c72d&control_no=7864f74e6ea096e6,,,,확인
ha-youngsun-f5ec0dad,ha-youngsun,하영선,하영선,,한국 외교사 바로보기 OK교0815,,논문,,,,,ko,,https://www.riss.kr/search/detail/DetailView.do?p_mat_type=d7345961987b50bf&control_no=e6eb65f5106b2046ffe0bdc3ef48d419,,,,확인
ha-youngsun-08d339a1,ha-youngsun,하영선,하영선,,한국사회과학의 새로운 방향모색,,논문,,,,,ko,,http://www.hayoungsun.net/panelView.asp?bytag=p&catcode=&code=ys_article&idx=62&id=article,,,,확인
ha-youngsun-660ee887,ha-youngsun,하영선,하영선,,한국외교 60년 평가와 과제,,논문,,,,,ko,,http://www.hayoungsun.net/panelView.asp?bytag=p&catcode=&code=ys_article&idx=63&id=article,,,,확인
ha-youngsun-ad9863fc,ha-youngsun,하영선,하영선,,한국외교정책 분석틀의 모색 국제정치논총,,논문,,,,,ko,,https://www.dbpia.co.kr/journal/articleDetail?nodeId=NODE00993605,,,,확인
ha-youngsun-c80caffe,ha-youngsun,하영선,하영선,,한국의 군사비,,논문,,,,,ko,,https://www.riss.kr/search/detail/DetailView.do?p_mat_type=1a0202e37d52c72d&control_no=f2768192ec020f62,,,,확인
ha-youngsun-de1de855,ha-youngsun,하영선,하영선,,한미군사관계의역사적 재검토,,논문,,,,,ko,,https://www.dbpia.co.kr/journal/articleDetail?nodeId=NODE00009098,,,,확인
ha-youngsun-2e4c1a9d,ha-youngsun,하영선,하영선,,한미복합동맹 제2회한미동맹컨퍼런스 200811,,논문,,,,,ko,,https://www.eai.or.kr/press/press_01_view.php?no=12856,,,,확인
noh-jaebong-ac5b5b8a,noh-jaebong,노재봉,노재봉,,敎授任用關係著述集 : 서울大學校,,저서,노재봉,서울大學校,,,ko,,https://www.riss.kr/search/detail/DetailView.do?p_mat_type=d7345961987b50bf&control_no=72a21225f789b078,,,,확인
noh-jaebong-7221f501,noh-jaebong,노재봉,노재봉,,전화속의 세계,,저서,노재봉,마당,,,ko,,https://www.riss.kr/search/detail/DetailView.do?p_mat_type=d7345961987b50bf&control_no=ead146528328ef49,,,,미정
ok-changjoon-02dbc1ae-3,ok-changjoon,옥창준,옥창준,,냉전기 북한의 상상 지리와 '평양 선언',,논문,통일과 평화,,12(1),5-45,ko,,https://s-space.snu.ac.kr/handle/10371/214754,,,,확인
